repositório,url,arquivo,file_exists,clone_error,k6-performance/no-heavy-init-context,k6-performance/no-heavy-init-context_loc,k6-performance/require-check,k6-performance/require-check_loc,k6-performance/require-tags,k6-performance/require-tags_loc,k6-performance/require-thresholds,k6-performance/require-thresholds_loc
HariSekhon/Templates,https://github.com/HariSekhon/Templates,k6.js,yes,,0,,1,49:1,0,,1,22:14
grafana/setup-k6-action,https://github.com/grafana/setup-k6-action,src/k6.ts,yes,,0,,0,,0,,0,
grafana/setup-k6-action,https://github.com/grafana/setup-k6-action,dev/protocol.js,yes,,0,,1,4:1,0,,0,
gzydong/go-chat,https://github.com/gzydong/go-chat,k6.js,yes,,0,,0,,0,,0,
hari-p8-io/RestVsGrpc,https://github.com/hari-p8-io/RestVsGrpc,k6-grpc.js,yes,,0,,0,,0,,1,7:12
hari-p8-io/RestVsGrpc,https://github.com/hari-p8-io/RestVsGrpc,k6-grpc-ramp.js,yes,,0,,0,,0,,0,
hari-p8-io/RestVsGrpc,https://github.com/hari-p8-io/RestVsGrpc,k6-rest-100tps.js,yes,,0,,0,,0,,0,
hari-p8-io/RestVsGrpc,https://github.com/hari-p8-io/RestVsGrpc,k6-rest-30tps.js,yes,,0,,0,,0,,0,
hari-p8-io/RestVsGrpc,https://github.com/hari-p8-io/RestVsGrpc,k6-rest-80tps.js,yes,,0,,0,,0,,0,
hari-p8-io/RestVsGrpc,https://github.com/hari-p8-io/RestVsGrpc,k6-grpc-10tps-rabbitmq.js,yes,,0,,0,,0,,0,
hari-p8-io/RestVsGrpc,https://github.com/hari-p8-io/RestVsGrpc,k6-grpc-30tps.js,yes,,0,,0,,0,,0,
hari-p8-io/RestVsGrpc,https://github.com/hari-p8-io/RestVsGrpc,k6-rest-100tps-rabbitmq.js,yes,,0,,0,,0,,0,
hari-p8-io/RestVsGrpc,https://github.com/hari-p8-io/RestVsGrpc,k6-rest-100tps-simple.js,yes,,0,,0,,0,,0,
hari-p8-io/RestVsGrpc,https://github.com/hari-p8-io/RestVsGrpc,k6-rest-steady.js,yes,,0,,0,,0,,0,
hari-p8-io/RestVsGrpc,https://github.com/hari-p8-io/RestVsGrpc,k6-grpc-fixed.js,yes,,0,,0,,0,,0,
hari-p8-io/RestVsGrpc,https://github.com/hari-p8-io/RestVsGrpc,k6-gcp-grpc-unary-100tps.js,yes,,0,,0,,0,,0,
hari-p8-io/RestVsGrpc,https://github.com/hari-p8-io/RestVsGrpc,k6-grpc-20tps.js,yes,,0,,0,,0,,0,
hari-p8-io/RestVsGrpc,https://github.com/hari-p8-io/RestVsGrpc,k6-grpc-100tps-rabbitmq.js,yes,,0,,0,,0,,0,
hari-p8-io/RestVsGrpc,https://github.com/hari-p8-io/RestVsGrpc,k6-grpc-20s.js,yes,,0,,0,,0,,0,
hari-p8-io/RestVsGrpc,https://github.com/hari-p8-io/RestVsGrpc,k6-gcp-rest-load.js,yes,,0,,0,,2,64:26; 87:26,0,
hari-p8-io/RestVsGrpc,https://github.com/hari-p8-io/RestVsGrpc,k6-grpc-simple.js,yes,,0,,0,,0,,0,
hari-p8-io/RestVsGrpc,https://github.com/hari-p8-io/RestVsGrpc,k6-rest-final.js,yes,,0,,0,,0,,0,
hari-p8-io/RestVsGrpc,https://github.com/hari-p8-io/RestVsGrpc,k6-grpc-cluster.js,yes,,0,,0,,0,,0,
hari-p8-io/RestVsGrpc,https://github.com/hari-p8-io/RestVsGrpc,k6-gcp-grpc-streaming-60tps.js,yes,,0,,0,,0,,0,
hari-p8-io/RestVsGrpc,https://github.com/hari-p8-io/RestVsGrpc,k6-gcp-grpc-streaming-20tps.js,yes,,0,,0,,0,,0,
hari-p8-io/RestVsGrpc,https://github.com/hari-p8-io/RestVsGrpc,k6-grpc-100tps-simple.js,yes,,0,,0,,0,,0,
hari-p8-io/RestVsGrpc,https://github.com/hari-p8-io/RestVsGrpc,k6-gcp-grpc-load.js,yes,,0,,0,,2,68:25; 98:29,0,
hari-p8-io/RestVsGrpc,https://github.com/hari-p8-io/RestVsGrpc,k6-gcp-grpc-unary-60tps.js,yes,,0,,0,,0,,0,
hari-p8-io/RestVsGrpc,https://github.com/hari-p8-io/RestVsGrpc,k6-client-grpc-streaming-load.js,yes,,0,,0,,0,,0,
hari-p8-io/RestVsGrpc,https://github.com/hari-p8-io/RestVsGrpc,k6-gcp-rest-100tps.js,yes,,0,,0,,0,,0,
hari-p8-io/RestVsGrpc,https://github.com/hari-p8-io/RestVsGrpc,k6-rest-20s.js,yes,,0,,0,,0,,1,4:12
hari-p8-io/RestVsGrpc,https://github.com/hari-p8-io/RestVsGrpc,k6-client-rest-load.js,yes,,0,,0,,0,,0,
hari-p8-io/RestVsGrpc,https://github.com/hari-p8-io/RestVsGrpc,k6-grpc-40tps.js,yes,,0,,0,,0,,0,
hari-p8-io/RestVsGrpc,https://github.com/hari-p8-io/RestVsGrpc,k6-rest-10tps-rabbitmq.js,yes,,0,,0,,0,,0,
hari-p8-io/RestVsGrpc,https://github.com/hari-p8-io/RestVsGrpc,k6-grpc-80tps.js,yes,,0,,0,,0,,0,
hari-p8-io/RestVsGrpc,https://github.com/hari-p8-io/RestVsGrpc,k6-client-grpc-unary-load.js,yes,,0,,0,,0,,0,
hari-p8-io/RestVsGrpc,https://github.com/hari-p8-io/RestVsGrpc,k6-gcp-rest-20tps.js,yes,,0,,0,,0,,0,
hari-p8-io/RestVsGrpc,https://github.com/hari-p8-io/RestVsGrpc,k6-rest-40tps.js,yes,,0,,0,,0,,0,
hari-p8-io/RestVsGrpc,https://github.com/hari-p8-io/RestVsGrpc,k6-gcp-grpc-unary-20tps.js,yes,,0,,0,,0,,0,
hari-p8-io/RestVsGrpc,https://github.com/hari-p8-io/RestVsGrpc,k6-grpc-steady.js,yes,,0,,0,,0,,0,
hari-p8-io/RestVsGrpc,https://github.com/hari-p8-io/RestVsGrpc,k6-grpc-100tps.js,yes,,0,,0,,0,,0,
hari-p8-io/RestVsGrpc,https://github.com/hari-p8-io/RestVsGrpc,k6-grpc-clean.js,yes,,0,,0,,0,,0,
hari-p8-io/RestVsGrpc,https://github.com/hari-p8-io/RestVsGrpc,k6-rest-cluster.js,yes,,0,,0,,0,,0,
hari-p8-io/RestVsGrpc,https://github.com/hari-p8-io/RestVsGrpc,k6-gcp-rest-60tps.js,yes,,0,,0,,0,,0,
hari-p8-io/RestVsGrpc,https://github.com/hari-p8-io/RestVsGrpc,k6-rest.js,yes,,0,,0,,0,,1,4:12
hari-p8-io/RestVsGrpc,https://github.com/hari-p8-io/RestVsGrpc,k6-rest-20tps.js,yes,,0,,0,,0,,0,
hari-p8-io/RestVsGrpc,https://github.com/hari-p8-io/RestVsGrpc,k6-rest-ramp.js,yes,,0,,0,,0,,0,
hari-p8-io/RestVsGrpc,https://github.com/hari-p8-io/RestVsGrpc,k6-gcp-grpc-streaming-100tps.js,yes,,0,,0,,0,,0,
hari-p8-io/RestVsGrpc,https://github.com/hari-p8-io/RestVsGrpc,k6-quick-test.js,yes,,0,,0,,0,,0,
hari-p8-io/RestVsGrpc,https://github.com/hari-p8-io/RestVsGrpc,grpc_test.js,yes,,0,,0,,0,,1,7:12
hari-p8-io/RestVsGrpc,https://github.com/hari-p8-io/RestVsGrpc,test-200tps-simple.js,yes,,0,,0,,0,,1,4:14
hari-p8-io/RestVsGrpc,https://github.com/hari-p8-io/RestVsGrpc,k6-gcp-load-test.js,yes,,0,,0,,0,,0,
hari-p8-io/RestVsGrpc,https://github.com/hari-p8-io/RestVsGrpc,rest_test.js,yes,,0,,0,,0,,1,4:12
grafana/k6-jslib-aws,https://github.com/grafana/k6-jslib-aws,build.mjs,yes,,0,,0,,0,,0,
CintyaAprilaFandini/PPL_KUIS-1,https://github.com/CintyaAprilaFandini/PPL_KUIS-1,k6/login.js,yes,,0,,1,12:1,0,,1,4:14
CintyaAprilaFandini/PPL_KUIS-1,https://github.com/CintyaAprilaFandini/PPL_KUIS-1,k6/Logout.js,yes,,0,,1,12:1,0,,1,4:14
CintyaAprilaFandini/PPL_KUIS-1,https://github.com/CintyaAprilaFandini/PPL_KUIS-1,k6/userList.js,yes,,0,,1,12:1,0,,1,4:14
avivasolutionsnl/Pensum-runner,https://github.com/avivasolutionsnl/Pensum-runner,example.js,yes,,0,,0,,0,,1,8:12
avivasolutionsnl/Pensum-runner,https://github.com/avivasolutionsnl/Pensum-runner,shared/k6-ext.js,yes,,0,,0,,1,30:15,0,
avivasolutionsnl/Pensum-runner,https://github.com/avivasolutionsnl/Pensum-runner,shared/think.js,yes,,0,,0,,0,,0,
AratKruglik/octane-tests,https://github.com/AratKruglik/octane-tests,k6/k6_2.js,yes,,0,,1,16:1,0,,1,4:12
DevPatri/MedicalFront,https://github.com/DevPatri/MedicalFront,testk6.js,yes,,0,,0,,0,,1,19:14
lgjsherond/TechHubDemo,https://github.com/lgjsherond/TechHubDemo,browser.js,yes,,0,,0,,0,,0,
lgjsherond/TechHubDemo,https://github.com/lgjsherond/TechHubDemo,browserAutomation.js,yes,,0,,0,,0,,0,
lgjsherond/TechHubDemo,https://github.com/lgjsherond/TechHubDemo,kuber.js,yes,,0,,0,,0,,0,
lgjsherond/TechHubDemo,https://github.com/lgjsherond/TechHubDemo,loadtest.js,yes,,0,,0,,0,,1,4:14
julien-jungo/k6-example,https://github.com/julien-jungo/k6-example,script.js,yes,,0,,0,,0,,0,
julien-jungo/k6-example,https://github.com/julien-jungo/k6-example,browser-script.js,yes,,0,,0,,0,,1,11:14
6-BARK/PhotoGallery,https://github.com/6-BARK/PhotoGallery,k6script.js,yes,,0,,1,28:1,0,,1,4:14
SilviuCristian45/proiect_tsac,https://github.com/SilviuCristian45/proiect_tsac,main.ts,yes,,0,,0,,0,,0,
unixisking/perf-benchmark,https://github.com/unixisking/perf-benchmark,k6-node.js,yes,,0,,0,,0,,1,22:14
unixisking/perf-benchmark,https://github.com/unixisking/perf-benchmark,k6-go.js,yes,,0,,0,,0,,1,22:14
unixisking/perf-benchmark,https://github.com/unixisking/perf-benchmark,k6-python.js,yes,,0,,0,,0,,1,22:14
JuanBaquero99/Performance_test_lab,https://github.com/JuanBaquero99/Performance_test_lab,soak.js,yes,,0,,1,21:1,0,,1,4:14
JuanBaquero99/Performance_test_lab,https://github.com/JuanBaquero99/Performance_test_lab,load.js,yes,,0,,1,29:1,0,,1,4:14
suryana-code/Performance-Test-With-K6,https://github.com/suryana-code/Performance-Test-With-K6,simple.js,yes,,0,,1,6:1,0,,0,
suryana-code/Performance-Test-With-K6,https://github.com/suryana-code/Performance-Test-With-K6,generate-html-report.js,yes,,0,,1,10:1,0,,1,5:14
suryana-code/Performance-Test-With-K6,https://github.com/suryana-code/Performance-Test-With-K6,Load Testing Types/stress-testing.js,yes,,0,,0,,1,23:22,1,11:14
suryana-code/Performance-Test-With-K6,https://github.com/suryana-code/Performance-Test-With-K6,Load Testing Types/smoke-testing.js,yes,,0,,0,,2,31:24; 42:24,1,7:14
suryana-code/Performance-Test-With-K6,https://github.com/suryana-code/Performance-Test-With-K6,withRumpVus.js,yes,,0,,0,,0,,1,5:14
suryana-code/Performance-Test-With-K6,https://github.com/suryana-code/Performance-Test-With-K6,withVus.js,yes,,0,,1,15:1,0,,0,
suryana-code/Performance-Test-With-K6,https://github.com/suryana-code/Performance-Test-With-K6,Test API K6/AUTH/logout.js,yes,,0,,0,,0,,1,7:14
suryana-code/Performance-Test-With-K6,https://github.com/suryana-code/Performance-Test-With-K6,Test API K6/AUTH/register.js,yes,,0,,0,,0,,1,15:14
suryana-code/Performance-Test-With-K6,https://github.com/suryana-code/Performance-Test-With-K6,Test API K6/AUTH/login.js,yes,,0,,0,,0,,1,8:14
suryana-code/Performance-Test-With-K6,https://github.com/suryana-code/Performance-Test-With-K6,Test API K6/AUTH/auth.js,yes,,0,,0,,0,,1,6:14
IgnacioRodriguez01/k6-stress-kit,https://github.com/IgnacioRodriguez01/k6-stress-kit,k6.js,yes,,0,,1,24:1,0,,1,10:14
LuisKpBeta/url-shortener,https://github.com/LuisKpBeta/url-shortener,load.js,yes,,0,,0,,0,,1,4:14
ramirobrandao/k6-perfomance,https://github.com/ramirobrandao/k6-perfomance,2.load.js,yes,,0,,0,,0,,0,
mesquitaa3/SkillUP,https://github.com/mesquitaa3/SkillUP,testar.js,yes,,0,,1,9:1,0,,1,4:14
Tour-KK/BE-CHONS,https://github.com/Tour-KK/BE-CHONS,script.js,yes,,0,,1,15:1,0,,1,4:14
LavanyaYeturi/Overall,https://github.com/LavanyaYeturi/Overall,performance_testing/k6/script.js,yes,,0,,1,7:1,0,,1,3:14
vfarcic/k6-demo,https://github.com/vfarcic/k6-demo,stages.js,yes,,0,,0,,1,20:17,1,4:14
RFP2310-Team-Moon/Q-A-Service,https://github.com/RFP2310-Team-Moon/Q-A-Service,script.js,yes,,0,,1,87:1,0,,1,4:14
rpp36-sdc-ip/Minwen-service,https://github.com/rpp36-sdc-ip/Minwen-service,script.js,yes,,0,,0,,2,49:3; 49:9,1,9:14
0BVer/stress-test,https://github.com/0BVer/stress-test,script.js,yes,,0,,1,4:1,0,,0,
dgzlopes/foobar-demo,https://github.com/dgzlopes/foobar-demo,example.js,yes,,0,,0,,0,,1,4:12
yosilia/ecommerce-full-site,https://github.com/yosilia/ecommerce-full-site,script.js,yes,,0,,0,,4,19:13; 23:9; 27:9; 35:9,0,
skursatToklucu/LoadProbe,https://github.com/skursatToklucu/LoadProbe,soak.js,yes,,0,,1,12:1,0,,0,
skursatToklucu/LoadProbe,https://github.com/skursatToklucu/LoadProbe,spike.js,yes,,0,,1,16:1,0,,0,
skursatToklucu/LoadProbe,https://github.com/skursatToklucu/LoadProbe,smoke.js,yes,,0,,1,12:1,0,,0,
skursatToklucu/LoadProbe,https://github.com/skursatToklucu/LoadProbe,stress.js,yes,,0,,1,16:1,0,,0,
AbnerSilvaBarbosa/Test_K6,https://github.com/AbnerSilvaBarbosa/Test_K6,8-env.js,yes,,0,,1,6:1,0,,0,
AbnerSilvaBarbosa/Test_K6,https://github.com/AbnerSilvaBarbosa/Test_K6,3-stages.js,yes,,0,,0,,0,,1,21:14
AbnerSilvaBarbosa/Test_K6,https://github.com/AbnerSilvaBarbosa/Test_K6,browser/script.js,yes,,0,,0,,0,,0,
AbnerSilvaBarbosa/Test_K6,https://github.com/AbnerSilvaBarbosa/Test_K6,6-threshold.js,yes,,0,,1,12:1,0,,0,
AbnerSilvaBarbosa/Test_K6,https://github.com/AbnerSilvaBarbosa/Test_K6,1-script.js,yes,,0,,1,9:1,0,,1,4:14
AbnerSilvaBarbosa/Test_K6,https://github.com/AbnerSilvaBarbosa/Test_K6,4-chek.js,yes,,0,,0,,0,,0,
AbnerSilvaBarbosa/Test_K6,https://github.com/AbnerSilvaBarbosa/Test_K6,5-mult_check.js,yes,,0,,0,,0,,0,
AbnerSilvaBarbosa/Test_K6,https://github.com/AbnerSilvaBarbosa/Test_K6,7-cookie.js,yes,,0,,0,,3,5:15; 15:15; 19:3,0,
AbnerSilvaBarbosa/Test_K6,https://github.com/AbnerSilvaBarbosa/Test_K6,grafana/script.js,yes,,0,,1,17:1,0,,1,4:14
jyasuu/terraform-demo,https://github.com/jyasuu/terraform-demo,hpa.js,yes,,0,,0,,0,,1,4:12
hghtwr/rest-simulator,https://github.com/hghtwr/rest-simulator,script.js,yes,,0,,1,58:1,4,59:3; 60:3; 61:3; 62:3,1,4:14
carloosbaquero/Cliente-TFM,https://github.com/carloosbaquero/Cliente-TFM,loadtest.js,yes,,0,,0,,0,,1,9:14
jorgeolive/ratelimiter-leakybucket,https://github.com/jorgeolive/ratelimiter-leakybucket,k6.js,yes,,0,,1,7:1,0,,1,3:14
JoanEsquivel/k6-demo,https://github.com/JoanEsquivel/k6-demo,smoke.js,yes,,0,,0,,3,46:20; 67:21; 69:3,0,
JoanEsquivel/k6-demo,https://github.com/JoanEsquivel/k6-demo,load.js,yes,,0,,0,,3,66:20; 87:21; 89:3,0,
JoanEsquivel/k6-demo,https://github.com/JoanEsquivel/k6-demo,introduction.js,yes,,0,,1,31:1,0,,0,
borgeskauan/stock-microservices,https://github.com/borgeskauan/stock-microservices,script.js,yes,,0,,0,,2,25:25; 52:20,1,8:12
navikt/amplitrude-proxy,https://github.com/navikt/amplitrude-proxy,loadtest.js,yes,,0,,0,,0,,1,4:14
jsimonassi/k6-Load-Testing,https://github.com/jsimonassi/k6-Load-Testing,index.js,yes,,0,,0,,15,73:13; 77:13; 81:13; 85:13; 89:13; 108:13; 112:13; 116:13; 120:13; 124:13; 144:13; 148:13; 152:13; 156:13; 160:13,1,45:16
danthegoodman1/EpicEpoch,https://github.com/danthegoodman1/EpicEpoch,k6-perf.js,yes,,0,,0,,0,,0,
danthegoodman1/EpicEpoch,https://github.com/danthegoodman1/EpicEpoch,k6-simple.js,yes,,0,,0,,0,,0,
cortezalberto/pruebaMar,https://github.com/cortezalberto/pruebaMar,script.js,yes,,0,,0,,0,,1,5:14
cortezalberto/pruebaMar,https://github.com/cortezalberto/pruebaMar,spike_testing.js,yes,,0,,0,,0,,1,5:14
cortezalberto/pruebaMar,https://github.com/cortezalberto/pruebaMar,stress_testing.js,yes,,0,,0,,0,,1,5:14
cortezalberto/pruebaMar,https://github.com/cortezalberto/pruebaMar,breakpoint_testing.js,yes,,0,,0,,0,,1,5:14
ranggaadithia/sora-load-test,https://github.com/ranggaadithia/sora-load-test,script.js,yes,,0,,0,,0,,1,23:12
ranggaadithia/sora-load-test,https://github.com/ranggaadithia/sora-load-test,sample.js,yes,,0,,0,,0,,1,4:14
mdcruz/k6-browser-demo,https://github.com/mdcruz/k6-browser-demo,demo.js,yes,,0,,0,,0,,0,
mdcruz/k6-browser-demo,https://github.com/mdcruz/k6-browser-demo,script.js,yes,,0,,0,,0,,1,5:14
Ajayan-NTP/hotelApp,https://github.com/Ajayan-NTP/hotelApp,loginout.js,yes,,0,,0,,4,21:15; 38:15; 45:20; 57:21,1,7:14
sunnynaik/k6_demo,https://github.com/sunnynaik/k6_demo,book.js,yes,,0,,0,,4,17:16; 33:5; 40:16; 94:5,0,
sunnynaik/k6_demo,https://github.com/sunnynaik/k6_demo,finddoctor.js,yes,,0,,0,,5,51:5; 78:5; 101:16; 114:16; 151:5,0,
sunnynaik/k6_demo,https://github.com/sunnynaik/k6_demo,parsejson.js,yes,,0,,0,,4,53:21; 68:20; 82:20; 96:20,0,
sunnynaik/k6_demo,https://github.com/sunnynaik/k6_demo,restapitest.js,yes,,0,,0,,4,45:21; 60:20; 74:20; 88:20,0,
sunnynaik/k6_demo,https://github.com/sunnynaik/k6_demo,location.js,yes,,0,,0,,2,43:5; 89:5,0,
sunnynaik/k6_demo,https://github.com/sunnynaik/k6_demo,searchapt.js,yes,,0,,0,,4,50:5; 54:16; 97:7; 134:7,0,
sunnynaik/k6_demo,https://github.com/sunnynaik/k6_demo,search.js,yes,,0,,0,,3,53:5; 57:16; 98:5,0,
marlo2222/curso-teste-performance-k6,https://github.com/marlo2222/curso-teste-performance-k6,modulo4_mão_na_massa/aula26.js,yes,,0,,0,,0,,0,
marlo2222/curso-teste-performance-k6,https://github.com/marlo2222/curso-teste-performance-k6,modulo3_conceitos_importantes/aula17.js,yes,,0,,0,,2,14:27; 22:27,0,
marlo2222/curso-teste-performance-k6,https://github.com/marlo2222/curso-teste-performance-k6,modulo3_conceitos_importantes/aula10.js,yes,,0,,0,,0,,1,8:14
marlo2222/curso-teste-performance-k6,https://github.com/marlo2222/curso-teste-performance-k6,modulo3_conceitos_importantes/aula21/constant-vus.js,yes,,0,,1,14:1,0,,1,4:14
marlo2222/curso-teste-performance-k6,https://github.com/marlo2222/curso-teste-performance-k6,modulo5_conteudo_adicional/aula35.js,yes,,0,,0,,0,,0,
marlo2222/curso-teste-performance-k6,https://github.com/marlo2222/curso-teste-performance-k6,modulo4_mão_na_massa/aula24.js,yes,,0,,0,,0,,0,
marlo2222/curso-teste-performance-k6,https://github.com/marlo2222/curso-teste-performance-k6,modulo3_conceitos_importantes/aula21/per-vu-iterations.js,yes,,0,,1,15:1,0,,1,4:14
marlo2222/curso-teste-performance-k6,https://github.com/marlo2222/curso-teste-performance-k6,modulo3_conceitos_importantes/aula18.js,yes,,0,,0,,0,,0,
marlo2222/curso-teste-performance-k6,https://github.com/marlo2222/curso-teste-performance-k6,modulo3_conceitos_importantes/aula19.js,yes,,0,,1,5:1,0,,0,
marlo2222/curso-teste-performance-k6,https://github.com/marlo2222/curso-teste-performance-k6,modulo4_mão_na_massa/aula27.js,yes,,0,,0,,0,,0,
marlo2222/curso-teste-performance-k6,https://github.com/marlo2222/curso-teste-performance-k6,modulo5_conteudo_adicional/aula36.js,yes,,0,,0,,0,,0,
marlo2222/curso-teste-performance-k6,https://github.com/marlo2222/curso-teste-performance-k6,modulo3_conceitos_importantes/aula15.js,yes,,0,,0,,0,,0,
marlo2222/curso-teste-performance-k6,https://github.com/marlo2222/curso-teste-performance-k6,modulo4_mão_na_massa/aula23.js,yes,,0,,0,,0,,0,
marlo2222/curso-teste-performance-k6,https://github.com/marlo2222/curso-teste-performance-k6,modulo5_conteudo_adicional/aula29.js,yes,,0,,0,,0,,0,
marlo2222/curso-teste-performance-k6,https://github.com/marlo2222/curso-teste-performance-k6,modulo4_mão_na_massa/aula25.js,yes,,0,,0,,0,,0,
marlo2222/curso-teste-performance-k6,https://github.com/marlo2222/curso-teste-performance-k6,modulo5_conteudo_adicional/aula31.js,yes,,0,,0,,0,,0,
marlo2222/curso-teste-performance-k6,https://github.com/marlo2222/curso-teste-performance-k6,modulo3_conceitos_importantes/aula13.js,yes,,0,,0,,0,,1,4:14
marlo2222/curso-teste-performance-k6,https://github.com/marlo2222/curso-teste-performance-k6,modulo3_conceitos_importantes/aula21/shared-iterations.js,yes,,0,,1,15:1,0,,1,4:14
marlo2222/curso-teste-performance-k6,https://github.com/marlo2222/curso-teste-performance-k6,modulo2_entendendo_os_tipos_de_testes_de_performance/aula8_breakpoint_test.js,yes,,0,,1,11:1,0,,1,4:14
marlo2222/curso-teste-performance-k6,https://github.com/marlo2222/curso-teste-performance-k6,modulo3_conceitos_importantes/aula12.js,yes,,0,,0,,0,,1,4:14
rayhanadri/go-myapi,https://github.com/rayhanadri/go-myapi,script.js,yes,,0,,0,,0,,1,4:12
whatslunch/brian-proxy,https://github.com/whatslunch/brian-proxy,script.js,yes,,0,,0,,0,,1,8:14
ArqSoftPractica/223987-235861-184019-back,https://github.com/ArqSoftPractica/223987-235861-184019-back,k6/k6.js,yes,,0,,0,,0,,1,6:14
adko99/loadtesting,https://github.com/adko99/loadtesting,task5.js,yes,,0,,0,,2,31:15; 41:31,1,7:12
adko99/loadtesting,https://github.com/adko99/loadtesting,task3.js,yes,,0,,0,,2,31:15; 41:31,1,10:12
adko99/loadtesting,https://github.com/adko99/loadtesting,task6.js,yes,,0,,0,,0,,1,8:12
adko99/loadtesting,https://github.com/adko99/loadtesting,task4.js,yes,,0,,0,,2,29:15; 43:27,1,4:12
adko99/loadtesting,https://github.com/adko99/loadtesting,task1.js,yes,,0,,0,,0,,1,4:12
adko99/loadtesting,https://github.com/adko99/loadtesting,task2.js,yes,,0,,0,,2,26:15; 36:31,1,4:12
danielnaranjo/node-docker-k6-benchmark,https://github.com/danielnaranjo/node-docker-k6-benchmark,script.js,yes,,0,,0,,0,,1,4:14
JoaoParazzi/k6-tests,https://github.com/JoaoParazzi/k6-tests,stress.js,yes,,0,,0,,0,,1,4:14
JoaoParazzi/k6-tests,https://github.com/JoaoParazzi/k6-tests,smoke.js,yes,,0,,0,,0,,0,
JoaoParazzi/k6-tests,https://github.com/JoaoParazzi/k6-tests,performance.js,yes,,0,,0,,0,,0,
JoaoParazzi/k6-tests,https://github.com/JoaoParazzi/k6-tests,helpers/auth.js,yes,,0,,0,,0,,0,
JoaoParazzi/k6-tests,https://github.com/JoaoParazzi/k6-tests,soak.js,yes,,0,,0,,0,,1,4:14
JoaoParazzi/k6-tests,https://github.com/JoaoParazzi/k6-tests,load.js,yes,,0,,0,,0,,1,4:14
JoaoParazzi/k6-tests,https://github.com/JoaoParazzi/k6-tests,utilizando_helper.js,yes,,0,,0,,0,,1,5:12
JoaoParazzi/k6-tests,https://github.com/JoaoParazzi/k6-tests,spike.js,yes,,0,,0,,0,,1,4:14
JoaoParazzi/k6-tests,https://github.com/JoaoParazzi/k6-tests,data_driven_test.js,yes,,0,,0,,0,,1,4:14
shiskr/k6-sample,https://github.com/shiskr/k6-sample,sample.js,yes,,0,,0,,0,,1,11:14
PBL-Dream-Team/HRIS,https://github.com/PBL-Dream-Team/HRIS,k6/login.js,yes,,0,,0,,0,,1,4:12
PBL-Dream-Team/HRIS,https://github.com/PBL-Dream-Team/HRIS,k6/get_employee.js,yes,,0,,0,,2,21:18; 42:21,1,4:12
feejunior/k6login,https://github.com/feejunior/k6login,k6token.js,yes,,0,,0,,0,,0,
feejunior/k6login,https://github.com/feejunior/k6login,k6login.js,yes,,0,,0,,2,15:20; 33:22,0,
hrr48-sdc08-pawdreyhepburn/reviews-component,https://github.com/hrr48-sdc08-pawdreyhepburn/reviews-component,script.js,yes,,0,,1,16:1,2,31:5; 33:5,1,3:12
JonathanGunawan30/golang-redis-jwt-session,https://github.com/JonathanGunawan30/golang-redis-jwt-session,script.js,yes,,0,,0,,0,,0,
m8/cpp_rest,https://github.com/m8/cpp_rest,bench.js,yes,,0,,0,,5,11:32; 12:33; 13:35; 14:38; 15:37,1,4:12
m8/cpp_rest,https://github.com/m8/cpp_rest,bench2.js,yes,,0,,0,,5,12:32; 13:33; 14:35; 15:38; 16:37,1,4:12
maxoliverbr/k6GithubActions,https://github.com/maxoliverbr/k6GithubActions,k6spike.js,yes,,0,,1,13:1,0,,1,4:14
paurosello/demoappskustomize,https://github.com/paurosello/demoappskustomize,script.js,yes,,0,,0,,2,75:5; 77:15,1,5:14
lucasjct/test-performance,https://github.com/lucasjct/test-performance,script.js,yes,,0,,0,,0,,0,
lucasjct/test-performance,https://github.com/lucasjct/test-performance,thresholds-all.js,yes,,0,,1,25:1,0,,0,
lucasjct/test-performance,https://github.com/lucasjct/test-performance,hybrid-test.js,yes,,0,,0,,0,,1,5:14
elistjames/seng533-project,https://github.com/elistjames/seng533-project,stress.js,yes,,0,,0,,0,,1,4:12
elistjames/seng533-project,https://github.com/elistjames/seng533-project,soak.js,yes,,0,,0,,0,,1,4:12
elistjames/seng533-project,https://github.com/elistjames/seng533-project,spike.js,yes,,0,,0,,0,,1,4:12
elistjames/seng533-project,https://github.com/elistjames/seng533-project,lambda_multi.js,yes,,0,,0,,0,,1,4:12
elistjames/seng533-project,https://github.com/elistjames/seng533-project,lambda_single.js,yes,,0,,0,,0,,1,4:12
CRiSTiK24/k6scripts,https://github.com/CRiSTiK24/k6scripts,script.js,yes,,0,,0,,4,19:25; 20:25; 23:30; 32:23,0,
WiktorSzymanski/travel-agency-tests,https://github.com/WiktorSzymanski/travel-agency-tests,script.js,yes,,0,,0,,5,12:18; 15:13; 57:17; 67:20; 79:20,1,6:14
Devcognitio/k6-example-tests,https://github.com/Devcognitio/k6-example-tests,script.js,yes,,0,,0,,3,31:22; 46:23; 47:5,0,
Devcognitio/k6-example-tests,https://github.com/Devcognitio/k6-example-tests,ejemploGrupos.js,yes,,0,,0,,2,13:9; 16:21,0,
Mohamed-Mostafa69/k6-scripts,https://github.com/Mohamed-Mostafa69/k6-scripts,k6/cv5.js,yes,,0,,1,24:1,0,,0,
Mohamed-Mostafa69/k6-scripts,https://github.com/Mohamed-Mostafa69/k6-scripts,k6/k6.js,yes,,0,,1,25:1,0,,0,
Mohamed-Mostafa69/k6-scripts,https://github.com/Mohamed-Mostafa69/k6-scripts,k6/k6-test.js,yes,,0,,1,24:1,0,,0,
shithead999/food_notification_app,https://github.com/shithead999/food_notification_app,script.js,yes,,0,,1,4:1,0,,0,
Junrapxng/k6-dashboard,https://github.com/Junrapxng/k6-dashboard,script.js,yes,,0,,1,19:1,0,,1,5:14
Augustus31/voicechess,https://github.com/Augustus31/voicechess,js/play.js,yes,,0,,0,,0,,0,
BehzadDara/URLShortener,https://github.com/BehzadDara/URLShortener,soak.js,yes,,0,,0,,0,,1,4:12
BehzadDara/URLShortener,https://github.com/BehzadDara/URLShortener,load.js,yes,,0,,0,,0,,1,4:12
BehzadDara/URLShortener,https://github.com/BehzadDara/URLShortener,stress.js,yes,,0,,0,,0,,1,4:12
BehzadDara/URLShortener,https://github.com/BehzadDara/URLShortener,spike.js,yes,,0,,0,,0,,1,4:12
raphaelkauan/test-web-k6,https://github.com/raphaelkauan/test-web-k6,signup.js,yes,,0,,0,,0,,0,
raphaelkauan/test-web-k6,https://github.com/raphaelkauan/test-web-k6,hello.js,yes,,0,,0,,0,,0,
raphaelkauan/test-web-k6,https://github.com/raphaelkauan/test-web-k6,signup-load.js,yes,,0,,0,,0,,0,
raphaelkauan/test-web-k6,https://github.com/raphaelkauan/test-web-k6,signup-smoke.js,yes,,0,,0,,0,,0,
raphaelkauan/test-web-k6,https://github.com/raphaelkauan/test-web-k6,signup-spike.js,yes,,0,,0,,0,,0,
Mathis428/CaaSpopup,https://github.com/Mathis428/CaaSpopup,code.gs,yes,,0,,0,,0,,0,
Shashwat7012/k6-Load-Testing,https://github.com/Shashwat7012/k6-Load-Testing,script1.js,yes,,0,,1,16:1,0,,0,
francobrotto/exp2506,https://github.com/francobrotto/exp2506,stresser.js,yes,,0,,0,,0,,1,5:12
grafana/xk6-output-example,https://github.com/grafana/xk6-output-example,script.js,yes,,0,,1,15:1,0,,1,4:12
grafana/xk6-output-example,https://github.com/grafana/xk6-output-example,test.js,yes,,0,,0,,0,,0,
HATAEMIN1/MHN_BACKEND,https://github.com/HATAEMIN1/MHN_BACKEND,script.js,yes,,0,,0,,0,,0,
HATAEMIN1/MHN_BACKEND,https://github.com/HATAEMIN1/MHN_BACKEND,test-data-generation-script.js,yes,,0,,0,,0,,0,
sjcodebook/prisma-vercel-deployment-example,https://github.com/sjcodebook/prisma-vercel-deployment-example,loadtest.js,yes,,0,,0,,5,31:22; 38:25; 52:25; 65:28; 77:25,1,11:12
Gaddy-Morty/calendar,https://github.com/Gaddy-Morty/calendar,k6script.js,yes,,0,,0,,0,,1,6:12
kay421/logs-metrics-traces,https://github.com/kay421/logs-metrics-traces,script.js,yes,,0,,1,33:1,2,34:3; 35:3,0,
mateusoliveiraps/k6_estudos,https://github.com/mateusoliveiraps/k6_estudos,k6-load.js,yes,,0,,0,,8,44:21; 62:23; 86:24; 103:25; 130:23; 149:27; 166:32; 229:27,1,15:14
mateusoliveiraps/k6_estudos,https://github.com/mateusoliveiraps/k6_estudos,k6.js,yes,,0,,0,,8,41:21; 59:23; 83:24; 100:25; 127:23; 146:27; 161:32; 224:27,1,15:14
mateusoliveiraps/k6_estudos,https://github.com/mateusoliveiraps/k6_estudos,k6-smoke.js,yes,,0,,0,,8,45:21; 63:23; 87:24; 104:25; 131:23; 150:27; 167:32; 230:27,0,
mateusoliveiraps/k6_estudos,https://github.com/mateusoliveiraps/k6_estudos,k6-stress.js,yes,,0,,0,,8,48:21; 66:23; 90:24; 107:25; 134:23; 153:27; 170:32; 233:27,1,15:14
TomLyneSC/load-testing-pdt,https://github.com/TomLyneSC/load-testing-pdt,loadtest.js,yes,,0,,0,,0,,0,
TomLyneSC/load-testing-pdt,https://github.com/TomLyneSC/load-testing-pdt,loadtest2.js,yes,,0,,0,,0,,0,
TomLyneSC/load-testing-pdt,https://github.com/TomLyneSC/load-testing-pdt,loadtests/soaktest.js,yes,,0,,0,,0,,0,
TomLyneSC/load-testing-pdt,https://github.com/TomLyneSC/load-testing-pdt,loadtests/spiketest.js,yes,,0,,0,,0,,0,
TomLyneSC/load-testing-pdt,https://github.com/TomLyneSC/load-testing-pdt,loadtests/loadtest.js,yes,,0,,0,,0,,0,
hoyirul/laravel9-starter-stisla,https://github.com/hoyirul/laravel9-starter-stisla,k6/main.js,yes,,0,,0,,2,22:20; 42:21,1,5:14
hoyirul/laravel9-starter-stisla,https://github.com/hoyirul/laravel9-starter-stisla,k6/userlist.js,yes,,0,,0,,0,,0,
hoyirul/laravel9-starter-stisla,https://github.com/hoyirul/laravel9-starter-stisla,k6/load.js,yes,,0,,0,,3,31:20; 39:25; 47:23,1,6:14
zawad08/K6-Tool-scripts,https://github.com/zawad08/K6-Tool-scripts,stress.js,yes,,0,,0,,0,,1,12:14
zawad08/K6-Tool-scripts,https://github.com/zawad08/K6-Tool-scripts,load.js,yes,,0,,0,,0,,0,
zawad08/K6-Tool-scripts,https://github.com/zawad08/K6-Tool-scripts,soak.js,yes,,0,,0,,0,,1,9:14
zawad08/K6-Tool-scripts,https://github.com/zawad08/K6-Tool-scripts,load(20_vus).js,yes,,0,,0,,0,,0,
zawad08/K6-Tool-scripts,https://github.com/zawad08/K6-Tool-scripts,Load(10_vus).js,yes,,0,,0,,0,,0,
rpp33-sdc-lily/qa-service,https://github.com/rpp33-sdc-lily/qa-service,scriptA.js,yes,,0,,0,,0,,1,4:14
rpp33-sdc-lily/qa-service,https://github.com/rpp33-sdc-lily/qa-service,scriptQ.js,yes,,0,,0,,0,,1,4:14
digitalemil/xk6-browser-scrtips,https://github.com/digitalemil/xk6-browser-scrtips,2.js,yes,,0,,0,,0,,0,
digitalemil/xk6-browser-scrtips,https://github.com/digitalemil/xk6-browser-scrtips,4.js,yes,,0,,0,,0,,0,
digitalemil/xk6-browser-scrtips,https://github.com/digitalemil/xk6-browser-scrtips,kittyshop.js,yes,,0,,0,,0,,0,
digitalemil/xk6-browser-scrtips,https://github.com/digitalemil/xk6-browser-scrtips,3.js,yes,,0,,0,,0,,0,
Great-Stone/vault-spring-boot-transit-demo,https://github.com/Great-Stone/vault-spring-boot-transit-demo,k6/main.js,yes,,0,,1,20:1,0,,1,7:12
agus-wesly/fc-order-service,https://github.com/agus-wesly/fc-order-service,k6.js,yes,,0,,0,,0,,1,4:14
come-nc/k6_nc_scripts,https://github.com/come-nc/k6_nc_scripts,webdav.js,yes,,0,,0,,3,19:20; 29:20; 39:20,1,6:12
come-nc/k6_nc_scripts,https://github.com/come-nc/k6_nc_scripts,basic.js,yes,,0,,0,,6,13:18; 17:14; 21:14; 26:14; 28:14; 44:14,1,6:12
tais-santos-silva/k6,https://github.com/tais-santos-silva/k6,aula6.js,yes,,0,,0,,2,14:27; 22:27,0,
tais-santos-silva/k6,https://github.com/tais-santos-silva/k6,aula13.js,yes,,0,,0,,0,,0,
fadhilara/k6_recipes,https://github.com/fadhilara/k6_recipes,load2.js,yes,,0,,0,,7,56:19; 69:19; 83:19; 97:19; 111:18; 117:18; 130:18,0,
fadhilara/k6_recipes,https://github.com/fadhilara/k6_recipes,load3.js,yes,,0,,0,,6,56:19; 69:19; 83:19; 97:19; 115:18; 128:18,0,
fadhilara/k6_recipes,https://github.com/fadhilara/k6_recipes,load1.js,yes,,0,,0,,6,51:19; 64:19; 78:19; 92:19; 110:18; 123:18,0,
CSSE6400/2024-P6-alw0ng,https://github.com/CSSE6400/2024-P6-alw0ng,k6.js,yes,,0,,0,,0,,1,4:14
marinalb/k6CoinMarket,https://github.com/marinalb/k6CoinMarket,k6.js,yes,,0,,0,,0,,1,6:14
elgopher/batch-example,https://github.com/elgopher/batch-example,script.js,yes,,0,,0,,0,,1,5:12
KU-Taverse/k6-tester,https://github.com/KU-Taverse/k6-tester,hello-k6.js,yes,,0,,1,15:1,0,,1,4:14
elrison/test-k6,https://github.com/elrison/test-k6,aula5.js,yes,,0,,0,,0,,1,4:14
elrison/test-k6,https://github.com/elrison/test-k6,carga2.js,yes,,0,,0,,0,,0,
elrison/test-k6,https://github.com/elrison/test-k6,aula8.js,yes,,0,,0,,2,14:27; 25:27,0,
elrison/test-k6,https://github.com/elrison/test-k6,aula1.js,yes,,0,,0,,0,,1,5:14
elrison/test-k6,https://github.com/elrison/test-k6,constant-arrival-rate.js,yes,,0,,1,17:1,0,,1,4:14
elrison/test-k6,https://github.com/elrison/test-k6,aula9.js,yes,,0,,1,5:1,0,,0,
elrison/test-k6,https://github.com/elrison/test-k6,constant-vus.js,yes,,0,,1,15:1,0,,1,4:14
elrison/test-k6,https://github.com/elrison/test-k6,shared-iteration.js,yes,,0,,1,16:1,0,,1,4:14
elrison/test-k6,https://github.com/elrison/test-k6,carga4.js,yes,,0,,0,,0,,0,
elrison/test-k6,https://github.com/elrison/test-k6,cloud1.js,yes,,0,,0,,0,,0,
elrison/test-k6,https://github.com/elrison/test-k6,aula7.js,yes,,0,,0,,0,,0,
elrison/test-k6,https://github.com/elrison/test-k6,carga3.js,yes,,0,,0,,0,,0,
elrison/test-k6,https://github.com/elrison/test-k6,per-vu-iterations.js,yes,,0,,1,16:1,0,,1,4:14
elrison/test-k6,https://github.com/elrison/test-k6,aula3.js,yes,,0,,0,,0,,1,4:14
elrison/test-k6,https://github.com/elrison/test-k6,carga1.js,yes,,0,,0,,0,,0,
elrison/test-k6,https://github.com/elrison/test-k6,test_aws1.js,yes,,0,,0,,0,,0,
elrison/test-k6,https://github.com/elrison/test-k6,aula1 copy.js,yes,,0,,0,,0,,1,5:14
elrison/test-k6,https://github.com/elrison/test-k6,enviroment.js,yes,,0,,1,5:1,0,,0,
khvalbotaihor/k6_14_05_2025,https://github.com/khvalbotaihor/k6_14_05_2025,abort.js,yes,,0,,1,10:1,0,,1,5:14
khvalbotaihor/k6_14_05_2025,https://github.com/khvalbotaihor/k6_14_05_2025,groups.js,yes,,0,,0,,4,19:24; 26:29; 30:32; 38:9,0,
khvalbotaihor/k6_14_05_2025,https://github.com/khvalbotaihor/k6_14_05_2025,scenarious.js,yes,,0,,0,,0,,0,
khvalbotaihor/k6_14_05_2025,https://github.com/khvalbotaihor/k6_14_05_2025,first-script.js,yes,,0,,1,28:1,0,,1,4:14
khvalbotaihor/k6_14_05_2025,https://github.com/khvalbotaihor/k6_14_05_2025,custom-tags.js,yes,,0,,0,,0,,0,
khvalbotaihor/k6_14_05_2025,https://github.com/khvalbotaihor/k6_14_05_2025,expected_response.js,yes,,0,,0,,4,19:24; 26:29; 30:32; 38:20,0,
khvalbotaihor/k6_14_05_2025,https://github.com/khvalbotaihor/k6_14_05_2025,custom-metrics.js,yes,,0,,1,19:1,2,20:15; 23:11,0,
khvalbotaihor/k6_14_05_2025,https://github.com/khvalbotaihor/k6_14_05_2025,lifecycle.js,yes,,0,,0,,0,,1,5:14
khvalbotaihor/k6_14_05_2025,https://github.com/khvalbotaihor/k6_14_05_2025,load-test.js,yes,,0,,1,33:1,3,34:5; 36:5; 38:5,1,4:14
khvalbotaihor/k6_14_05_2025,https://github.com/khvalbotaihor/k6_14_05_2025,soak-test.js,yes,,0,,1,12:1,3,13:5; 15:5; 17:5,1,4:14
khvalbotaihor/k6_14_05_2025,https://github.com/khvalbotaihor/k6_14_05_2025,smoke-test.js,yes,,0,,1,28:1,3,29:5; 31:5; 33:5,1,4:14
khvalbotaihor/k6_14_05_2025,https://github.com/khvalbotaihor/k6_14_05_2025,spike-test.js,yes,,0,,1,32:1,0,,1,4:14
khvalbotaihor/k6_14_05_2025,https://github.com/khvalbotaihor/k6_14_05_2025,brakepoint-test.js,yes,,0,,1,10:1,0,,1,4:14
aadi-1024/identikit-backend,https://github.com/aadi-1024/identikit-backend,script.js,yes,,0,,1,56:1,0,,1,4:14
frevar1975/Clases,https://github.com/frevar1975/Clases,UGRM/Docker-feb-2025/coleccionDockerfiles/bash-tools/templates/k6.js,yes,,0,,1,49:1,0,,1,22:14
frevar1975/Clases,https://github.com/frevar1975/Clases,UGRM/Docker-feb-2025/coleccionDockerfiles/bash-tools/templates/ansible-templates/bash-tools/templates/k6.js,yes,,0,,1,49:1,0,,1,22:14
HazemMourad/LoadTestingPHC,https://github.com/HazemMourad/LoadTestingPHC,script.js,yes,,0,,1,7:1,0,,1,3:14
vikky413/k6test,https://github.com/vikky413/k6test,AppointmentBook.js,yes,,0,,0,,4,17:16; 33:5; 40:16; 94:5,0,
vikky413/k6test,https://github.com/vikky413/k6test,finddoctor.js,yes,,0,,0,,5,51:5; 78:5; 101:16; 114:16; 151:5,0,
vikky413/k6test,https://github.com/vikky413/k6test,location.js,yes,,0,,0,,2,43:5; 89:5,0,
vikky413/k6test,https://github.com/vikky413/k6test,search.js,yes,,0,,0,,3,53:5; 57:16; 98:5,0,
vikky413/k6test,https://github.com/vikky413/k6test,SearchforAppointment.js,yes,,0,,0,,4,50:5; 54:16; 97:7; 134:7,0,
LUCASCNASC/k6-petstore,https://github.com/LUCASCNASC/k6-petstore,aulas/aula26.js,yes,,0,,0,,0,,0,
LUCASCNASC/k6-petstore,https://github.com/LUCASCNASC/k6-petstore,aulas/aula17.js,yes,,0,,0,,2,14:27; 22:27,0,
LUCASCNASC/k6-petstore,https://github.com/LUCASCNASC/k6-petstore,breakpoint/store/get_store_inventory.js,yes,,0,,1,13:1,0,,1,4:14
LUCASCNASC/k6-petstore,https://github.com/LUCASCNASC/k6-petstore,smoke/store/get_store_inventory.js,yes,,0,,0,,0,,1,4:14
LUCASCNASC/k6-petstore,https://github.com/LUCASCNASC/k6-petstore,load/user/post_user_createWithArray.js,yes,,0,,1,21:1,0,,1,4:14
LUCASCNASC/k6-petstore,https://github.com/LUCASCNASC/k6-petstore,breakpoint/pet/delete_pet_petId.js,yes,,0,,1,13:1,0,,1,4:14
LUCASCNASC/k6-petstore,https://github.com/LUCASCNASC/k6-petstore,smoke/store/get_store_order_orderId.js,yes,,0,,0,,0,,1,4:14
LUCASCNASC/k6-petstore,https://github.com/LUCASCNASC/k6-petstore,aulas/aula10.js,yes,,0,,0,,0,,1,8:14
LUCASCNASC/k6-petstore,https://github.com/LUCASCNASC/k6-petstore,spike/store/get_store_inventory.js,yes,,0,,1,21:1,0,,1,4:14
LUCASCNASC/k6-petstore,https://github.com/LUCASCNASC/k6-petstore,smoke/user/get_user_logout.js,yes,,0,,0,,0,,1,4:14
LUCASCNASC/k6-petstore,https://github.com/LUCASCNASC/k6-petstore,aulas/aula19.js,yes,,0,,1,5:1,0,,0,
LUCASCNASC/k6-petstore,https://github.com/LUCASCNASC/k6-petstore,spike/store/delete_store_order_orderId.js,yes,,0,,1,21:1,0,,1,4:14
LUCASCNASC/k6-petstore,https://github.com/LUCASCNASC/k6-petstore,stress/store/post_store_order.js,yes,,0,,1,21:1,0,,1,4:14
LUCASCNASC/k6-petstore,https://github.com/LUCASCNASC/k6-petstore,breakpoint/user/post_user.js,yes,,0,,1,13:1,0,,1,4:14
LUCASCNASC/k6-petstore,https://github.com/LUCASCNASC/k6-petstore,aulas/aula25.js,yes,,0,,0,,0,,0,
LUCASCNASC/k6-petstore,https://github.com/LUCASCNASC/k6-petstore,load/store/get_store_inventory.js,yes,,0,,1,21:1,0,,1,4:14
LUCASCNASC/k6-petstore,https://github.com/LUCASCNASC/k6-petstore,aulas/aula12.js,yes,,0,,0,,0,,1,4:14
LUCASCNASC/k6-petstore,https://github.com/LUCASCNASC/k6-petstore,stress/pet/put_pet.js,yes,,0,,1,21:1,0,,1,4:14
LUCASCNASC/k6-petstore,https://github.com/LUCASCNASC/k6-petstore,load/pet/post_pet_petId.js,yes,,0,,1,21:1,0,,1,4:14
LUCASCNASC/k6-petstore,https://github.com/LUCASCNASC/k6-petstore,spike/user/post_user.js,yes,,0,,1,21:1,0,,1,4:14
LUCASCNASC/k6-petstore,https://github.com/LUCASCNASC/k6-petstore,breakpoint/store/post_store_order.js,yes,,0,,1,13:1,0,,1,4:14
LUCASCNASC/k6-petstore,https://github.com/LUCASCNASC/k6-petstore,spike/user/post_user_createWithArray.js,yes,,0,,1,21:1,0,,1,4:14
LUCASCNASC/k6-petstore,https://github.com/LUCASCNASC/k6-petstore,load/pet/post_pet.js,yes,,0,,1,21:1,0,,1,4:14
LUCASCNASC/k6-petstore,https://github.com/LUCASCNASC/k6-petstore,load/store/delete_store_order_orderId.js,yes,,0,,1,21:1,0,,1,4:14
LUCASCNASC/k6-petstore,https://github.com/LUCASCNASC/k6-petstore,spike/pet/put_pet.js,yes,,0,,1,21:1,0,,1,4:14
LUCASCNASC/k6-petstore,https://github.com/LUCASCNASC/k6-petstore,breakpoint/pet/post_pet_petId.js,yes,,0,,1,13:1,0,,1,4:14
LUCASCNASC/k6-petstore,https://github.com/LUCASCNASC/k6-petstore,aulas/aula24.js,yes,,0,,0,,0,,0,
LUCASCNASC/k6-petstore,https://github.com/LUCASCNASC/k6-petstore,spike/pet/post_pet.js,yes,,0,,1,21:1,0,,1,4:14
LUCASCNASC/k6-petstore,https://github.com/LUCASCNASC/k6-petstore,stress/pet/post_pet.js,yes,,0,,1,21:1,0,,1,4:14
LUCASCNASC/k6-petstore,https://github.com/LUCASCNASC/k6-petstore,load/store/post_store_order.js,yes,,0,,1,21:1,0,,1,4:14
LUCASCNASC/k6-petstore,https://github.com/LUCASCNASC/k6-petstore,load/pet/put_pet.js,yes,,0,,1,21:1,0,,1,4:14
LUCASCNASC/k6-petstore,https://github.com/LUCASCNASC/k6-petstore,breakpoint/user/put_user_username.js,yes,,0,,1,13:1,0,,1,4:14
LUCASCNASC/k6-petstore,https://github.com/LUCASCNASC/k6-petstore,aulas/aula23.js,yes,,0,,0,,0,,0,
LUCASCNASC/k6-petstore,https://github.com/LUCASCNASC/k6-petstore,load/user/post_user.js,yes,,0,,1,21:1,0,,1,4:14
LUCASCNASC/k6-petstore,https://github.com/LUCASCNASC/k6-petstore,aulas/aula15.js,yes,,0,,0,,0,,0,
LUCASCNASC/k6-petstore,https://github.com/LUCASCNASC/k6-petstore,spike/pet/delete_pet_petId.js,yes,,0,,1,21:1,0,,1,4:14
LUCASCNASC/k6-petstore,https://github.com/LUCASCNASC/k6-petstore,spike/store/post_store_order.js,yes,,0,,1,21:1,0,,1,4:14
LUCASCNASC/k6-petstore,https://github.com/LUCASCNASC/k6-petstore,stress/user/get_user_login.js,yes,,0,,1,21:1,0,,1,4:14
LUCASCNASC/k6-petstore,https://github.com/LUCASCNASC/k6-petstore,spike/user/put_user_username.js,yes,,0,,1,21:1,0,,1,4:14
LUCASCNASC/k6-petstore,https://github.com/LUCASCNASC/k6-petstore,spike/user/post_user_createWhiteList.js,yes,,0,,1,21:1,0,,1,4:14
LUCASCNASC/k6-petstore,https://github.com/LUCASCNASC/k6-petstore,breakpoint/user/post_user_createWhiteList.js,yes,,0,,1,13:1,0,,1,4:14
LUCASCNASC/k6-petstore,https://github.com/LUCASCNASC/k6-petstore,stress/user/post_user_createWithArray.js,yes,,0,,1,21:1,0,,1,4:14
LUCASCNASC/k6-petstore,https://github.com/LUCASCNASC/k6-petstore,load/user/get_user_login.js,yes,,0,,1,21:1,0,,1,4:14
LUCASCNASC/k6-petstore,https://github.com/LUCASCNASC/k6-petstore,load/pet/delete_pet_petId.js,yes,,0,,1,21:1,0,,1,4:14
LUCASCNASC/k6-petstore,https://github.com/LUCASCNASC/k6-petstore,breakpoint/pet/get_pet_petId.js,yes,,0,,1,13:1,0,,1,4:14
LUCASCNASC/k6-petstore,https://github.com/LUCASCNASC/k6-petstore,stress/user/put_user_username.js,yes,,0,,1,21:1,0,,1,4:14
LUCASCNASC/k6-petstore,https://github.com/LUCASCNASC/k6-petstore,stress/pet/get_pet_findByStatus.js,yes,,0,,1,21:1,0,,1,4:14
LUCASCNASC/k6-petstore,https://github.com/LUCASCNASC/k6-petstore,breakpoint/user/get_user_username.js,yes,,0,,1,13:1,0,,1,4:14
LUCASCNASC/k6-petstore,https://github.com/LUCASCNASC/k6-petstore,breakpoint/user/delete_user_username.js,yes,,0,,1,13:1,0,,1,4:14
LUCASCNASC/k6-petstore,https://github.com/LUCASCNASC/k6-petstore,stress/pet/post_pet_petId_uploadImage.js,yes,,0,,1,21:1,0,,1,4:14
LUCASCNASC/k6-petstore,https://github.com/LUCASCNASC/k6-petstore,breakpoint/store/get_store_order_orderId.js,yes,,0,,1,13:1,0,,1,4:14
LUCASCNASC/k6-petstore,https://github.com/LUCASCNASC/k6-petstore,stress/store/get_store_inventory.js,yes,,0,,1,21:1,0,,1,4:14
LUCASCNASC/k6-petstore,https://github.com/LUCASCNASC/k6-petstore,smoke/pet/get_pet_petId.js,yes,,0,,0,,0,,1,4:14
LUCASCNASC/k6-petstore,https://github.com/LUCASCNASC/k6-petstore,smoke/pet/delete_pet_petId.js,yes,,0,,0,,0,,1,4:14
LUCASCNASC/k6-petstore,https://github.com/LUCASCNASC/k6-petstore,smoke/user/put_user_username.js,yes,,0,,0,,0,,1,4:14
LUCASCNASC/k6-petstore,https://github.com/LUCASCNASC/k6-petstore,smoke/store/delete_store_order_orderId.js,yes,,0,,0,,0,,1,4:14
LUCASCNASC/k6-petstore,https://github.com/LUCASCNASC/k6-petstore,load/pet/get_pet_petId.js,yes,,0,,1,21:1,0,,1,4:14
LUCASCNASC/k6-petstore,https://github.com/LUCASCNASC/k6-petstore,spike/user/get_user_login.js,yes,,0,,1,21:1,0,,1,4:14
LUCASCNASC/k6-petstore,https://github.com/LUCASCNASC/k6-petstore,load/user/get_user_username.js,yes,,0,,1,21:1,0,,1,4:14
LUCASCNASC/k6-petstore,https://github.com/LUCASCNASC/k6-petstore,spike/user/get_user_username.js,yes,,0,,1,21:1,0,,1,4:14
LUCASCNASC/k6-petstore,https://github.com/LUCASCNASC/k6-petstore,spike/user/delete_user_username.js,yes,,0,,1,21:1,0,,1,4:14
LUCASCNASC/k6-petstore,https://github.com/LUCASCNASC/k6-petstore,stress/user/delete_user_username.js,yes,,0,,1,21:1,0,,1,4:14
LUCASCNASC/k6-petstore,https://github.com/LUCASCNASC/k6-petstore,load/pet/post_pet_petId_uploadImage.js,yes,,0,,1,21:1,0,,1,4:14
LUCASCNASC/k6-petstore,https://github.com/LUCASCNASC/k6-petstore,smoke/pet/post_pet_petId_uploadImage.js,yes,,0,,0,,0,,1,4:14
LUCASCNASC/k6-petstore,https://github.com/LUCASCNASC/k6-petstore,smoke/user/post_user_createWhiteList.js,yes,,0,,0,,0,,1,4:14
LUCASCNASC/k6-petstore,https://github.com/LUCASCNASC/k6-petstore,spike/pet/post_pet_petId.js,yes,,0,,1,21:1,0,,1,4:14
LUCASCNASC/k6-petstore,https://github.com/LUCASCNASC/k6-petstore,stress/user/post_user_createWhiteList.js,yes,,0,,1,21:1,0,,1,4:14
LUCASCNASC/k6-petstore,https://github.com/LUCASCNASC/k6-petstore,smoke/user/delete_user_username.js,yes,,0,,0,,0,,1,4:14
LUCASCNASC/k6-petstore,https://github.com/LUCASCNASC/k6-petstore,aulas/aula18.js,yes,,0,,0,,0,,0,
LUCASCNASC/k6-petstore,https://github.com/LUCASCNASC/k6-petstore,spike/pet/get_pet_petId.js,yes,,0,,1,21:1,0,,1,4:14
LUCASCNASC/k6-petstore,https://github.com/LUCASCNASC/k6-petstore,stress/pet/get_pet_petId.js,yes,,0,,1,21:1,0,,1,4:14
LUCASCNASC/k6-petstore,https://github.com/LUCASCNASC/k6-petstore,smoke/user/get_user_login.js,yes,,0,,0,,0,,1,4:14
LUCASCNASC/k6-petstore,https://github.com/LUCASCNASC/k6-petstore,stress/pet/delete_pet_petId.js,yes,,0,,1,21:1,0,,1,4:14
LUCASCNASC/k6-petstore,https://github.com/LUCASCNASC/k6-petstore,load/user/put_user_username.js,yes,,0,,1,21:1,0,,1,4:14
LUCASCNASC/k6-petstore,https://github.com/LUCASCNASC/k6-petstore,smoke/user/get_user_username.js,yes,,0,,0,,0,,1,4:14
LUCASCNASC/k6-petstore,https://github.com/LUCASCNASC/k6-petstore,load/pet/get_pet_findByStatus.js,yes,,0,,1,21:1,0,,1,4:14
LUCASCNASC/k6-petstore,https://github.com/LUCASCNASC/k6-petstore,load/user/delete_user_username.js,yes,,0,,1,21:1,0,,1,4:14
LUCASCNASC/k6-petstore,https://github.com/LUCASCNASC/k6-petstore,breakpoint/user/get_user_login.js,yes,,0,,1,13:1,0,,1,4:14
LUCASCNASC/k6-petstore,https://github.com/LUCASCNASC/k6-petstore,spike/pet/get_pet_findByStatus.js,yes,,0,,1,21:1,0,,1,4:14
LUCASCNASC/k6-petstore,https://github.com/LUCASCNASC/k6-petstore,load/store/get_store_order_orderId.js,yes,,0,,1,21:1,0,,1,4:14
LUCASCNASC/k6-petstore,https://github.com/LUCASCNASC/k6-petstore,breakpoint/pet/put_pet.js,yes,,0,,1,13:1,0,,1,4:14
LUCASCNASC/k6-petstore,https://github.com/LUCASCNASC/k6-petstore,load/user/post_user_createWhiteList.js,yes,,0,,1,21:1,0,,1,4:14
LUCASCNASC/k6-petstore,https://github.com/LUCASCNASC/k6-petstore,breakpoint/pet/get_pet_findByStatus.js,yes,,0,,1,13:1,0,,1,4:14
LUCASCNASC/k6-petstore,https://github.com/LUCASCNASC/k6-petstore,spike/store/get_store_order_orderId.js,yes,,0,,1,21:1,0,,1,4:14
LUCASCNASC/k6-petstore,https://github.com/LUCASCNASC/k6-petstore,breakpoint/pet/post_pet.js,yes,,0,,1,13:1,0,,1,4:14
LUCASCNASC/k6-petstore,https://github.com/LUCASCNASC/k6-petstore,spike/pet/post_pet_petId_uploadImage.js,yes,,0,,1,21:1,0,,1,4:14
LUCASCNASC/k6-petstore,https://github.com/LUCASCNASC/k6-petstore,stress/store/get_store_order_orderId.js,yes,,0,,1,21:1,0,,1,4:14
LUCASCNASC/k6-petstore,https://github.com/LUCASCNASC/k6-petstore,smoke/pet/post_pet_petId.js,yes,,0,,0,,0,,1,4:14
LUCASCNASC/k6-petstore,https://github.com/LUCASCNASC/k6-petstore,stress/pet/post_pet_petId.js,yes,,0,,1,21:1,0,,1,4:14
LUCASCNASC/k6-petstore,https://github.com/LUCASCNASC/k6-petstore,breakpoint/pet/post_pet_petId_uploadImage.js,yes,,0,,1,13:1,0,,1,4:14
LUCASCNASC/k6-petstore,https://github.com/LUCASCNASC/k6-petstore,breakpoint/user/get_user_logout.js,yes,,0,,1,13:1,0,,1,4:14
LUCASCNASC/k6-petstore,https://github.com/LUCASCNASC/k6-petstore,breakpoint/store/delete_store_order_orderId.js,yes,,0,,1,13:1,0,,1,4:14
LUCASCNASC/k6-petstore,https://github.com/LUCASCNASC/k6-petstore,smoke/pet/put_pet.js,yes,,0,,0,,0,,1,4:14
LUCASCNASC/k6-petstore,https://github.com/LUCASCNASC/k6-petstore,stress/user/get_user_username.js,yes,,0,,1,21:1,0,,1,4:14
LUCASCNASC/k6-petstore,https://github.com/LUCASCNASC/k6-petstore,smoke/pet/get_pet_findByStatus.js,yes,,0,,0,,0,,1,4:14
LUCASCNASC/k6-petstore,https://github.com/LUCASCNASC/k6-petstore,smoke/pet/post_pet.js,yes,,0,,0,,0,,1,4:14
LUCASCNASC/k6-petstore,https://github.com/LUCASCNASC/k6-petstore,smoke/store/post_store_order.js,yes,,0,,0,,0,,1,4:14
LUCASCNASC/k6-petstore,https://github.com/LUCASCNASC/k6-petstore,stress/store/delete_store_order_orderId.js,yes,,0,,1,21:1,0,,1,4:14
LUCASCNASC/k6-petstore,https://github.com/LUCASCNASC/k6-petstore,spike/user/get_user_logout.js,yes,,0,,1,21:1,0,,1,4:14
LUCASCNASC/k6-petstore,https://github.com/LUCASCNASC/k6-petstore,breakpoint/user/post_user_createWithArray.js,yes,,0,,1,13:1,0,,1,4:14
LUCASCNASC/k6-petstore,https://github.com/LUCASCNASC/k6-petstore,smoke/user/post_user.js,yes,,0,,0,,0,,1,4:14
LUCASCNASC/k6-petstore,https://github.com/LUCASCNASC/k6-petstore,load/user/get_user_logout.js,yes,,0,,1,21:1,0,,1,4:14
LUCASCNASC/k6-petstore,https://github.com/LUCASCNASC/k6-petstore,smoke/user/post_user_createWithArray.js,yes,,0,,0,,0,,1,4:14
LUCASCNASC/k6-petstore,https://github.com/LUCASCNASC/k6-petstore,stress/user/get_user_logout.js,yes,,0,,1,21:1,0,,1,4:14
LUCASCNASC/k6-petstore,https://github.com/LUCASCNASC/k6-petstore,stress/user/post_user.js,yes,,0,,1,21:1,0,,1,4:14
thiagoluzia/CursoK6.,https://github.com/thiagoluzia/CursoK6.,modulo4_mão_na_massa/aula26.js,yes,,0,,0,,0,,0,
thiagoluzia/CursoK6.,https://github.com/thiagoluzia/CursoK6.,modulo3_conceitos_importantes/aula17.js,yes,,0,,0,,2,14:27; 22:27,0,
thiagoluzia/CursoK6.,https://github.com/thiagoluzia/CursoK6.,modulo3_conceitos_importantes/aula10.js,yes,,0,,0,,0,,1,8:14
thiagoluzia/CursoK6.,https://github.com/thiagoluzia/CursoK6.,modulo3_conceitos_importantes/aula21/constant-vus.js,yes,,0,,1,14:1,0,,1,4:14
thiagoluzia/CursoK6.,https://github.com/thiagoluzia/CursoK6.,modulo5_conteudo_adicional/aula35.js,yes,,0,,0,,0,,0,
thiagoluzia/CursoK6.,https://github.com/thiagoluzia/CursoK6.,modulo4_mão_na_massa/aula24.js,yes,,0,,0,,0,,0,
thiagoluzia/CursoK6.,https://github.com/thiagoluzia/CursoK6.,modulo3_conceitos_importantes/aula21/per-vu-iterations.js,yes,,0,,1,15:1,0,,1,4:14
thiagoluzia/CursoK6.,https://github.com/thiagoluzia/CursoK6.,modulo3_conceitos_importantes/aula18.js,yes,,0,,0,,0,,0,
thiagoluzia/CursoK6.,https://github.com/thiagoluzia/CursoK6.,modulo3_conceitos_importantes/aula19.js,yes,,0,,1,5:1,0,,0,
thiagoluzia/CursoK6.,https://github.com/thiagoluzia/CursoK6.,modulo4_mão_na_massa/aula27.js,yes,,0,,0,,0,,0,
thiagoluzia/CursoK6.,https://github.com/thiagoluzia/CursoK6.,modulo5_conteudo_adicional/aula36.js,yes,,0,,0,,0,,0,
thiagoluzia/CursoK6.,https://github.com/thiagoluzia/CursoK6.,modulo3_conceitos_importantes/aula15.js,yes,,0,,0,,0,,0,
thiagoluzia/CursoK6.,https://github.com/thiagoluzia/CursoK6.,modulo4_mão_na_massa/aula23.js,yes,,0,,0,,0,,0,
thiagoluzia/CursoK6.,https://github.com/thiagoluzia/CursoK6.,modulo5_conteudo_adicional/aula29.js,yes,,0,,0,,0,,0,
thiagoluzia/CursoK6.,https://github.com/thiagoluzia/CursoK6.,modulo4_mão_na_massa/aula25.js,yes,,0,,0,,0,,0,
thiagoluzia/CursoK6.,https://github.com/thiagoluzia/CursoK6.,modulo5_conteudo_adicional/aula31.js,yes,,0,,0,,0,,0,
thiagoluzia/CursoK6.,https://github.com/thiagoluzia/CursoK6.,modulo3_conceitos_importantes/aula13.js,yes,,0,,0,,0,,1,4:14
thiagoluzia/CursoK6.,https://github.com/thiagoluzia/CursoK6.,modulo3_conceitos_importantes/aula21/shared-iterations.js,yes,,0,,1,15:1,0,,1,4:14
thiagoluzia/CursoK6.,https://github.com/thiagoluzia/CursoK6.,modulo2_entendendo_os_tipos_de_testes_de_performance/aula8_breakpoint_test.js,yes,,0,,1,11:1,0,,1,4:14
thiagoluzia/CursoK6.,https://github.com/thiagoluzia/CursoK6.,modulo3_conceitos_importantes/aula12.js,yes,,0,,0,,0,,1,4:14
tonnarruda/k6_performanceTesting,https://github.com/tonnarruda/k6_performanceTesting,modulo4_mão_na_massa/aula26.js,yes,,0,,0,,0,,0,
tonnarruda/k6_performanceTesting,https://github.com/tonnarruda/k6_performanceTesting,modulo3_conceitos_importantes/aula17.js,yes,,0,,0,,2,14:27; 22:27,0,
tonnarruda/k6_performanceTesting,https://github.com/tonnarruda/k6_performanceTesting,modulo3_conceitos_importantes/aula10.js,yes,,0,,0,,0,,1,8:14
tonnarruda/k6_performanceTesting,https://github.com/tonnarruda/k6_performanceTesting,modulo3_conceitos_importantes/aula21/constant-vus.js,yes,,0,,1,14:1,0,,1,4:14
tonnarruda/k6_performanceTesting,https://github.com/tonnarruda/k6_performanceTesting,modulo5_conteudo_adicional/aula35.js,yes,,0,,0,,0,,0,
tonnarruda/k6_performanceTesting,https://github.com/tonnarruda/k6_performanceTesting,modulo4_mão_na_massa/aula24.js,yes,,0,,0,,0,,0,
tonnarruda/k6_performanceTesting,https://github.com/tonnarruda/k6_performanceTesting,modulo3_conceitos_importantes/aula21/per-vu-iterations.js,yes,,0,,1,15:1,0,,1,4:14
tonnarruda/k6_performanceTesting,https://github.com/tonnarruda/k6_performanceTesting,modulo3_conceitos_importantes/aula18.js,yes,,0,,0,,0,,0,
tonnarruda/k6_performanceTesting,https://github.com/tonnarruda/k6_performanceTesting,modulo3_conceitos_importantes/aula19.js,yes,,0,,1,5:1,0,,0,
tonnarruda/k6_performanceTesting,https://github.com/tonnarruda/k6_performanceTesting,modulo4_mão_na_massa/aula27.js,yes,,0,,0,,0,,0,
tonnarruda/k6_performanceTesting,https://github.com/tonnarruda/k6_performanceTesting,modulo5_conteudo_adicional/aula36.js,yes,,0,,0,,0,,0,
tonnarruda/k6_performanceTesting,https://github.com/tonnarruda/k6_performanceTesting,modulo3_conceitos_importantes/aula15.js,yes,,0,,0,,0,,0,
tonnarruda/k6_performanceTesting,https://github.com/tonnarruda/k6_performanceTesting,modulo4_mão_na_massa/aula23.js,yes,,0,,0,,0,,0,
tonnarruda/k6_performanceTesting,https://github.com/tonnarruda/k6_performanceTesting,modulo5_conteudo_adicional/aula29.js,yes,,0,,0,,0,,0,
tonnarruda/k6_performanceTesting,https://github.com/tonnarruda/k6_performanceTesting,modulo4_mão_na_massa/aula25.js,yes,,0,,0,,0,,0,
tonnarruda/k6_performanceTesting,https://github.com/tonnarruda/k6_performanceTesting,modulo5_conteudo_adicional/aula31.js,yes,,0,,0,,0,,0,
tonnarruda/k6_performanceTesting,https://github.com/tonnarruda/k6_performanceTesting,modulo3_conceitos_importantes/aula13.js,yes,,0,,0,,0,,1,4:14
tonnarruda/k6_performanceTesting,https://github.com/tonnarruda/k6_performanceTesting,modulo3_conceitos_importantes/aula21/shared-iterations.js,yes,,0,,1,15:1,0,,1,4:14
tonnarruda/k6_performanceTesting,https://github.com/tonnarruda/k6_performanceTesting,modulo2_entendendo_os_tipos_de_testes_de_performance/aula8_breakpoint_test.js,yes,,0,,1,11:1,0,,1,4:14
tonnarruda/k6_performanceTesting,https://github.com/tonnarruda/k6_performanceTesting,modulo3_conceitos_importantes/aula12.js,yes,,0,,0,,0,,1,4:14
ArqSoftPractica/223987-235861-184019-back-obli2,https://github.com/ArqSoftPractica/223987-235861-184019-back-obli2,k6/k6.js,yes,,0,,0,,0,,1,6:14
ArqSoftPractica/223987-235861-184019-back-obli2,https://github.com/ArqSoftPractica/223987-235861-184019-back-obli2,k6/k6-top-sales.js,yes,,0,,0,,0,,1,7:14
ArqSoftPractica/223987-235861-184019-back-obli2,https://github.com/ArqSoftPractica/223987-235861-184019-back-obli2,k6/k6-provider-purchases.js,yes,,0,,0,,0,,1,7:14
ArqSoftPractica/223987-235861-184019-back-obli2,https://github.com/ArqSoftPractica/223987-235861-184019-back-obli2,k6/k6-top-sales-test-user.js,yes,,0,,0,,0,,1,7:14
ArqSoftPractica/223987-235861-184019-back-obli2,https://github.com/ArqSoftPractica/223987-235861-184019-back-obli2,k6/k6-provider-purchases-test-user.js,yes,,0,,0,,0,,1,7:14
Augustus31/Augustus31.github.io,https://github.com/Augustus31/Augustus31.github.io,chess/js/play.js,yes,,0,,0,,0,,0,
ardatan/feTS,https://github.com/ardatan/feTS,benchmark/k6.js,yes,,0,,0,,0,,0,
supabase/benchmarks,https://github.com/supabase/benchmarks,examples/supavisor/single-insert/k6/load.js,yes,,0,,0,,0,,1,36:14
supabase/benchmarks,https://github.com/supabase/benchmarks,examples/postgrest/rpc-insert/terraform/k6/load.js,yes,,0,,1,51:1,1,70:19,1,35:14
supabase/benchmarks,https://github.com/supabase/benchmarks,examples/supavisor/simple-select/k6/load.js,yes,,1,45:29,0,,0,,1,35:14
supabase/benchmarks,https://github.com/supabase/benchmarks,examples/postgrest/pgbench/k6/load.js,yes,,0,,1,157:1,5,174:17; 187:13; 204:13; 222:13; 244:13,1,42:14
supabase/benchmarks,https://github.com/supabase/benchmarks,examples/realtime/200k/terraform/k6/subs.js,yes,,0,,0,,3,123:9; 144:7; 160:3,1,28:14
supabase/benchmarks,https://github.com/supabase/benchmarks,examples/realtime/replication/terraform/k6/loader.js,yes,,0,,0,,0,,1,32:14
supabase/benchmarks,https://github.com/supabase/benchmarks,examples/realtime/replication/terraform/k6/subs.js,yes,,0,,0,,3,126:9; 147:7; 163:3,1,28:14
supabase/benchmarks,https://github.com/supabase/benchmarks,examples/realtime/200k/terraform/k6/loader.js,yes,,0,,0,,0,,1,39:14
supabase/benchmarks,https://github.com/supabase/benchmarks,examples/storage/download/terraform/k6/load.js,yes,,0,,0,,0,,1,29:14
supabase/benchmarks,https://github.com/supabase/benchmarks,examples/realtime/filters/subs.js,yes,,0,,0,,3,126:9; 147:7; 163:3,1,28:14
supabase/benchmarks,https://github.com/supabase/benchmarks,examples/dashboard/e2e/k6/loader.js,yes,,0,,0,,0,,1,29:14
supabase/benchmarks,https://github.com/supabase/benchmarks,examples/realtime/rls/terraform/k6/subs.js,yes,,0,,0,,5,142:9; 163:7; 179:3; 184:20; 199:3,1,38:14
supabase/benchmarks,https://github.com/supabase/benchmarks,examples/postgres/row-update/terraform/k6/load.js,yes,,0,,0,,0,,1,36:14
supabase/benchmarks,https://github.com/supabase/benchmarks,examples/realtime/filters/loader.js,yes,,0,,0,,0,,1,33:14
supabase/benchmarks,https://github.com/supabase/benchmarks,examples/postgres/single-insert/terraform/k6/load.js,yes,,0,,0,,0,,1,36:14
supabase/benchmarks,https://github.com/supabase/benchmarks,examples/realtime/rls/terraform/k6/loader.js,yes,,0,,0,,0,,1,39:14
supabase/benchmarks,https://github.com/supabase/benchmarks,examples/template/k6/load.js,yes,,0,,1,45:1,0,,1,35:14
supabase/benchmarks,https://github.com/supabase/benchmarks,examples/storage/image-resize/terraform/k6/load.js,yes,,0,,0,,6,72:15; 166:23; 168:7; 185:21; 203:20; 218:3,1,50:14
supabase/benchmarks,https://github.com/supabase/benchmarks,examples/storage/upload-multipart/load.js,yes,,1,38:17,0,,4,60:21; 85:25; 103:30; 128:21,1,29:14
supabase/benchmarks,https://github.com/supabase/benchmarks,examples/postgrest/row-update/terraform/k6/load.js,yes,,0,,1,50:1,1,60:19,1,34:14
supabase/benchmarks,https://github.com/supabase/benchmarks,examples/postgrest/single-insert/terraform/k6/load.js,yes,,0,,1,56:1,1,75:19,1,35:14
supabase/benchmarks,https://github.com/supabase/benchmarks,examples/supavisor/pgbench-single/k6/load.js,yes,,0,,0,,0,,1,34:14
supabase/benchmarks,https://github.com/supabase/benchmarks,examples/supavisor/pgbench/k6/load.js,yes,,0,,0,,0,,1,34:14
Consensys/codefi-assets-and-payments,https://github.com/Consensys/codefi-assets-and-payments,platform/services/entity-api/k6/utils/kafka.ts,yes,,0,,0,,0,,0,
Consensys/codefi-assets-and-payments,https://github.com/Consensys/codefi-assets-and-payments,platform/services/entity-api/k6/src/kafka/deleteWallet.ts,yes,,0,,0,,0,,0,
Consensys/codefi-assets-and-payments,https://github.com/Consensys/codefi-assets-and-payments,platform/services/entity-api/k6/src/endpoint/updateWallet.ts,yes,,0,,0,,0,,0,
saiya/dsps,https://github.com/saiya/dsps,loadtest/loadtest.k6.js,yes,,0,,0,,0,,0,
etalazz/vsa,https://github.com/etalazz/vsa,load/uniform/k6-script.js,yes,,0,,1,18:1,2,21:3; 23:5,0,
etalazz/vsa,https://github.com/etalazz/vsa,load/hotkey/k6-script.js,yes,,0,,1,19:1,2,28:15; 31:5,0,
owncloud/cdperf,https://github.com/owncloud/cdperf,packages/k6-tdk/config/vitest.mocks.ts,yes,,0,,0,,0,,0,
owncloud/cdperf,https://github.com/owncloud/cdperf,packages/k6-tests/config/vitest.mocks.ts,yes,,0,,0,,0,,0,
owncloud/cdperf,https://github.com/owncloud/cdperf,packages/k6-tdk/src/utils/k6.spec.ts,yes,,0,,0,,0,,0,
owncloud/cdperf,https://github.com/owncloud/cdperf,packages/k6-tdk/src/utils/k6.ts,yes,,0,,0,,0,,0,
owncloud/cdperf,https://github.com/owncloud/cdperf,packages/k6-tdk/src/utils/query.spec.ts,yes,,0,,0,,0,,0,
owncloud/cdperf,https://github.com/owncloud/cdperf,packages/k6-tdk/build.mjs,yes,,0,,0,,0,,0,
owncloud/cdperf,https://github.com/owncloud/cdperf,packages/k6-tdk/src/utils/query.ts,yes,,0,,0,,0,,0,
owncloud/cdperf,https://github.com/owncloud/cdperf,packages/k6-tests/tests/koko/platform/030-search-for-filename/simple.k6.ts,yes,,0,,0,,0,,0,
owncloud/cdperf,https://github.com/owncloud/cdperf,packages/k6-tests/tests/sample/kitchen-sink/default.k6.ts,yes,,0,,0,,0,,0,
owncloud/cdperf,https://github.com/owncloud/cdperf,packages/k6-tests/tests/koko/platform/040-create-upload-rename-delete-folder-and-file/simple.k6.ts,yes,,0,,0,,0,,0,
owncloud/cdperf,https://github.com/owncloud/cdperf,packages/k6-tests/src/clients/onlyoffice/client.ts,yes,,0,,0,,0,,0,
owncloud/cdperf,https://github.com/owncloud/cdperf,packages/k6-tests/build.mjs,yes,,0,,0,,0,,0,
owncloud/cdperf,https://github.com/owncloud/cdperf,packages/k6-tests/tests/koko/platform/080-create-space/simple.k6.ts,yes,,0,,0,,0,,0,
owncloud/cdperf,https://github.com/owncloud/cdperf,packages/k6-tests/tests/koko/platform/050-download/simple.k6.ts,yes,,0,,0,,0,,0,
owncloud/cdperf,https://github.com/owncloud/cdperf,packages/k6-tests/tests/koko/onlyoffice/010-open-change-save/simple.k6.ts,yes,,0,,0,,0,,0,
owncloud/cdperf,https://github.com/owncloud/cdperf,packages/k6-tests/tests/koko/platform/100-add-remove-tag/simple.k6.ts,yes,,0,,0,,0,,0,
owncloud/cdperf,https://github.com/owncloud/cdperf,packages/k6-tests/tests/koko/platform/010-login/simple.k6.ts,yes,,0,,0,,0,,0,
owncloud/cdperf,https://github.com/owncloud/cdperf,packages/k6-tests/tests/koko/platform/070-user-group-search/simple.k6.ts,yes,,0,,0,,0,,0,
owncloud/cdperf,https://github.com/owncloud/cdperf,packages/k6-tests/tests/koko/platform/110-sync-client/simple.k6.ts,yes,,0,,0,,0,,0,
owncloud/cdperf,https://github.com/owncloud/cdperf,packages/k6-tests/tests/koko/platform/020-navigate-file-tree/simple.k6.ts,yes,,0,,0,,0,,0,
owncloud/cdperf,https://github.com/owncloud/cdperf,packages/k6-tests/tests/koko/platform/090-create-remove-group-share/simple.k6.ts,yes,,0,,0,,0,,0,
khulnasoft/kenbench,https://github.com/khulnasoft/kenbench,examples/realtime/rls/terraform/k6/loader.js,yes,,0,,0,,0,,1,39:14
khulnasoft/kenbench,https://github.com/khulnasoft/kenbench,examples/supavisor/simple-select/k6/load.js,yes,,1,45:29,0,,0,,1,35:14
khulnasoft/kenbench,https://github.com/khulnasoft/kenbench,examples/realtime/rls/terraform/k6/subs.js,yes,,0,,0,,5,142:9; 163:7; 179:3; 184:20; 199:3,1,38:14
khulnasoft/kenbench,https://github.com/khulnasoft/kenbench,examples/realtime/200k/terraform/k6/loader.js,yes,,0,,0,,0,,1,39:14
khulnasoft/kenbench,https://github.com/khulnasoft/kenbench,examples/realtime/replication/terraform/k6/subs.js,yes,,0,,0,,3,126:9; 147:7; 163:3,1,28:14
khulnasoft/kenbench,https://github.com/khulnasoft/kenbench,examples/realtime/replication/terraform/k6/loader.js,yes,,0,,0,,0,,1,32:14
khulnasoft/kenbench,https://github.com/khulnasoft/kenbench,examples/template/k6/load.js,yes,,0,,1,45:1,0,,1,35:14
khulnasoft/kenbench,https://github.com/khulnasoft/kenbench,examples/dashboard/e2e/k6/loader.js,yes,,0,,0,,0,,1,29:14
khulnasoft/kenbench,https://github.com/khulnasoft/kenbench,examples/storage/image-resize/terraform/k6/load.js,yes,,0,,0,,6,72:15; 166:23; 168:7; 185:21; 203:20; 218:3,1,50:14
khulnasoft/kenbench,https://github.com/khulnasoft/kenbench,examples/realtime/200k/terraform/k6/subs.js,yes,,0,,0,,3,124:9; 145:7; 161:3,1,28:14
khulnasoft/kenbench,https://github.com/khulnasoft/kenbench,examples/postgres/row-update/terraform/k6/load.js,yes,,0,,0,,0,,1,36:14
khulnasoft/kenbench,https://github.com/khulnasoft/kenbench,examples/postgres/single-insert/terraform/k6/load.js,yes,,0,,0,,0,,1,36:14
khulnasoft/kenbench,https://github.com/khulnasoft/kenbench,examples/postgrest/rpc-insert/terraform/k6/load.js,yes,,0,,1,51:1,1,70:19,1,35:14
khulnasoft/kenbench,https://github.com/khulnasoft/kenbench,examples/postgrest/row-update/terraform/k6/load.js,yes,,0,,1,50:1,1,60:19,1,34:14
khulnasoft/kenbench,https://github.com/khulnasoft/kenbench,examples/storage/storage-api/terraform/k6/load.js,yes,,0,,0,,0,,1,29:14
khulnasoft/kenbench,https://github.com/khulnasoft/kenbench,examples/postgrest/single-insert/terraform/k6/load.js,yes,,0,,1,56:1,1,75:19,1,35:14
sehyeogg365/hhplus_ecommerce,https://github.com/sehyeogg365/hhplus_ecommerce,src/main/resources/k6/script.js,yes,,0,,1,4:5,5,69:15; 71:15; 73:15; 75:15; 78:7,1,9:18
KontonGu/MLPerf-Inference-Benchmark-FaST-GShare,https://github.com/KontonGu/MLPerf-Inference-Benchmark-FaST-GShare,resnet/client/fn-k6.js,yes,,1,19:15,0,,0,,1,8:14
KontonGu/MLPerf-Inference-Benchmark-FaST-GShare,https://github.com/KontonGu/MLPerf-Inference-Benchmark-FaST-GShare,resnet/client/k6.js,yes,,1,19:15,0,,0,,1,8:14
KontonGu/MLPerf-Inference-Benchmark-FaST-GShare,https://github.com/KontonGu/MLPerf-Inference-Benchmark-FaST-GShare,resnet/client/fn-k6-test.js,yes,,1,17:15,0,,0,,1,10:14
effectmoe/ai-accounting-system,https://github.com/effectmoe/ai-accounting-system,src/mastra/tools/problem-solving-tools.ts,yes,,0,,0,,0,,0,
PyRo1121/hetzner,https://github.com/PyRo1121/hetzner,scripts/perf/market-prices.k6.js,yes,,0,,0,,0,,0,
Matrics-io/k6-sdk,https://github.com/Matrics-io/k6-sdk,templates/light.js,yes,,0,,0,,1,180:26,0,
Matrics-io/k6-sdk,https://github.com/Matrics-io/k6-sdk,reportportal/lifecycle-manager.js,yes,,0,,0,,2,72:16; 85:16,0,
Matrics-io/k6-sdk,https://github.com/Matrics-io/k6-sdk,http/client.js,yes,,0,,0,,7,74:20; 76:20; 78:20; 80:20; 82:20; 84:20; 86:20,0,
Matrics-io/k6-sdk,https://github.com/Matrics-io/k6-sdk,utils/reporting.js,yes,,0,,0,,0,,0,
Matrics-io/k6-sdk,https://github.com/Matrics-io/k6-sdk,gRPC/client.js,yes,,0,,0,,0,,0,
Matrics-io/k6-sdk,https://github.com/Matrics-io/k6-sdk,auth/login-flows.js,yes,,0,,0,,2,184:29; 205:25,0,
Matrics-io/k6-sdk,https://github.com/Matrics-io/k6-sdk,utils/helpers.js,yes,,0,,0,,0,,0,
Matrics-io/k6-sdk,https://github.com/Matrics-io/k6-sdk,utils/http.js,yes,,0,,0,,3,82:20; 108:18; 110:18,0,
Matrics-io/k6-sdk,https://github.com/Matrics-io/k6-sdk,templates/capacity.js,yes,,0,,0,,1,258:26,0,
Matrics-io/k6-sdk,https://github.com/Matrics-io/k6-sdk,templates/endurance.js,yes,,0,,0,,1,380:26,0,
Matrics-io/k6-sdk,https://github.com/Matrics-io/k6-sdk,templates/breakpoint.js,yes,,0,,0,,1,186:26,0,
Matrics-io/k6-sdk,https://github.com/Matrics-io/k6-sdk,templates/soak.js,yes,,0,,0,,1,103:26,0,
Matrics-io/k6-sdk,https://github.com/Matrics-io/k6-sdk,auth/token-manager.js,yes,,0,,0,,0,,0,
Matrics-io/k6-sdk,https://github.com/Matrics-io/k6-sdk,templates/baseline.js,yes,,0,,0,,1,209:26,0,
Matrics-io/k6-sdk,https://github.com/Matrics-io/k6-sdk,templates/stress.js,yes,,0,,0,,1,104:26,0,
Matrics-io/k6-sdk,https://github.com/Matrics-io/k6-sdk,templates/recovery.js,yes,,0,,0,,1,446:28,0,
Matrics-io/k6-sdk,https://github.com/Matrics-io/k6-sdk,templates/spike.js,yes,,0,,0,,1,108:26,0,
Matrics-io/k6-sdk,https://github.com/Matrics-io/k6-sdk,templates/scalability.js,yes,,0,,0,,1,389:26,0,
Matrics-io/k6-sdk,https://github.com/Matrics-io/k6-sdk,templates/ramp.js,yes,,0,,0,,1,247:26,0,
Matrics-io/k6-sdk,https://github.com/Matrics-io/k6-sdk,templates/load.js,yes,,0,,0,,1,101:26,0,
Matrics-io/k6-sdk,https://github.com/Matrics-io/k6-sdk,utils/auth.js,yes,,0,,0,,2,109:22; 290:22,0,
Matrics-io/k6-sdk,https://github.com/Matrics-io/k6-sdk,templates/smoke.js,yes,,0,,0,,1,94:26,0,
Matrics-io/k6-sdk,https://github.com/Matrics-io/k6-sdk,reportportal/grpc-lifecycle-manager.js,yes,,0,,0,,0,,0,
Matrics-io/k6-sdk,https://github.com/Matrics-io/k6-sdk,templates/burst.js,yes,,0,,0,,1,359:26,0,
Matrics-io/k6-sdk,https://github.com/Matrics-io/k6-sdk,templates/volume.js,yes,,0,,0,,1,200:26,0,
Matrics-io/k6-sdk,https://github.com/Matrics-io/k6-sdk,reportportal/test-factory.js,yes,,0,,0,,0,,0,
vfarcic/groundcover-demo,https://github.com/vfarcic/groundcover-demo,k6.js,yes,,0,,1,9:1,0,,1,4:14
venuthomas/API_7_Ways,https://github.com/venuthomas/API_7_Ways,K6Testing/GetEmployeeByIdK6/GetEmployeeByIdCacheMinimal.js,yes,,0,,1,10:1,0,,0,
venuthomas/API_7_Ways,https://github.com/venuthomas/API_7_Ways,K6Testing/GetEmployeeByIdK6/GetEmployeeByIdGraphQL.js,yes,,0,,0,,0,,0,
venuthomas/API_7_Ways,https://github.com/venuthomas/API_7_Ways,K6Testing/share/k6GetAllEmployeeChecks.js,yes,,0,,0,,0,,0,
venuthomas/API_7_Ways,https://github.com/venuthomas/API_7_Ways,K6Testing/share/k6GetEmployeeByIdChecks.js,yes,,0,,0,,0,,0,
venuthomas/API_7_Ways,https://github.com/venuthomas/API_7_Ways,K6Testing/GetEmployeeByIdK6/GetEmployeeById_gPRC.js,yes,,0,,0,,0,,0,
venuthomas/API_7_Ways,https://github.com/venuthomas/API_7_Ways,K6Testing/DeleteEmployeeK6/DeleteEmployeeController.js,yes,,0,,0,,0,,0,
venuthomas/API_7_Ways,https://github.com/venuthomas/API_7_Ways,K6Testing/DeleteEmployeeK6/DeleteEmployeeFastEndpoint.js,yes,,0,,0,,0,,0,
venuthomas/API_7_Ways,https://github.com/venuthomas/API_7_Ways,K6Testing/GetEmployeeByIdK6/GetEmployeeByIdMinimal.js,yes,,0,,1,10:1,0,,0,
venuthomas/API_7_Ways,https://github.com/venuthomas/API_7_Ways,K6Testing/DeleteEmployeeK6/DeleteEmployee_gPRC.js,yes,,0,,0,,0,,0,
venuthomas/API_7_Ways,https://github.com/venuthomas/API_7_Ways,K6Testing/GetAllEmployeeK6/GetAllEmployee_gPRC.js,yes,,0,,0,,0,,0,
venuthomas/API_7_Ways,https://github.com/venuthomas/API_7_Ways,K6Testing/GetAllEmployeeK6/GetAllEmployeeCacheMinimal.js,yes,,0,,1,9:1,0,,0,
venuthomas/API_7_Ways,https://github.com/venuthomas/API_7_Ways,K6Testing/DeleteEmployeeK6/DeleteEmployeeCarter.js,yes,,0,,0,,0,,0,
venuthomas/API_7_Ways,https://github.com/venuthomas/API_7_Ways,K6Testing/DeleteEmployeeK6/DeleteEmployeeMinimal.js,yes,,0,,0,,0,,0,
venuthomas/API_7_Ways,https://github.com/venuthomas/API_7_Ways,K6Testing/GetAllEmployeeK6/GetAllEmployeeMinimal.js,yes,,0,,1,9:1,0,,0,
venuthomas/API_7_Ways,https://github.com/venuthomas/API_7_Ways,K6Testing/UpdateEmployeeByIdK6/UpdateEmployeeByIdGraphQL.js,yes,,0,,0,,0,,0,
venuthomas/API_7_Ways,https://github.com/venuthomas/API_7_Ways,K6Testing/GetEmployeeByIdK6/GetEmployeeByIdCarter.js,yes,,0,,1,10:1,0,,0,
venuthomas/API_7_Ways,https://github.com/venuthomas/API_7_Ways,K6Testing/GetAllEmployeeK6/GetAllEmployeeCacheCarter.js,yes,,0,,1,9:1,0,,0,
venuthomas/API_7_Ways,https://github.com/venuthomas/API_7_Ways,K6Testing/CreateEmployeeK6/CreateEmployee_gPRC.js,yes,,0,,0,,0,,0,
venuthomas/API_7_Ways,https://github.com/venuthomas/API_7_Ways,K6Testing/CreateEmployeeK6/CreateEmployeeController.js,yes,,0,,0,,0,,0,
venuthomas/API_7_Ways,https://github.com/venuthomas/API_7_Ways,K6Testing/GetAllEmployeeK6/GetAllEmployeeGraphQL.js,yes,,0,,0,,0,,0,
venuthomas/API_7_Ways,https://github.com/venuthomas/API_7_Ways,K6Testing/GetEmployeeByIdK6/GetEmployeeByIdCacheFastEndpoint.js,yes,,0,,1,10:1,0,,0,
venuthomas/API_7_Ways,https://github.com/venuthomas/API_7_Ways,K6Testing/GetEmployeeByIdK6/GetEmployeeByIdController.js,yes,,0,,1,10:1,0,,0,
venuthomas/API_7_Ways,https://github.com/venuthomas/API_7_Ways,K6Testing/UpdateEmployeeByIdK6/UpdateEmployeeByIdCarter.js,yes,,0,,0,,0,,0,
venuthomas/API_7_Ways,https://github.com/venuthomas/API_7_Ways,K6Testing/UpdateEmployeeByIdK6/UpdateEmployeeByIdController.js,yes,,0,,0,,0,,0,
venuthomas/API_7_Ways,https://github.com/venuthomas/API_7_Ways,K6Testing/UpdateEmployeeByIdK6/UpdateEmployeeByIdFastEndpoint.js,yes,,0,,0,,0,,0,
venuthomas/API_7_Ways,https://github.com/venuthomas/API_7_Ways,K6Testing/GetEmployeeByIdK6/GetEmployeeByIdFastEndpoint.js,yes,,0,,1,10:1,0,,0,
venuthomas/API_7_Ways,https://github.com/venuthomas/API_7_Ways,K6Testing/GetEmployeeByIdK6/GetEmployeeByIdCacheController.js,yes,,0,,1,10:1,0,,0,
venuthomas/API_7_Ways,https://github.com/venuthomas/API_7_Ways,K6Testing/CreateEmployeeK6/CreateEmployeeMinimal.js,yes,,0,,0,,0,,0,
venuthomas/API_7_Ways,https://github.com/venuthomas/API_7_Ways,K6Testing/CreateEmployeeK6/CreateEmployeeFastEndpoint.js,yes,,0,,0,,0,,0,
venuthomas/API_7_Ways,https://github.com/venuthomas/API_7_Ways,K6Testing/UpdateEmployeeByIdK6/UpdateEmployeeById_gPRC.js,yes,,0,,0,,0,,0,
venuthomas/API_7_Ways,https://github.com/venuthomas/API_7_Ways,K6Testing/GetEmployeeByIdK6/GetEmployeeByIdCacheCarter.js,yes,,0,,1,10:1,0,,0,
venuthomas/API_7_Ways,https://github.com/venuthomas/API_7_Ways,K6Testing/CreateEmployeeK6/CreateEmployeeGraphQL.js,yes,,0,,0,,0,,0,
venuthomas/API_7_Ways,https://github.com/venuthomas/API_7_Ways,K6Testing/GetAllEmployeeK6/GetAllEmployeeCacheFastEndpoint.js,yes,,0,,1,9:1,0,,0,
venuthomas/API_7_Ways,https://github.com/venuthomas/API_7_Ways,K6Testing/GetAllEmployeeK6/GetAllEmployeeCarter.js,yes,,0,,1,9:1,0,,0,
venuthomas/API_7_Ways,https://github.com/venuthomas/API_7_Ways,K6Testing/UpdateEmployeeByIdK6/UpdateEmployeeByIdMinimal.js,yes,,0,,0,,0,,0,
venuthomas/API_7_Ways,https://github.com/venuthomas/API_7_Ways,K6Testing/GetAllEmployeeK6/GetAllEmployeeController.js,yes,,0,,1,9:1,0,,0,
venuthomas/API_7_Ways,https://github.com/venuthomas/API_7_Ways,K6Testing/DeleteEmployeeK6/DeleteEmployeeGraphQL.js,yes,,0,,0,,0,,0,
venuthomas/API_7_Ways,https://github.com/venuthomas/API_7_Ways,K6Testing/GetAllEmployeeK6/GetAllEmployeeCacheController.js,yes,,0,,1,8:1,0,,0,
venuthomas/API_7_Ways,https://github.com/venuthomas/API_7_Ways,K6Testing/GetAllEmployeeK6/GetAllEmployeeFastEndpoint.js,yes,,0,,1,8:1,0,,0,
venuthomas/API_7_Ways,https://github.com/venuthomas/API_7_Ways,K6Testing/CreateEmployeeK6/CreateEmployeeCarter.js,yes,,0,,0,,0,,0,
gpiechnik2/k6-boilerplate,https://github.com/gpiechnik2/k6-boilerplate,scripts/wyszukiwanie-artykulu.js,yes,,0,,0,,4,45:14; 66:14; 77:16; 78:14,0,
gpiechnik2/k6-boilerplate,https://github.com/gpiechnik2/k6-boilerplate,utils/helper.js,yes,,0,,0,,0,,0,
gpiechnik2/k6-boilerplate,https://github.com/gpiechnik2/k6-boilerplate,scripts/wyszukiwanie-szkolenia.js,yes,,0,,0,,4,36:14; 48:14; 62:14; 76:14,0,
mitelute/10-40,https://github.com/mitelute/10-40,BULoadTest.js,yes,,0,,0,,0,,1,4:12
mitelute/10-40,https://github.com/mitelute/10-40,BuStressTest.js,yes,,0,,0,,0,,0,
sf1tzp/symbology,https://github.com/sf1tzp/symbology,infra/testing/coverage.ts,yes,,0,,0,,0,,0,
sf1tzp/symbology,https://github.com/sf1tzp/symbology,infra/testing/logging.ts,yes,,0,,0,,0,,0,
sf1tzp/symbology,https://github.com/sf1tzp/symbology,infra/testing/smoke.staging.ts,yes,,0,,0,,0,,0,
sf1tzp/symbology,https://github.com/sf1tzp/symbology,infra/testing/smoke.production.ts,yes,,0,,0,,0,,0,
Dmitry-Boyko/Udemy,https://github.com/Dmitry-Boyko/Udemy,K6/abort.js,yes,,0,,1,18:1,0,,1,6:14
shardie-github/floyo,https://github.com/shardie-github/floyo,k6/performance-baseline.js,yes,,0,,0,,2,34:19; 44:16,0,
shardie-github/floyo,https://github.com/shardie-github/floyo,k6/load_test_stress.js,yes,,0,,0,,1,37:17,0,
shardie-github/floyo,https://github.com/shardie-github/floyo,k6/load_test_auth.js,yes,,0,,0,,1,82:17,0,
shardie-github/floyo,https://github.com/shardie-github/floyo,k6/load-test-activation.js,yes,,0,,0,,2,48:25; 66:26,0,
bcwilsondotcom/nx-monorepo-template,https://github.com/bcwilsondotcom/nx-monorepo-template,tools/performance/api-load.js,yes,,0,,0,,9,127:28; 155:29; 176:32; 206:26; 223:28; 239:32; 264:28; 292:29; 304:30,1,27:14
bcwilsondotcom/nx-monorepo-template,https://github.com/bcwilsondotcom/nx-monorepo-template,tools/performance/db-stress.js,yes,,0,,0,,13,71:24; 90:5; 154:26; 177:31; 206:27; 233:30; 272:27; 291:34; 302:28; 342:32; 363:33; 392:33; 421:32,0,
bcwilsondotcom/nx-monorepo-template,https://github.com/bcwilsondotcom/nx-monorepo-template,tools/performance/lambda-perf.js,yes,,0,,0,,0,,0,
Zweiblum66/vpams,https://github.com/Zweiblum66/vpams,benchmarks/scenarios/concurrent-users.js,yes,,0,,4,115:17; 174:17; 246:17; 280:17,18,132:13; 138:9; 146:11; 162:9; 196:19; 204:19; 213:19; 229:19; 262:15; 269:23; 302:19; 319:19; 334:26; 348:19; 376:19; 390:19; 404:19; 419:19,0,
Zweiblum66/vpams,https://github.com/Zweiblum66/vpams,benchmarks/api/k6-config.js,yes,,0,,0,,0,,0,
Zweiblum66/vpams,https://github.com/Zweiblum66/vpams,benchmarks/scenarios/search-performance.js,yes,,0,,1,117:17,0,,0,
Zweiblum66/vpams,https://github.com/Zweiblum66/vpams,benchmarks/scenarios/workflow-performance.js,yes,,0,,2,132:17; 206:17,3,104:17; 468:21; 494:26,0,
Zweiblum66/vpams,https://github.com/Zweiblum66/vpams,benchmarks/api/asset-upload-benchmark.js,yes,,0,,1,191:17,5,103:21; 113:21; 204:7; 205:15; 217:21,0,
Zweiblum66/vpams,https://github.com/Zweiblum66/vpams,benchmarks/scenarios/api-stress-test.js,yes,,0,,1,140:17,9,89:24; 153:7; 231:23; 249:9; 260:25; 302:19; 314:19; 326:19; 343:19,0,
PacktPublishing/Implementing-Event-Driven-Architecture-in-.NET-5,https://github.com/PacktPublishing/Implementing-Event-Driven-Architecture-in-.NET-5,ch03/benchmark/http_get.js,yes,,0,,0,,0,,1,4:12
farhanlabib/xk6-file-sample-project,https://github.com/farhanlabib/xk6-file-sample-project,pkg/mod/github.com/grafana/xk6-grpc@v0.1.3-0.20230717090346-fb49221e0ce1/examples/grpc_client_streaming.js,yes,,0,,0,,0,,0,
farhanlabib/xk6-file-sample-project,https://github.com/farhanlabib/xk6-file-sample-project,pkg/mod/github.com/grafana/xk6-browser@v1.0.2/examples/hosts.js,yes,,0,,0,,0,,0,
farhanlabib/xk6-file-sample-project,https://github.com/farhanlabib/xk6-file-sample-project,pkg/mod/github.com/grafana/xk6-browser@v1.0.2/examples/evaluate.js,yes,,0,,0,,0,,0,
ViktorNovak1/DBI-Projekt-5DHIF-Wintersemester-Novak-Gregorich,https://github.com/ViktorNovak1/DBI-Projekt-5DHIF-Wintersemester-Novak-Gregorich,loadTesting/Find_Aggregation_OfferCount/mongo_ref_index.js,yes,,0,,0,,0,,1,9:12
ViktorNovak1/DBI-Projekt-5DHIF-Wintersemester-Novak-Gregorich,https://github.com/ViktorNovak1/DBI-Projekt-5DHIF-Wintersemester-Novak-Gregorich,loadTesting/Find_Aggregation_OfferCount/mongo_ref.js,yes,,0,,0,,0,,1,9:12
ViktorNovak1/DBI-Projekt-5DHIF-Wintersemester-Novak-Gregorich,https://github.com/ViktorNovak1/DBI-Projekt-5DHIF-Wintersemester-Novak-Gregorich,loadTesting/Find/mongo_ref.js,yes,,0,,0,,0,,1,9:12
ViktorNovak1/DBI-Projekt-5DHIF-Wintersemester-Novak-Gregorich,https://github.com/ViktorNovak1/DBI-Projekt-5DHIF-Wintersemester-Novak-Gregorich,loadTesting/Update/postgres.js,yes,,0,,0,,0,,1,12:12
ViktorNovak1/DBI-Projekt-5DHIF-Wintersemester-Novak-Gregorich,https://github.com/ViktorNovak1/DBI-Projekt-5DHIF-Wintersemester-Novak-Gregorich,loadTesting/Delete/mongo_ref.js,yes,,0,,0,,2,28:21; 62:21,1,14:12
ViktorNovak1/DBI-Projekt-5DHIF-Wintersemester-Novak-Gregorich,https://github.com/ViktorNovak1/DBI-Projekt-5DHIF-Wintersemester-Novak-Gregorich,loadTesting/Delete/mongo_embed.js,yes,,0,,0,,2,28:21; 62:21,1,14:12
ViktorNovak1/DBI-Projekt-5DHIF-Wintersemester-Novak-Gregorich,https://github.com/ViktorNovak1/DBI-Projekt-5DHIF-Wintersemester-Novak-Gregorich,loadTesting/Delete/mongo_ref_index.js,yes,,0,,0,,2,28:21; 62:21,1,14:12
ViktorNovak1/DBI-Projekt-5DHIF-Wintersemester-Novak-Gregorich,https://github.com/ViktorNovak1/DBI-Projekt-5DHIF-Wintersemester-Novak-Gregorich,loadTesting/Find/mongo_schema.js,yes,,0,,0,,0,,1,9:12
ViktorNovak1/DBI-Projekt-5DHIF-Wintersemester-Novak-Gregorich,https://github.com/ViktorNovak1/DBI-Projekt-5DHIF-Wintersemester-Novak-Gregorich,loadTesting/Create/mongo_embed_schema.js,yes,,0,,0,,0,,1,11:12
ViktorNovak1/DBI-Projekt-5DHIF-Wintersemester-Novak-Gregorich,https://github.com/ViktorNovak1/DBI-Projekt-5DHIF-Wintersemester-Novak-Gregorich,loadTesting/Find/mongo_embed-index.js,yes,,0,,0,,0,,1,9:12
ViktorNovak1/DBI-Projekt-5DHIF-Wintersemester-Novak-Gregorich,https://github.com/ViktorNovak1/DBI-Projekt-5DHIF-Wintersemester-Novak-Gregorich,loadTesting/Delete/mongo_schema.js,yes,,0,,0,,2,28:21; 62:21,1,14:12
ViktorNovak1/DBI-Projekt-5DHIF-Wintersemester-Novak-Gregorich,https://github.com/ViktorNovak1/DBI-Projekt-5DHIF-Wintersemester-Novak-Gregorich,loadTesting/Find_Aggregation_OfferCount/mongo_embed.js,yes,,0,,0,,0,,1,9:12
ViktorNovak1/DBI-Projekt-5DHIF-Wintersemester-Novak-Gregorich,https://github.com/ViktorNovak1/DBI-Projekt-5DHIF-Wintersemester-Novak-Gregorich,loadTesting/Find_Aggregation_OfferCount/mongo_embed_index.js,yes,,0,,0,,0,,1,9:12
ViktorNovak1/DBI-Projekt-5DHIF-Wintersemester-Novak-Gregorich,https://github.com/ViktorNovak1/DBI-Projekt-5DHIF-Wintersemester-Novak-Gregorich,loadTesting/Create/mongo_ref.js,yes,,0,,0,,0,,1,11:12
ViktorNovak1/DBI-Projekt-5DHIF-Wintersemester-Novak-Gregorich,https://github.com/ViktorNovak1/DBI-Projekt-5DHIF-Wintersemester-Novak-Gregorich,loadTesting/Find_Aggregation_OfferCount/postgres.js,yes,,0,,0,,0,,1,9:12
ViktorNovak1/DBI-Projekt-5DHIF-Wintersemester-Novak-Gregorich,https://github.com/ViktorNovak1/DBI-Projekt-5DHIF-Wintersemester-Novak-Gregorich,loadTesting/Find/mongo_embed.js,yes,,0,,0,,0,,1,9:12
ViktorNovak1/DBI-Projekt-5DHIF-Wintersemester-Novak-Gregorich,https://github.com/ViktorNovak1/DBI-Projekt-5DHIF-Wintersemester-Novak-Gregorich,loadTesting/Create/mongo_embed_index.js,yes,,0,,0,,0,,1,12:12
ViktorNovak1/DBI-Projekt-5DHIF-Wintersemester-Novak-Gregorich,https://github.com/ViktorNovak1/DBI-Projekt-5DHIF-Wintersemester-Novak-Gregorich,loadTesting/Violate_Schema/mongo_schema.js,yes,,0,,0,,0,,1,12:12
ViktorNovak1/DBI-Projekt-5DHIF-Wintersemester-Novak-Gregorich,https://github.com/ViktorNovak1/DBI-Projekt-5DHIF-Wintersemester-Novak-Gregorich,loadTesting/Delete/postgres.js,yes,,0,,0,,2,28:21; 62:21,1,14:12
ViktorNovak1/DBI-Projekt-5DHIF-Wintersemester-Novak-Gregorich,https://github.com/ViktorNovak1/DBI-Projekt-5DHIF-Wintersemester-Novak-Gregorich,loadTesting/Update/mongo_ref.js,yes,,0,,0,,0,,1,12:12
ViktorNovak1/DBI-Projekt-5DHIF-Wintersemester-Novak-Gregorich,https://github.com/ViktorNovak1/DBI-Projekt-5DHIF-Wintersemester-Novak-Gregorich,loadTesting/Update/mongo_ref_index.js,yes,,0,,0,,0,,1,12:12
ViktorNovak1/DBI-Projekt-5DHIF-Wintersemester-Novak-Gregorich,https://github.com/ViktorNovak1/DBI-Projekt-5DHIF-Wintersemester-Novak-Gregorich,loadTesting/Create/postgres.js,yes,,0,,0,,0,,1,11:12
ViktorNovak1/DBI-Projekt-5DHIF-Wintersemester-Novak-Gregorich,https://github.com/ViktorNovak1/DBI-Projekt-5DHIF-Wintersemester-Novak-Gregorich,loadTesting/Find_Projection_Sort/mongo_embed.js,yes,,0,,0,,0,,1,9:12
ViktorNovak1/DBI-Projekt-5DHIF-Wintersemester-Novak-Gregorich,https://github.com/ViktorNovak1/DBI-Projekt-5DHIF-Wintersemester-Novak-Gregorich,loadTesting/Find_Projection_Sort/mongo_schema.js,yes,,0,,0,,0,,1,9:12
ViktorNovak1/DBI-Projekt-5DHIF-Wintersemester-Novak-Gregorich,https://github.com/ViktorNovak1/DBI-Projekt-5DHIF-Wintersemester-Novak-Gregorich,loadTesting/Update/mongo_embed.js,yes,,0,,0,,0,,1,12:12
ViktorNovak1/DBI-Projekt-5DHIF-Wintersemester-Novak-Gregorich,https://github.com/ViktorNovak1/DBI-Projekt-5DHIF-Wintersemester-Novak-Gregorich,loadTesting/Update/mongo_schema.js,yes,,0,,0,,0,,1,12:12
ViktorNovak1/DBI-Projekt-5DHIF-Wintersemester-Novak-Gregorich,https://github.com/ViktorNovak1/DBI-Projekt-5DHIF-Wintersemester-Novak-Gregorich,loadTesting/Find_Aggregation_OfferCount/mongo_schema.js,yes,,0,,0,,0,,1,9:12
ViktorNovak1/DBI-Projekt-5DHIF-Wintersemester-Novak-Gregorich,https://github.com/ViktorNovak1/DBI-Projekt-5DHIF-Wintersemester-Novak-Gregorich,loadTesting/Create/mongo_ref_index.js,yes,,0,,0,,0,,1,11:12
ViktorNovak1/DBI-Projekt-5DHIF-Wintersemester-Novak-Gregorich,https://github.com/ViktorNovak1/DBI-Projekt-5DHIF-Wintersemester-Novak-Gregorich,loadTesting/Delete/mongo_embed_index.js,yes,,0,,0,,2,28:21; 62:21,1,14:12
ViktorNovak1/DBI-Projekt-5DHIF-Wintersemester-Novak-Gregorich,https://github.com/ViktorNovak1/DBI-Projekt-5DHIF-Wintersemester-Novak-Gregorich,loadTesting/Find_Projection_Sort/mongo_ref.js,yes,,0,,0,,0,,1,9:12
ViktorNovak1/DBI-Projekt-5DHIF-Wintersemester-Novak-Gregorich,https://github.com/ViktorNovak1/DBI-Projekt-5DHIF-Wintersemester-Novak-Gregorich,loadTesting/Find_Projection_Sort/mongo_ref_index.js,yes,,0,,0,,0,,1,9:12
ViktorNovak1/DBI-Projekt-5DHIF-Wintersemester-Novak-Gregorich,https://github.com/ViktorNovak1/DBI-Projekt-5DHIF-Wintersemester-Novak-Gregorich,loadTesting/Find/postgres.js,yes,,0,,0,,0,,1,9:12
ViktorNovak1/DBI-Projekt-5DHIF-Wintersemester-Novak-Gregorich,https://github.com/ViktorNovak1/DBI-Projekt-5DHIF-Wintersemester-Novak-Gregorich,loadTesting/Find_Projection_Sort/mongo_embed_index.js,yes,,0,,0,,0,,1,9:12
ViktorNovak1/DBI-Projekt-5DHIF-Wintersemester-Novak-Gregorich,https://github.com/ViktorNovak1/DBI-Projekt-5DHIF-Wintersemester-Novak-Gregorich,loadTesting/Update/mongo_embed_index.js,yes,,0,,0,,0,,1,12:12
ViktorNovak1/DBI-Projekt-5DHIF-Wintersemester-Novak-Gregorich,https://github.com/ViktorNovak1/DBI-Projekt-5DHIF-Wintersemester-Novak-Gregorich,loadTesting/Create/mongo_embed.js,yes,,0,,0,,0,,1,11:12
ViktorNovak1/DBI-Projekt-5DHIF-Wintersemester-Novak-Gregorich,https://github.com/ViktorNovak1/DBI-Projekt-5DHIF-Wintersemester-Novak-Gregorich,loadTesting/Violate_Schema/postgres.js,yes,,0,,0,,0,,1,12:12
ViktorNovak1/DBI-Projekt-5DHIF-Wintersemester-Novak-Gregorich,https://github.com/ViktorNovak1/DBI-Projekt-5DHIF-Wintersemester-Novak-Gregorich,loadTesting/Find_Projection_Sort/postgres.js,yes,,0,,0,,0,,1,9:12
ViktorNovak1/DBI-Projekt-5DHIF-Wintersemester-Novak-Gregorich,https://github.com/ViktorNovak1/DBI-Projekt-5DHIF-Wintersemester-Novak-Gregorich,loadTesting/Find/mongo_ref_index.js,yes,,0,,0,,0,,1,9:12
ViktorNovak1/DBI-Projekt-5DHIF-Wintersemester-Novak-Gregorich,https://github.com/ViktorNovak1/DBI-Projekt-5DHIF-Wintersemester-Novak-Gregorich,loadTesting/Find_Filter/mongo_embed.js,yes,,0,,0,,0,,1,9:12
ViktorNovak1/DBI-Projekt-5DHIF-Wintersemester-Novak-Gregorich,https://github.com/ViktorNovak1/DBI-Projekt-5DHIF-Wintersemester-Novak-Gregorich,loadTesting/Find_Projection/mongo_embed.js,yes,,0,,0,,0,,1,9:12
ViktorNovak1/DBI-Projekt-5DHIF-Wintersemester-Novak-Gregorich,https://github.com/ViktorNovak1/DBI-Projekt-5DHIF-Wintersemester-Novak-Gregorich,loadTesting/Find_Filter_Projection/mongo_embed.js,yes,,0,,0,,0,,1,9:12
ViktorNovak1/DBI-Projekt-5DHIF-Wintersemester-Novak-Gregorich,https://github.com/ViktorNovak1/DBI-Projekt-5DHIF-Wintersemester-Novak-Gregorich,loadTesting/Find_Filter/mongo_schema.js,yes,,0,,0,,0,,1,9:12
ViktorNovak1/DBI-Projekt-5DHIF-Wintersemester-Novak-Gregorich,https://github.com/ViktorNovak1/DBI-Projekt-5DHIF-Wintersemester-Novak-Gregorich,loadTesting/Find_Projection/mongo_schema.js,yes,,0,,0,,0,,1,9:12
ViktorNovak1/DBI-Projekt-5DHIF-Wintersemester-Novak-Gregorich,https://github.com/ViktorNovak1/DBI-Projekt-5DHIF-Wintersemester-Novak-Gregorich,loadTesting/Find_Filter_Projection/mongo_schema.js,yes,,0,,0,,0,,1,9:12
ViktorNovak1/DBI-Projekt-5DHIF-Wintersemester-Novak-Gregorich,https://github.com/ViktorNovak1/DBI-Projekt-5DHIF-Wintersemester-Novak-Gregorich,loadTesting/Find_Filter/mongo_ref.js,yes,,0,,0,,0,,1,9:12
ViktorNovak1/DBI-Projekt-5DHIF-Wintersemester-Novak-Gregorich,https://github.com/ViktorNovak1/DBI-Projekt-5DHIF-Wintersemester-Novak-Gregorich,loadTesting/Find_Projection/mongo_ref.js,yes,,0,,0,,0,,1,9:12
ViktorNovak1/DBI-Projekt-5DHIF-Wintersemester-Novak-Gregorich,https://github.com/ViktorNovak1/DBI-Projekt-5DHIF-Wintersemester-Novak-Gregorich,loadTesting/Find_Filter_Projection/mongo_ref.js,yes,,0,,0,,0,,1,9:12
ViktorNovak1/DBI-Projekt-5DHIF-Wintersemester-Novak-Gregorich,https://github.com/ViktorNovak1/DBI-Projekt-5DHIF-Wintersemester-Novak-Gregorich,loadTesting/Find_Filter/mongo_ref_index.js,yes,,0,,0,,0,,1,9:12
ViktorNovak1/DBI-Projekt-5DHIF-Wintersemester-Novak-Gregorich,https://github.com/ViktorNovak1/DBI-Projekt-5DHIF-Wintersemester-Novak-Gregorich,loadTesting/Find_Projection/mongo_ref_index.js,yes,,0,,0,,0,,1,9:12
ViktorNovak1/DBI-Projekt-5DHIF-Wintersemester-Novak-Gregorich,https://github.com/ViktorNovak1/DBI-Projekt-5DHIF-Wintersemester-Novak-Gregorich,loadTesting/Find_Filter_Projection/mongo_ref_index.js,yes,,0,,0,,0,,1,9:12
ViktorNovak1/DBI-Projekt-5DHIF-Wintersemester-Novak-Gregorich,https://github.com/ViktorNovak1/DBI-Projekt-5DHIF-Wintersemester-Novak-Gregorich,loadTesting/Find_Filter/mongo_embed_index.js,yes,,0,,0,,0,,1,9:12
ViktorNovak1/DBI-Projekt-5DHIF-Wintersemester-Novak-Gregorich,https://github.com/ViktorNovak1/DBI-Projekt-5DHIF-Wintersemester-Novak-Gregorich,loadTesting/Find_Projection/mongo_embed_index.js,yes,,0,,0,,0,,1,9:12
ViktorNovak1/DBI-Projekt-5DHIF-Wintersemester-Novak-Gregorich,https://github.com/ViktorNovak1/DBI-Projekt-5DHIF-Wintersemester-Novak-Gregorich,loadTesting/Find_Filter_Projection/mongo_embed_index.js,yes,,0,,0,,0,,1,9:12
ViktorNovak1/DBI-Projekt-5DHIF-Wintersemester-Novak-Gregorich,https://github.com/ViktorNovak1/DBI-Projekt-5DHIF-Wintersemester-Novak-Gregorich,loadTesting/Find_Filter/postgres.js,yes,,0,,0,,0,,1,9:12
ViktorNovak1/DBI-Projekt-5DHIF-Wintersemester-Novak-Gregorich,https://github.com/ViktorNovak1/DBI-Projekt-5DHIF-Wintersemester-Novak-Gregorich,loadTesting/Find_Projection/postgres.js,yes,,0,,0,,0,,1,9:12
ViktorNovak1/DBI-Projekt-5DHIF-Wintersemester-Novak-Gregorich,https://github.com/ViktorNovak1/DBI-Projekt-5DHIF-Wintersemester-Novak-Gregorich,loadTesting/Find_Filter_Projection/postgres.js,yes,,0,,0,,0,,1,9:12
TomWang22/record-platform,https://github.com/TomWang22/record-platform,scripts/load/all-in-one-k6.js,yes,,0,,0,,7,162:19; 206:15; 215:17; 227:11; 248:11; 265:11; 281:11,1,146:14
TomWang22/record-platform,https://github.com/TomWang22/record-platform,scripts/load/k6-reads.js,yes,,0,,0,,2,27:1; 28:3,1,88:14
TomWang22/record-platform,https://github.com/TomWang22/record-platform,scripts/load/k6-mixed.js,yes,,0,,0,,5,36:1; 37:3; 159:9; 170:9; 181:9,1,103:14
Milla2000/Shopify,https://github.com/Milla2000/Shopify,Shopify-backend/K6/breakpointTest.js,yes,,0,,1,12:1,0,,1,4:14
Milla2000/Shopify,https://github.com/Milla2000/Shopify,Shopify-backend/K6/smokeTest.js,yes,,0,,1,9:1,0,,1,4:14
Milla2000/Shopify,https://github.com/Milla2000/Shopify,Shopify-backend/K6/loadTest.js,yes,,0,,1,13:1,0,,1,4:14
beatrizfteixeira/performance-mvc-webflux,https://github.com/beatrizfteixeira/performance-mvc-webflux,script-2.js,yes,,0,,0,,0,,0,
nadiaalnd/Performance-Test-Adameds-V3,https://github.com/nadiaalnd/Performance-Test-Adameds-V3,src/laporan-general/pendapatan/GetReportPendapatan.js,yes,,0,,1,56:1,0,,1,4:14
nadiaalnd/Performance-Test-Adameds-V3,https://github.com/nadiaalnd/Performance-Test-Adameds-V3,src/auth/token/script.js,yes,,0,,1,57:1,0,,1,4:14
nadiaalnd/Performance-Test-Adameds-V3,https://github.com/nadiaalnd/Performance-Test-Adameds-V3,src/datamaster/gigi/script.js,yes,,0,,1,56:1,0,,1,4:14
nadiaalnd/Performance-Test-Adameds-V3,https://github.com/nadiaalnd/Performance-Test-Adameds-V3,src/datamaster/voucher/script.js,yes,,0,,1,56:1,0,,1,4:14
nadiaalnd/Performance-Test-Adameds-V3,https://github.com/nadiaalnd/Performance-Test-Adameds-V3,src/datamaster/ruangan/script.js,yes,,0,,1,56:1,0,,1,4:14
nadiaalnd/Performance-Test-Adameds-V3,https://github.com/nadiaalnd/Performance-Test-Adameds-V3,src/datamaster/diagnosis/script.js,yes,,0,,1,56:1,0,,1,4:14
nadiaalnd/Performance-Test-Adameds-V3,https://github.com/nadiaalnd/Performance-Test-Adameds-V3,src/pelayanan/resume/get-resume/GetResume.js,yes,,0,,0,,0,,0,
nadiaalnd/Performance-Test-Adameds-V3,https://github.com/nadiaalnd/Performance-Test-Adameds-V3,src/pelayanan/unggah-berkas/get-all/GetAll.js,yes,,0,,0,,0,,0,
nadiaalnd/Performance-Test-Adameds-V3,https://github.com/nadiaalnd/Performance-Test-Adameds-V3,src/pelayanan/cetak-surat/letters/GetLetters.js,yes,,0,,0,,0,,0,
nadiaalnd/Performance-Test-Adameds-V3,https://github.com/nadiaalnd/Performance-Test-Adameds-V3,src/pelayanan/cetak-surat/letters-code/GetLettersCode.js,yes,,0,,0,,0,,0,
nadiaalnd/Performance-Test-Adameds-V3,https://github.com/nadiaalnd/Performance-Test-Adameds-V3,src/pelayanan/resume/get-resume/Functional.js,yes,,0,,1,56:1,0,,1,4:14
nadiaalnd/Performance-Test-Adameds-V3,https://github.com/nadiaalnd/Performance-Test-Adameds-V3,src/pelayanan/unggah-berkas/update/Functional.js,yes,,0,,1,56:1,0,,1,4:14
nadiaalnd/Performance-Test-Adameds-V3,https://github.com/nadiaalnd/Performance-Test-Adameds-V3,src/pelayanan/unggah-berkas/upload/Functional.js,yes,,0,,1,56:1,0,,1,4:14
nadiaalnd/Performance-Test-Adameds-V3,https://github.com/nadiaalnd/Performance-Test-Adameds-V3,src/pelayanan/cetak-surat/letters-code/Functional.js,yes,,0,,1,56:1,0,,1,4:14
nadiaalnd/Performance-Test-Adameds-V3,https://github.com/nadiaalnd/Performance-Test-Adameds-V3,src/pelayanan/resume/update/Load.js,yes,,0,,1,56:1,0,,1,4:14
nadiaalnd/Performance-Test-Adameds-V3,https://github.com/nadiaalnd/Performance-Test-Adameds-V3,src/pelayanan/unggah-berkas/upload/Load.js,yes,,0,,1,56:1,0,,1,4:14
nadiaalnd/Performance-Test-Adameds-V3,https://github.com/nadiaalnd/Performance-Test-Adameds-V3,src/pelayanan/unggah-berkas/get-all/Load.js,yes,,0,,1,56:1,0,,1,4:14
nadiaalnd/Performance-Test-Adameds-V3,https://github.com/nadiaalnd/Performance-Test-Adameds-V3,src/pelayanan/cetak-surat/letters-code/Load.js,yes,,0,,1,56:1,0,,1,4:14
nadiaalnd/Performance-Test-Adameds-V3,https://github.com/nadiaalnd/Performance-Test-Adameds-V3,src/pelayanan/resume/get-resume/Stress.js,yes,,0,,1,56:1,0,,1,4:14
nadiaalnd/Performance-Test-Adameds-V3,https://github.com/nadiaalnd/Performance-Test-Adameds-V3,src/pelayanan/unggah-berkas/upload/Stress.js,yes,,0,,1,56:1,0,,1,4:14
nadiaalnd/Performance-Test-Adameds-V3,https://github.com/nadiaalnd/Performance-Test-Adameds-V3,src/pelayanan/unggah-berkas/get-all/Stress.js,yes,,0,,1,56:1,0,,1,4:14
nadiaalnd/Performance-Test-Adameds-V3,https://github.com/nadiaalnd/Performance-Test-Adameds-V3,src/pelayanan/cetak-surat/letters-code/Stress.js,yes,,0,,1,56:1,0,,1,4:14
nadiaalnd/Performance-Test-Adameds-V3,https://github.com/nadiaalnd/Performance-Test-Adameds-V3,src/admisi/general-consent/create/PostCreate.js,yes,,0,,0,,0,,0,
nadiaalnd/Performance-Test-Adameds-V3,https://github.com/nadiaalnd/Performance-Test-Adameds-V3,src/admisi/monitoring/update/Load.js,yes,,0,,0,,0,,1,4:14
nadiaalnd/Performance-Test-Adameds-V3,https://github.com/nadiaalnd/Performance-Test-Adameds-V3,src/admisi/master-pasien/detail/GetDetail.js,yes,,0,,0,,0,,0,
nadiaalnd/Performance-Test-Adameds-V3,https://github.com/nadiaalnd/Performance-Test-Adameds-V3,src/admisi/master-pasien/update/Load.js,yes,,0,,0,,0,,1,3:14
nadiaalnd/Performance-Test-Adameds-V3,https://github.com/nadiaalnd/Performance-Test-Adameds-V3,src/admisi/igd/get-all/Functional.js,yes,,0,,0,,0,,1,4:14
nadiaalnd/Performance-Test-Adameds-V3,https://github.com/nadiaalnd/Performance-Test-Adameds-V3,src/admisi/igd/regist/Functional.js,yes,,0,,0,,0,,1,4:14
nadiaalnd/Performance-Test-Adameds-V3,https://github.com/nadiaalnd/Performance-Test-Adameds-V3,src/admisi/igd/detail/Functional.js,yes,,0,,0,,0,,1,4:14
nadiaalnd/Performance-Test-Adameds-V3,https://github.com/nadiaalnd/Performance-Test-Adameds-V3,src/admisi/master-pasien/detail/Functional.js,yes,,0,,0,,0,,1,3:14
nadiaalnd/Performance-Test-Adameds-V3,https://github.com/nadiaalnd/Performance-Test-Adameds-V3,src/admisi/master-pasien/detail/Load.js,yes,,0,,0,,0,,1,3:14
nadiaalnd/Performance-Test-Adameds-V3,https://github.com/nadiaalnd/Performance-Test-Adameds-V3,src/admisi/rajal/detail/Functional.js,yes,,0,,0,,0,,1,4:14
nadiaalnd/Performance-Test-Adameds-V3,https://github.com/nadiaalnd/Performance-Test-Adameds-V3,src/admisi/igd/get-all/Stress.js,yes,,0,,0,,0,,1,4:14
nadiaalnd/Performance-Test-Adameds-V3,https://github.com/nadiaalnd/Performance-Test-Adameds-V3,src/admisi/igd/detail/Load.js,yes,,0,,0,,0,,1,4:14
IceScout26/swagger-petstore-sqa,https://github.com/IceScout26/swagger-petstore-sqa,user_s1/userLogin_compatibility.js,yes,,0,,0,,0,,1,4:12
IceScout26/swagger-petstore-sqa,https://github.com/IceScout26/swagger-petstore-sqa,user_s1/getUsername_compatibility.js,yes,,0,,0,,0,,1,4:12
IceScout26/swagger-petstore-sqa,https://github.com/IceScout26/swagger-petstore-sqa,pet_s3/deletePetId_maintainability.js,yes,,0,,0,,2,36:15; 65:5,1,5:12
IceScout26/swagger-petstore-sqa,https://github.com/IceScout26/swagger-petstore-sqa,pet_s3/putPet_maintainability.js,yes,,0,,0,,2,54:15; 82:5,1,5:12
IceScout26/swagger-petstore-sqa,https://github.com/IceScout26/swagger-petstore-sqa,store_s2/getStoreOrder_relibility.js,yes,,0,,0,,0,,1,8:14
IceScout26/swagger-petstore-sqa,https://github.com/IceScout26/swagger-petstore-sqa,user_s1/userBasic_maintainability.js,yes,,0,,0,,2,49:15; 77:5,1,10:12
IceScout26/swagger-petstore-sqa,https://github.com/IceScout26/swagger-petstore-sqa,store_s2/postStoreOrder_usability.js,yes,,0,,0,,0,,1,6:12
IceScout26/swagger-petstore-sqa,https://github.com/IceScout26/swagger-petstore-sqa,user_s1/putUsername_usability.js,yes,,0,,0,,0,,1,4:12
IceScout26/swagger-petstore-sqa,https://github.com/IceScout26/swagger-petstore-sqa,user_s1/createWithArray_maintainability.js,yes,,0,,0,,2,44:11; 72:3,1,5:12
IceScout26/swagger-petstore-sqa,https://github.com/IceScout26/swagger-petstore-sqa,pet_s3/postPetUploadImage_usability.js,yes,,0,,0,,2,18:15; 23:17,1,4:12
IceScout26/swagger-petstore-sqa,https://github.com/IceScout26/swagger-petstore-sqa,user_s1/putUsername_maintainability.js,yes,,0,,0,,2,52:15; 80:5,1,5:12
IceScout26/swagger-petstore-sqa,https://github.com/IceScout26/swagger-petstore-sqa,user_s1/logout_maintainability.js,yes,,0,,0,,2,40:15; 68:5,1,5:12
IceScout26/swagger-petstore-sqa,https://github.com/IceScout26/swagger-petstore-sqa,store_s2/getStoreOrder_compatibility.js,yes,,0,,0,,0,,1,4:12
IceScout26/swagger-petstore-sqa,https://github.com/IceScout26/swagger-petstore-sqa,pet_s3/postPetUploadImage_relibility.js,yes,,0,,0,,2,25:11; 30:15,1,12:14
IceScout26/swagger-petstore-sqa,https://github.com/IceScout26/swagger-petstore-sqa,pet_s3/postPetId_maintainability.js,yes,,0,,0,,2,44:11; 72:3,1,5:12
IceScout26/swagger-petstore-sqa,https://github.com/IceScout26/swagger-petstore-sqa,store_s2/postStoreOrder_maintainability.js,yes,,0,,0,,2,48:15; 76:5,1,5:12
IceScout26/swagger-petstore-sqa,https://github.com/IceScout26/swagger-petstore-sqa,store_s2/deleteStoreOrder_maintainability.js,yes,,0,,0,,2,36:15; 65:5,1,5:12
IceScout26/swagger-petstore-sqa,https://github.com/IceScout26/swagger-petstore-sqa,store_s2/getStoreInventory_maintainability.js,yes,,0,,0,,2,33:15; 61:5,1,5:12
IceScout26/swagger-petstore-sqa,https://github.com/IceScout26/swagger-petstore-sqa,user_s1/deleteUsername_maintainability.js,yes,,0,,0,,2,42:15; 70:5,1,5:12
IceScout26/swagger-petstore-sqa,https://github.com/IceScout26/swagger-petstore-sqa,user_s1/createwithlist_maintainability.js,yes,,0,,0,,2,49:15; 77:5,1,10:12
IceScout26/swagger-petstore-sqa,https://github.com/IceScout26/swagger-petstore-sqa,store_s2/deleteStoreOrder_compatibility.js,yes,,0,,0,,0,,1,4:12
IceScout26/swagger-petstore-sqa,https://github.com/IceScout26/swagger-petstore-sqa,user_s1/createWithArray_usability.js,yes,,0,,0,,0,,1,4:12
IceScout26/swagger-petstore-sqa,https://github.com/IceScout26/swagger-petstore-sqa,store_s2/getStoreInventory_usability.js,yes,,0,,0,,0,,1,4:12
IceScout26/swagger-petstore-sqa,https://github.com/IceScout26/swagger-petstore-sqa,user_s1/createwithlist_usability.js,yes,,0,,0,,0,,1,4:12
IceScout26/swagger-petstore-sqa,https://github.com/IceScout26/swagger-petstore-sqa,user_s1/logout_performance.js,yes,,0,,0,,0,,1,8:14
IceScout26/swagger-petstore-sqa,https://github.com/IceScout26/swagger-petstore-sqa,user_s1/logout_reliability.js,yes,,0,,0,,0,,1,8:14
IceScout26/swagger-petstore-sqa,https://github.com/IceScout26/swagger-petstore-sqa,pet_s3/getPetFindByStatus_maintainability.js,yes,,0,,0,,2,41:15; 69:5,1,5:12
IceScout26/swagger-petstore-sqa,https://github.com/IceScout26/swagger-petstore-sqa,user_s1/userBasic_usability.js,yes,,0,,0,,0,,1,6:12
IceScout26/swagger-petstore-sqa,https://github.com/IceScout26/swagger-petstore-sqa,user_s1/createwithlist_reliability.js,yes,,0,,0,,0,,1,8:14
IceScout26/swagger-petstore-sqa,https://github.com/IceScout26/swagger-petstore-sqa,user_s1/getUsername_usability.js,yes,,0,,0,,0,,1,4:12
IceScout26/swagger-petstore-sqa,https://github.com/IceScout26/swagger-petstore-sqa,pet_s3/deletePetId_compatibility.js,yes,,0,,0,,0,,1,4:12
IceScout26/swagger-petstore-sqa,https://github.com/IceScout26/swagger-petstore-sqa,user_s1/logout_usability.js,yes,,0,,0,,0,,1,4:12
IceScout26/swagger-petstore-sqa,https://github.com/IceScout26/swagger-petstore-sqa,pet_s3/deletePetId_performance.js,yes,,0,,0,,0,,1,8:14
IceScout26/swagger-petstore-sqa,https://github.com/IceScout26/swagger-petstore-sqa,pet_s3/postPet_compatibility.js,yes,,0,,0,,0,,1,6:12
IceScout26/swagger-petstore-sqa,https://github.com/IceScout26/swagger-petstore-sqa,store_s2/deleteStoreOrder_relibility.js,yes,,0,,0,,0,,1,8:14
IceScout26/swagger-petstore-sqa,https://github.com/IceScout26/swagger-petstore-sqa,store_s2/getStoreInventory_compatibility.js,yes,,0,,0,,0,,1,4:12
IceScout26/swagger-petstore-sqa,https://github.com/IceScout26/swagger-petstore-sqa,user_s1/getUsername_relibility.js,yes,,0,,0,,0,,1,8:14
IceScout26/swagger-petstore-sqa,https://github.com/IceScout26/swagger-petstore-sqa,store_s2/postStoreOrder_relibility.js,yes,,0,,0,,0,,1,8:14
IceScout26/swagger-petstore-sqa,https://github.com/IceScout26/swagger-petstore-sqa,user_s1/userLogin_maintainability.js,yes,,0,,0,,2,42:15; 70:5,1,5:12
IceScout26/swagger-petstore-sqa,https://github.com/IceScout26/swagger-petstore-sqa,pet_s3/deletePetId_relibility.js,yes,,0,,0,,0,,1,8:14
IceScout26/swagger-petstore-sqa,https://github.com/IceScout26/swagger-petstore-sqa,pet_s3/getPetFindByStatus_compatibility.js,yes,,0,,0,,0,,1,4:12
IceScout26/swagger-petstore-sqa,https://github.com/IceScout26/swagger-petstore-sqa,store_s2/getStoreOrder_maintainability.js,yes,,0,,0,,2,36:15; 65:5,1,5:12
IceScout26/swagger-petstore-sqa,https://github.com/IceScout26/swagger-petstore-sqa,pet_s3/postPetUploadImage_maintainability.js,yes,,0,,0,,3,37:11; 44:11; 72:3,1,5:12
IceScout26/swagger-petstore-sqa,https://github.com/IceScout26/swagger-petstore-sqa,store_s2/postStoreOrder_performance.js,yes,,0,,0,,0,,1,8:14
IceScout26/swagger-petstore-sqa,https://github.com/IceScout26/swagger-petstore-sqa,pet_s3/postPetId_relibility.js,yes,,0,,0,,0,,1,8:14
IceScout26/swagger-petstore-sqa,https://github.com/IceScout26/swagger-petstore-sqa,pet_s3/getPetFindByStatus_relibility.js,yes,,0,,0,,0,,1,8:14
IceScout26/swagger-petstore-sqa,https://github.com/IceScout26/swagger-petstore-sqa,pet_s3/getPetId_performance.js,yes,,0,,0,,0,,1,8:14
IceScout26/swagger-petstore-sqa,https://github.com/IceScout26/swagger-petstore-sqa,pet_s3/postPet_relibility.js,yes,,0,,0,,0,,1,8:14
IceScout26/swagger-petstore-sqa,https://github.com/IceScout26/swagger-petstore-sqa,pet_s3/postPet_maintainability.js,yes,,0,,0,,2,54:15; 82:5,1,5:12
IceScout26/swagger-petstore-sqa,https://github.com/IceScout26/swagger-petstore-sqa,store_s2/postStoreOrder_compatibility.js,yes,,0,,0,,0,,1,4:12
IceScout26/swagger-petstore-sqa,https://github.com/IceScout26/swagger-petstore-sqa,user_s1/createwithlist_performance.js,yes,,0,,0,,0,,1,8:14
IceScout26/swagger-petstore-sqa,https://github.com/IceScout26/swagger-petstore-sqa,store_s2/getStoreOrder_usability.js,yes,,0,,0,,0,,1,4:12
IceScout26/swagger-petstore-sqa,https://github.com/IceScout26/swagger-petstore-sqa,store_s2/getStoreInventory_performance.js,yes,,0,,0,,0,,1,8:14
IceScout26/swagger-petstore-sqa,https://github.com/IceScout26/swagger-petstore-sqa,user_s1/deleteUsername_usability.js,yes,,0,,0,,0,,1,4:12
IceScout26/swagger-petstore-sqa,https://github.com/IceScout26/swagger-petstore-sqa,pet_s3/getPetId_maintainability.js,yes,,0,,0,,2,41:15; 69:5,1,5:12
IceScout26/swagger-petstore-sqa,https://github.com/IceScout26/swagger-petstore-sqa,pet_s3/postPetUploadImage_performance.js,yes,,0,,0,,2,21:11; 26:15,1,8:14
IceScout26/swagger-petstore-sqa,https://github.com/IceScout26/swagger-petstore-sqa,pet_s3/putPet_performance.js,yes,,0,,0,,0,,1,8:14
IceScout26/swagger-petstore-sqa,https://github.com/IceScout26/swagger-petstore-sqa,store_s2/deleteStoreOrder_performance.js,yes,,0,,0,,0,,1,8:14
IceScout26/swagger-petstore-sqa,https://github.com/IceScout26/swagger-petstore-sqa,user_s1/createwithlist_compatibility.js,yes,,0,,0,,0,,1,4:12
IceScout26/swagger-petstore-sqa,https://github.com/IceScout26/swagger-petstore-sqa,store_s2/deleteStoreOrder_usability.js,yes,,0,,0,,0,,1,4:12
IceScout26/swagger-petstore-sqa,https://github.com/IceScout26/swagger-petstore-sqa,pet_s3/postPetUploadImage_compatibility.js,yes,,0,,0,,2,31:15; 35:15,1,4:12
IceScout26/swagger-petstore-sqa,https://github.com/IceScout26/swagger-petstore-sqa,pet_s3/getPetId_usability.js,yes,,0,,0,,0,,1,4:12
IceScout26/swagger-petstore-sqa,https://github.com/IceScout26/swagger-petstore-sqa,store_s2/getStoreOrder_performance.js,yes,,0,,0,,0,,1,8:14
IceScout26/swagger-petstore-sqa,https://github.com/IceScout26/swagger-petstore-sqa,pet_s3/postPet_usability.js,yes,,0,,0,,0,,1,4:12
IceScout26/swagger-petstore-sqa,https://github.com/IceScout26/swagger-petstore-sqa,user_s1/getUsername_maintainability.js,yes,,0,,0,,2,41:15; 69:5,1,5:12
IceScout26/swagger-petstore-sqa,https://github.com/IceScout26/swagger-petstore-sqa,user_s1/userLogin_usability.js,yes,,0,,0,,0,,1,4:12
IceScout26/swagger-petstore-sqa,https://github.com/IceScout26/swagger-petstore-sqa,user_s1/logout_compatibility.js,yes,,0,,0,,0,,1,4:12
IceScout26/swagger-petstore-sqa,https://github.com/IceScout26/swagger-petstore-sqa,user_s1/userBasic_performance.js,yes,,0,,0,,0,,1,8:14
IceScout26/swagger-petstore-sqa,https://github.com/IceScout26/swagger-petstore-sqa,pet_s3/getPetId_compatibility.js,yes,,0,,0,,0,,1,4:12
IceScout26/swagger-petstore-sqa,https://github.com/IceScout26/swagger-petstore-sqa,pet_s3/getPetFindByStatus_performance.js,yes,,0,,0,,0,,1,8:14
IceScout26/swagger-petstore-sqa,https://github.com/IceScout26/swagger-petstore-sqa,pet_s3/putPet_compatibility.js,yes,,0,,0,,0,,1,6:12
IceScout26/swagger-petstore-sqa,https://github.com/IceScout26/swagger-petstore-sqa,pet_s3/putPet_relibility.js,yes,,0,,0,,0,,1,8:14
IceScout26/swagger-petstore-sqa,https://github.com/IceScout26/swagger-petstore-sqa,user_s1/createWithArray_compatibility.js,yes,,0,,0,,0,,1,4:12
IceScout26/swagger-petstore-sqa,https://github.com/IceScout26/swagger-petstore-sqa,user_s1/deleteUsername_performance.js,yes,,0,,0,,0,,1,8:14
IceScout26/swagger-petstore-sqa,https://github.com/IceScout26/swagger-petstore-sqa,user_s1/putUsername_compatibility.js,yes,,0,,0,,0,,1,4:12
IceScout26/swagger-petstore-sqa,https://github.com/IceScout26/swagger-petstore-sqa,pet_s3/putPet_usability.js,yes,,0,,0,,0,,1,4:12
IceScout26/swagger-petstore-sqa,https://github.com/IceScout26/swagger-petstore-sqa,user_s1/userBasic_relibility.js,yes,,0,,0,,0,,1,8:14
IceScout26/swagger-petstore-sqa,https://github.com/IceScout26/swagger-petstore-sqa,user_s1/getUsername_performance.js,yes,,0,,0,,0,,1,8:14
IceScout26/swagger-petstore-sqa,https://github.com/IceScout26/swagger-petstore-sqa,pet_s3/postPet_performance.js,yes,,0,,0,,0,,1,8:14
IceScout26/swagger-petstore-sqa,https://github.com/IceScout26/swagger-petstore-sqa,user_s1/putUsername_performance.js,yes,,0,,0,,0,,1,8:14
IceScout26/swagger-petstore-sqa,https://github.com/IceScout26/swagger-petstore-sqa,pet_s3/postPetId_usability.js,yes,,0,,0,,0,,1,4:12
IceScout26/swagger-petstore-sqa,https://github.com/IceScout26/swagger-petstore-sqa,user_s1/deleteUsername_compatibility.js,yes,,0,,0,,0,,1,4:12
IceScout26/swagger-petstore-sqa,https://github.com/IceScout26/swagger-petstore-sqa,store_s2/getStoreInventory_relibility.js,yes,,0,,0,,0,,1,8:14
IceScout26/swagger-petstore-sqa,https://github.com/IceScout26/swagger-petstore-sqa,user_s1/userLogin_relibility.js,yes,,0,,0,,0,,1,8:14
IceScout26/swagger-petstore-sqa,https://github.com/IceScout26/swagger-petstore-sqa,user_s1/putUsername_relibility.js,yes,,0,,0,,0,,1,8:14
IceScout26/swagger-petstore-sqa,https://github.com/IceScout26/swagger-petstore-sqa,user_s1/userLogin_performance.js,yes,,0,,0,,0,,1,8:14
IceScout26/swagger-petstore-sqa,https://github.com/IceScout26/swagger-petstore-sqa,pet_s3/getPetId_relibility.js,yes,,0,,0,,0,,1,8:14
IceScout26/swagger-petstore-sqa,https://github.com/IceScout26/swagger-petstore-sqa,user_s1/createWithArray_performance.js,yes,,0,,0,,0,,1,8:14
IceScout26/swagger-petstore-sqa,https://github.com/IceScout26/swagger-petstore-sqa,user_s1/createWithArray_relibility.js,yes,,0,,0,,0,,1,8:14
IceScout26/swagger-petstore-sqa,https://github.com/IceScout26/swagger-petstore-sqa,pet_s3/postPetId_compatibility.js,yes,,0,,0,,0,,1,4:12
IceScout26/swagger-petstore-sqa,https://github.com/IceScout26/swagger-petstore-sqa,user_s1/userBasic_compatibility.js,yes,,0,,0,,0,,1,4:12
IceScout26/swagger-petstore-sqa,https://github.com/IceScout26/swagger-petstore-sqa,pet_s3/getPetFindByStatus_usability.js,yes,,0,,0,,0,,1,4:12
IceScout26/swagger-petstore-sqa,https://github.com/IceScout26/swagger-petstore-sqa,user_s1/deleteUsername_relibility.js,yes,,0,,0,,0,,1,8:14
IceScout26/swagger-petstore-sqa,https://github.com/IceScout26/swagger-petstore-sqa,pet_s3/postPetId_performance.js,yes,,0,,0,,0,,1,8:14
IceScout26/swagger-petstore-sqa,https://github.com/IceScout26/swagger-petstore-sqa,pet_s3/deletePetId_usability.js,yes,,0,,0,,0,,1,4:12
MatheusGFritzke/chaos-test,https://github.com/MatheusGFritzke/chaos-test,load-generator/realistic-user.js,yes,,0,,0,,4,92:22; 115:24; 145:22; 181:22,0,
MatheusGFritzke/chaos-test,https://github.com/MatheusGFritzke/chaos-test,load-generator/basic-load.js,yes,,0,,0,,2,66:18; 81:14,0,
MatheusGFritzke/chaos-test,https://github.com/MatheusGFritzke/chaos-test,load-generator/chaos-test.js,yes,,0,,0,,0,,0,
MatheusGFritzke/chaos-test,https://github.com/MatheusGFritzke/chaos-test,load-generator/stress-test.js,yes,,0,,0,,2,69:18; 80:14,0,
6-BARK/PhotoGallery_Proxy,https://github.com/6-BARK/PhotoGallery_Proxy,JD-proxy/k6proxy.js,yes,,0,,1,28:1,0,,1,4:14
RafaelFerSilva/k6,https://github.com/RafaelFerSilva/k6,curso_k6/modulo3/14-per-vu-iterations.js,yes,,0,,1,15:1,0,,1,4:14
RafaelFerSilva/k6,https://github.com/RafaelFerSilva/k6,documentation/4-functional_behavior_check copy.js,yes,,0,,0,,0,,0,
RafaelFerSilva/k6,https://github.com/RafaelFerSilva/k6,curso_k6/modulo5/3-cloud.js,yes,,0,,0,,0,,0,
RafaelFerSilva/k6,https://github.com/RafaelFerSilva/k6,curso_k6/modulo3/1-ciclo-vida.js,yes,,0,,0,,0,,0,
RafaelFerSilva/k6,https://github.com/RafaelFerSilva/k6,curso_k6/modulo06/1-web.js,yes,,0,,0,,0,,0,
RafaelFerSilva/k6,https://github.com/RafaelFerSilva/k6,curso_k6/modulo3/7-metricas_trend.js,yes,,0,,1,18:1,0,,1,8:14
RafaelFerSilva/k6,https://github.com/RafaelFerSilva/k6,curso_k6/modulo4/1-cenario.js,yes,,0,,0,,0,,0,
RafaelFerSilva/k6,https://github.com/RafaelFerSilva/k6,testing_guides/5-spike_testing.js,yes,,0,,0,,0,,1,4:14
RafaelFerSilva/k6,https://github.com/RafaelFerSilva/k6,testing_guides/6-breakpoint_testing.js,yes,,0,,0,,0,,1,4:14
RafaelFerSilva/k6,https://github.com/RafaelFerSilva/k6,curso_k6/modulo4/4-cenario.js,yes,,0,,0,,0,,0,
RafaelFerSilva/k6,https://github.com/RafaelFerSilva/k6,curso_k6/modulo3/15-constants-vus.js,yes,,0,,1,14:1,0,,1,4:14
RafaelFerSilva/k6,https://github.com/RafaelFerSilva/k6,documentation/2-options.js,yes,,0,,1,12:1,0,,1,4:14
RafaelFerSilva/k6,https://github.com/RafaelFerSilva/k6,documentation/10-multiple-flows.js,yes,,0,,0,,4,18:11; 23:11; 33:15; 38:11,0,
RafaelFerSilva/k6,https://github.com/RafaelFerSilva/k6,curso_k6/modulo3/6-metricas_taxas.js,yes,,0,,1,16:1,0,,1,7:14
RafaelFerSilva/k6,https://github.com/RafaelFerSilva/k6,testing_guides/13-tratamento_erros.js,yes,,0,,0,,2,18:15; 32:5,1,9:14
RafaelFerSilva/k6,https://github.com/RafaelFerSilva/k6,documentation/11-contacts.js,yes,,0,,0,,2,10:15; 15:11,0,
RafaelFerSilva/k6,https://github.com/RafaelFerSilva/k6,curso_k6/modulo4/2-cenario.js,yes,,0,,0,,0,,0,
RafaelFerSilva/k6,https://github.com/RafaelFerSilva/k6,curso_k6/modulo3/8-thresholds.js,yes,,0,,0,,0,,0,
RafaelFerSilva/k6,https://github.com/RafaelFerSilva/k6,testing_guides/11-threshorlds.js,yes,,0,,0,,0,,0,
RafaelFerSilva/k6,https://github.com/RafaelFerSilva/k6,documentation/11-coinflip.js,yes,,0,,0,,2,10:15; 15:11,0,
RafaelFerSilva/k6,https://github.com/RafaelFerSilva/k6,curso_k6/modulo5/1-relatorio.js,yes,,0,,0,,0,,0,
RafaelFerSilva/k6,https://github.com/RafaelFerSilva/k6,testing_guides/12-parameters.js,yes,,0,,0,,0,,1,9:14
RafaelFerSilva/k6,https://github.com/RafaelFerSilva/k6,curso_k6/modulo3/12 - environment.js,yes,,0,,1,4:1,0,,0,
RafaelFerSilva/k6,https://github.com/RafaelFerSilva/k6,documentation/9-multiple-flows.js,yes,,0,,0,,4,11:5; 14:5; 20:5; 22:5,0,
RafaelFerSilva/k6,https://github.com/RafaelFerSilva/k6,curso_k6/modulo3/13-shared-iterations.js,yes,,0,,1,15:1,0,,1,4:14
RafaelFerSilva/k6,https://github.com/RafaelFerSilva/k6,testing_guides/10-check_status.js,yes,,0,,0,,0,,1,4:14
RafaelFerSilva/k6,https://github.com/RafaelFerSilva/k6,curso_k6/modulo3/9-modulos.js,yes,,0,,0,,0,,0,
RafaelFerSilva/k6,https://github.com/RafaelFerSilva/k6,curso_k6/modulo3/11-tags.js,yes,,0,,0,,0,,0,
RafaelFerSilva/k6,https://github.com/RafaelFerSilva/k6,curso_k6/modulo3/3-validacoes_checks.js,yes,,0,,0,,0,,1,4:14
RafaelFerSilva/k6,https://github.com/RafaelFerSilva/k6,curso_k6/modulo3/4-metricas_contadores.js,yes,,0,,1,12:1,0,,1,5:14
RafaelFerSilva/k6,https://github.com/RafaelFerSilva/k6,curso_k6/modulo3/10-groups.js,yes,,0,,0,,2,14:23; 22:23,0,
RafaelFerSilva/k6,https://github.com/RafaelFerSilva/k6,documentation/3-stages.js,yes,,0,,0,,0,,1,6:14
RafaelFerSilva/k6,https://github.com/RafaelFerSilva/k6,curso_k6/modulo3/5-metricas_medicao.js,yes,,0,,1,14:1,0,,1,6:14
RafaelFerSilva/k6,https://github.com/RafaelFerSilva/k6,testing_guides/4-soak_testing.js,yes,,0,,0,,0,,1,4:14
RafaelFerSilva/k6,https://github.com/RafaelFerSilva/k6,curso_k6/modulo4/3-cenario.js,yes,,0,,0,,0,,0,
RafaelFerSilva/k6,https://github.com/RafaelFerSilva/k6,testing_guides/3-stress_testing.js,yes,,0,,0,,0,,1,4:14
RafaelFerSilva/k6,https://github.com/RafaelFerSilva/k6,testing_guides/2-average_load_testing.js,yes,,0,,0,,0,,1,4:14
RafaelFerSilva/k6,https://github.com/RafaelFerSilva/k6,documentation/6-performance_tests_scenarios.js,yes,,0,,0,,0,,0,
RafaelFerSilva/k6,https://github.com/RafaelFerSilva/k6,documentation/5-performance_tests.js,yes,,0,,0,,0,,0,
RafaelFerSilva/k6,https://github.com/RafaelFerSilva/k6,documentation/7-performance_breackpoint_test.js,yes,,0,,0,,0,,0,
RafaelFerSilva/k6,https://github.com/RafaelFerSilva/k6,testing_guides/14-test_based_on_protocol.js,yes,,0,,0,,2,12:19; 25:15,0,
RafaelFerSilva/k6,https://github.com/RafaelFerSilva/k6,testing_guides/1-smoke_test.js,yes,,0,,0,,0,,1,4:14
RafaelFerSilva/k6,https://github.com/RafaelFerSilva/k6,documentation/1-my-first-test.js,yes,,0,,1,11:1,0,,1,7:14
RafaelFerSilva/k6,https://github.com/RafaelFerSilva/k6,curso_k6/modulo5/2-dashboard.js,yes,,0,,0,,0,,0,
Guspex/EBAC-QA,https://github.com/Guspex/EBAC-QA,Mod28/requests/products.request.js,yes,,0,,0,,0,,0,
Guspex/EBAC-QA,https://github.com/Guspex/EBAC-QA,Mod28/requests/user.request.js,yes,,0,,0,,0,,0,
Guspex/EBAC-QA,https://github.com/Guspex/EBAC-QA,Mod28/requests/customers.request.js,yes,,0,,0,,0,,0,
Guspex/EBAC-QA,https://github.com/Guspex/EBAC-QA,Mod28/requests/login.request.js,yes,,0,,0,,0,,0,
Guspex/EBAC-QA,https://github.com/Guspex/EBAC-QA,Mod28/simulations/user.test.js,yes,,0,,0,,0,,0,
Guspex/EBAC-QA,https://github.com/Guspex/EBAC-QA,Mod28/simulations/products.test.js,yes,,0,,0,,0,,0,
Guspex/EBAC-QA,https://github.com/Guspex/EBAC-QA,Mod28/simulations/customers.test.js,yes,,0,,0,,0,,0,
ren-joey/NestJS_dogcatstar,https://github.com/ren-joey/NestJS_dogcatstar,k6/script.js,yes,,0,,0,,4,12:22; 26:28; 48:28; 59:5,1,4:14
CHOHYUNHWA/concert-reservation-service,https://github.com/CHOHYUNHWA/concert-reservation-service,k6/scripts/api-queues-token.js,yes,,0,,0,,0,,0,
timpamungkasudemy/ai-assisted-testing-k6,https://github.com/timpamungkasudemy/ai-assisted-testing-k6,k6/004-working-with-http/http-post-one.js,yes,,0,,1,6:1,0,,0,
timpamungkasudemy/ai-assisted-testing-k6,https://github.com/timpamungkasudemy/ai-assisted-testing-k6,k6/013-parallel-call/ai/ai-parallel-call-05.js,yes,,0,,0,,2,37:23; 41:9,0,
timpamungkasudemy/ai-assisted-testing-k6,https://github.com/timpamungkasudemy/ai-assisted-testing-k6,k6/001-hello-k6/another-hello-k6.js,yes,,0,,1,58:1,0,,1,4:14
timpamungkasudemy/ai-assisted-testing-k6,https://github.com/timpamungkasudemy/ai-assisted-testing-k6,k6/005-checks/check-03.js,yes,,0,,0,,0,,0,
timpamungkasudemy/ai-assisted-testing-k6,https://github.com/timpamungkasudemy/ai-assisted-testing-k6,k6/005-checks/ai/ai-check-03.js,yes,,0,,0,,0,,0,
timpamungkasudemy/ai-assisted-testing-k6,https://github.com/timpamungkasudemy/ai-assisted-testing-k6,k6/007-tags/tags-04.js,yes,,0,,0,,0,,0,
timpamungkasudemy/ai-assisted-testing-k6,https://github.com/timpamungkasudemy/ai-assisted-testing-k6,k6/007-tags/tags-02.js,yes,,0,,1,27:1,0,,0,
timpamungkasudemy/ai-assisted-testing-k6,https://github.com/timpamungkasudemy/ai-assisted-testing-k6,k6/007-tags/ai/ai-tags-06.js,yes,,0,,0,,0,,0,
timpamungkasudemy/ai-assisted-testing-k6,https://github.com/timpamungkasudemy/ai-assisted-testing-k6,k6/011-data-correlation/ai/ai-data-correlation-01.js,yes,,0,,0,,3,30:20; 66:28; 80:29,0,
timpamungkasudemy/ai-assisted-testing-k6,https://github.com/timpamungkasudemy/ai-assisted-testing-k6,k6/016-lifecycle/ai/ai-lifecycle-06.js,yes,,0,,0,,4,25:22; 45:30; 84:5; 86:28,0,
timpamungkasudemy/ai-assisted-testing-k6,https://github.com/timpamungkasudemy/ai-assisted-testing-k6,k6/015-groups/ai/ai-groups-01.js,yes,,0,,0,,5,12:32; 13:30; 14:37; 35:35; 36:33,0,
timpamungkasudemy/ai-assisted-testing-k6,https://github.com/timpamungkasudemy/ai-assisted-testing-k6,k6/008-modules/ai/ai-modules-02.js,yes,,0,,0,,0,,0,
timpamungkasudemy/ai-assisted-testing-k6,https://github.com/timpamungkasudemy/ai-assisted-testing-k6,k6/009-http-debug/ai/ai-http-debug-01.js,yes,,0,,0,,0,,0,
timpamungkasudemy/ai-assisted-testing-k6,https://github.com/timpamungkasudemy/ai-assisted-testing-k6,k6/007-tags/tags-01.js,yes,,0,,1,6:1,0,,0,
timpamungkasudemy/ai-assisted-testing-k6,https://github.com/timpamungkasudemy/ai-assisted-testing-k6,k6/014-custom-metrics/ai/ai-custom-metrics-04.js,yes,,0,,1,9:1,0,,0,
timpamungkasudemy/ai-assisted-testing-k6,https://github.com/timpamungkasudemy/ai-assisted-testing-k6,k6/007-tags/tags-06.js,yes,,0,,0,,0,,0,
timpamungkasudemy/ai-assisted-testing-k6,https://github.com/timpamungkasudemy/ai-assisted-testing-k6,k6/008-modules/ai/ai-modules-04.js,yes,,0,,0,,0,,0,
timpamungkasudemy/ai-assisted-testing-k6,https://github.com/timpamungkasudemy/ai-assisted-testing-k6,k6/013-parallel-call/ai/ai-parallel-call-02.js,yes,,0,,0,,0,,0,
timpamungkasudemy/ai-assisted-testing-k6,https://github.com/timpamungkasudemy/ai-assisted-testing-k6,k6/006-thresholds/threshold-03.js,yes,,0,,1,6:1,0,,0,
timpamungkasudemy/ai-assisted-testing-k6,https://github.com/timpamungkasudemy/ai-assisted-testing-k6,k6/005-checks/ai/ai-check-01.js,yes,,0,,0,,0,,0,
timpamungkasudemy/ai-assisted-testing-k6,https://github.com/timpamungkasudemy/ai-assisted-testing-k6,k6/016-lifecycle/ai/ai-lifecycle-02.js,yes,,0,,0,,0,,0,
timpamungkasudemy/ai-assisted-testing-k6,https://github.com/timpamungkasudemy/ai-assisted-testing-k6,k6/009-http-debug/ai/ai-http-debug-02.js,yes,,0,,0,,0,,0,
timpamungkasudemy/ai-assisted-testing-k6,https://github.com/timpamungkasudemy/ai-assisted-testing-k6,k6/008-modules/ai/ai-modules-03.js,yes,,0,,0,,0,,0,
timpamungkasudemy/ai-assisted-testing-k6,https://github.com/timpamungkasudemy/ai-assisted-testing-k6,k6/007-tags/ai/ai-tags-04.js,yes,,0,,0,,0,,0,
timpamungkasudemy/ai-assisted-testing-k6,https://github.com/timpamungkasudemy/ai-assisted-testing-k6,k6/014-custom-metrics/ai/ai-custom-metrics-02.js,yes,,0,,1,9:1,0,,0,
timpamungkasudemy/ai-assisted-testing-k6,https://github.com/timpamungkasudemy/ai-assisted-testing-k6,k6/005-checks/check-01.js,yes,,0,,0,,0,,0,
timpamungkasudemy/ai-assisted-testing-k6,https://github.com/timpamungkasudemy/ai-assisted-testing-k6,k6/008-modules/ai/ai-modules-05.js,yes,,0,,0,,0,,0,
timpamungkasudemy/ai-assisted-testing-k6,https://github.com/timpamungkasudemy/ai-assisted-testing-k6,k6/007-tags/ai/ai-tags-05.js,yes,,0,,1,19:1,0,,0,
timpamungkasudemy/ai-assisted-testing-k6,https://github.com/timpamungkasudemy/ai-assisted-testing-k6,k6/012-http-redirect/ai/ai-http-redirect-02.js,yes,,0,,0,,0,,0,
timpamungkasudemy/ai-assisted-testing-k6,https://github.com/timpamungkasudemy/ai-assisted-testing-k6,k6/013-parallel-call/ai/ai-parallel-call-03.js,yes,,0,,0,,0,,0,
timpamungkasudemy/ai-assisted-testing-k6,https://github.com/timpamungkasudemy/ai-assisted-testing-k6,k6/012-http-redirect/ai/ai-http-redirect-01.js,yes,,0,,0,,0,,0,
timpamungkasudemy/ai-assisted-testing-k6,https://github.com/timpamungkasudemy/ai-assisted-testing-k6,k6/004-working-with-http/http-get-one.js,yes,,0,,1,6:1,0,,0,
timpamungkasudemy/ai-assisted-testing-k6,https://github.com/timpamungkasudemy/ai-assisted-testing-k6,k6/005-checks/ai/ai-check-02.js,yes,,0,,0,,0,,0,
timpamungkasudemy/ai-assisted-testing-k6,https://github.com/timpamungkasudemy/ai-assisted-testing-k6,k6/013-parallel-call/ai/ai-parallel-call-04.js,yes,,0,,0,,6,37:23; 40:5; 52:5; 64:5; 76:5; 88:5,0,
timpamungkasudemy/ai-assisted-testing-k6,https://github.com/timpamungkasudemy/ai-assisted-testing-k6,k6/007-tags/ai/ai-tags-01.js,yes,,0,,1,29:1,0,,0,
timpamungkasudemy/ai-assisted-testing-k6,https://github.com/timpamungkasudemy/ai-assisted-testing-k6,k6/004-working-with-http/ai/ai-http-json-response-one.js,yes,,0,,1,6:1,0,,0,
timpamungkasudemy/ai-assisted-testing-k6,https://github.com/timpamungkasudemy/ai-assisted-testing-k6,k6/008-modules/ai/ai-modules-01.js,yes,,0,,0,,0,,0,
timpamungkasudemy/ai-assisted-testing-k6,https://github.com/timpamungkasudemy/ai-assisted-testing-k6,k6/004-working-with-http/http-delete-one.js,yes,,0,,1,6:1,0,,0,
timpamungkasudemy/ai-assisted-testing-k6,https://github.com/timpamungkasudemy/ai-assisted-testing-k6,k6/006-thresholds/threshold-01.js,yes,,0,,1,14:1,0,,0,
timpamungkasudemy/ai-assisted-testing-k6,https://github.com/timpamungkasudemy/ai-assisted-testing-k6,k6/017-environment-variable/ai/ai-environment-variable-01.js,yes,,0,,0,,0,,0,
timpamungkasudemy/ai-assisted-testing-k6,https://github.com/timpamungkasudemy/ai-assisted-testing-k6,k6/004-working-with-http/http-json-response-one.js,yes,,0,,1,6:1,0,,0,
timpamungkasudemy/ai-assisted-testing-k6,https://github.com/timpamungkasudemy/ai-assisted-testing-k6,k6/015-groups/ai/ai-groups-05.js,yes,,0,,0,,7,20:32; 21:30; 22:37; 40:35; 41:41; 73:35; 74:33,0,
timpamungkasudemy/ai-assisted-testing-k6,https://github.com/timpamungkasudemy/ai-assisted-testing-k6,k6/006-thresholds/threshold-04.js,yes,,0,,0,,2,12:20; 15:3,0,
timpamungkasudemy/ai-assisted-testing-k6,https://github.com/timpamungkasudemy/ai-assisted-testing-k6,k6/004-working-with-http/http-get-two.js,yes,,0,,1,6:1,0,,0,
timpamungkasudemy/ai-assisted-testing-k6,https://github.com/timpamungkasudemy/ai-assisted-testing-k6,k6/004-working-with-http/ai/ai-http-json-response-two.js,yes,,0,,1,6:1,0,,0,
timpamungkasudemy/ai-assisted-testing-k6,https://github.com/timpamungkasudemy/ai-assisted-testing-k6,k6/004-working-with-http/ai/ai-http-get-two.js,yes,,0,,1,7:1,0,,0,
timpamungkasudemy/ai-assisted-testing-k6,https://github.com/timpamungkasudemy/ai-assisted-testing-k6,k6/006-thresholds/ai/ai-threshold-03.js,yes,,0,,1,6:1,0,,0,
timpamungkasudemy/ai-assisted-testing-k6,https://github.com/timpamungkasudemy/ai-assisted-testing-k6,k6/004-working-with-http/http-json-response-two.js,yes,,0,,1,6:1,0,,0,
timpamungkasudemy/ai-assisted-testing-k6,https://github.com/timpamungkasudemy/ai-assisted-testing-k6,k6/016-lifecycle/ai/ai-lifecycle-04.js,yes,,0,,1,14:1,0,,0,
timpamungkasudemy/ai-assisted-testing-k6,https://github.com/timpamungkasudemy/ai-assisted-testing-k6,k6/015-groups/ai/ai-groups-03.js,yes,,0,,0,,7,12:32; 13:30; 14:37; 32:35; 33:41; 65:35; 66:33,0,
timpamungkasudemy/ai-assisted-testing-k6,https://github.com/timpamungkasudemy/ai-assisted-testing-k6,k6/006-thresholds/ai/ai-threshold-02.js,yes,,0,,1,6:1,0,,0,
timpamungkasudemy/ai-assisted-testing-k6,https://github.com/timpamungkasudemy/ai-assisted-testing-k6,k6/007-tags/ai/ai-tags-02.js,yes,,0,,1,7:1,0,,0,
timpamungkasudemy/ai-assisted-testing-k6,https://github.com/timpamungkasudemy/ai-assisted-testing-k6,k6/002-k6-command-line/ai/ai-run-me.js,yes,,0,,1,7:1,0,,0,
timpamungkasudemy/ai-assisted-testing-k6,https://github.com/timpamungkasudemy/ai-assisted-testing-k6,k6/006-thresholds/threshold-02.js,yes,,0,,1,6:1,0,,0,
timpamungkasudemy/ai-assisted-testing-k6,https://github.com/timpamungkasudemy/ai-assisted-testing-k6,k6/016-lifecycle/ai/ai-lifecycle-05.js,yes,,0,,0,,0,,0,
timpamungkasudemy/ai-assisted-testing-k6,https://github.com/timpamungkasudemy/ai-assisted-testing-k6,k6/007-tags/tags-05.js,yes,,0,,1,7:1,0,,0,
timpamungkasudemy/ai-assisted-testing-k6,https://github.com/timpamungkasudemy/ai-assisted-testing-k6,k6/005-checks/check-02.js,yes,,0,,0,,0,,0,
timpamungkasudemy/ai-assisted-testing-k6,https://github.com/timpamungkasudemy/ai-assisted-testing-k6,k6/007-tags/tags-03.js,yes,,0,,1,6:1,2,7:5; 8:5,0,
timpamungkasudemy/ai-assisted-testing-k6,https://github.com/timpamungkasudemy/ai-assisted-testing-k6,k6/002-k6-command-line/run-me-with-sleep.js,yes,,0,,1,6:1,0,,0,
timpamungkasudemy/ai-assisted-testing-k6,https://github.com/timpamungkasudemy/ai-assisted-testing-k6,k6/004-working-with-http/ai/ai-http-get-one.js,yes,,0,,1,6:1,0,,0,
timpamungkasudemy/ai-assisted-testing-k6,https://github.com/timpamungkasudemy/ai-assisted-testing-k6,k6/099-tips/ai/ai-self-signed-certificate.js,yes,,0,,0,,0,,0,
timpamungkasudemy/ai-assisted-testing-k6,https://github.com/timpamungkasudemy/ai-assisted-testing-k6,k6/015-groups/ai/ai-groups-02.js,yes,,0,,0,,5,12:32; 13:30; 14:37; 50:35; 51:33,0,
timpamungkasudemy/ai-assisted-testing-k6,https://github.com/timpamungkasudemy/ai-assisted-testing-k6,k6/014-custom-metrics/ai/ai-custom-metrics-01.js,yes,,0,,1,10:1,0,,0,
timpamungkasudemy/ai-assisted-testing-k6,https://github.com/timpamungkasudemy/ai-assisted-testing-k6,k6/014-custom-metrics/ai/ai-custom-metrics-03.js,yes,,0,,1,10:1,0,,0,
timpamungkasudemy/ai-assisted-testing-k6,https://github.com/timpamungkasudemy/ai-assisted-testing-k6,k6/006-thresholds/ai/ai-threshold-01.js,yes,,0,,1,19:1,0,,0,
timpamungkasudemy/ai-assisted-testing-k6,https://github.com/timpamungkasudemy/ai-assisted-testing-k6,k6/006-thresholds/ai/ai-threshold-04.js,yes,,0,,0,,0,,0,
timpamungkasudemy/ai-assisted-testing-k6,https://github.com/timpamungkasudemy/ai-assisted-testing-k6,k6/007-tags/ai/ai-tags-03.js,yes,,0,,1,18:1,2,20:20; 21:21,0,
timpamungkasudemy/ai-assisted-testing-k6,https://github.com/timpamungkasudemy/ai-assisted-testing-k6,k6/013-parallel-call/ai/ai-parallel-call-01.js,yes,,0,,0,,0,,0,
timpamungkasudemy/ai-assisted-testing-k6,https://github.com/timpamungkasudemy/ai-assisted-testing-k6,k6/004-working-with-http/ai/ai-http-delete-one.js,yes,,0,,1,7:1,0,,0,
timpamungkasudemy/ai-assisted-testing-k6,https://github.com/timpamungkasudemy/ai-assisted-testing-k6,k6/013-parallel-call/ai/ai-sequential-call-01.js,yes,,0,,0,,5,7:16; 8:16; 26:16; 27:16; 28:16,0,
timpamungkasudemy/ai-assisted-testing-k6,https://github.com/timpamungkasudemy/ai-assisted-testing-k6,k6/003-test-options/ai/run-me-with-options.js,yes,,0,,1,24:1,0,,1,12:14
timpamungkasudemy/ai-assisted-testing-k6,https://github.com/timpamungkasudemy/ai-assisted-testing-k6,k6/004-working-with-http/http-patch-one.js,yes,,0,,1,6:1,0,,0,
timpamungkasudemy/ai-assisted-testing-k6,https://github.com/timpamungkasudemy/ai-assisted-testing-k6,k6/004-working-with-http/http-put-one.js,yes,,0,,1,6:1,0,,0,
timpamungkasudemy/ai-assisted-testing-k6,https://github.com/timpamungkasudemy/ai-assisted-testing-k6,k6/004-working-with-http/http-get-three.js,yes,,0,,1,6:1,0,,0,
timpamungkasudemy/ai-assisted-testing-k6,https://github.com/timpamungkasudemy/ai-assisted-testing-k6,k6/004-working-with-http/ai/ai-http-get-three.js,yes,,0,,1,7:1,0,,0,
timpamungkasudemy/ai-assisted-testing-k6,https://github.com/timpamungkasudemy/ai-assisted-testing-k6,k6/010-test-data/ai/ai-test-data-03.js,yes,,0,,1,22:1,0,,0,
timpamungkasudemy/ai-assisted-testing-k6,https://github.com/timpamungkasudemy/ai-assisted-testing-k6,k6/010-test-data/ai/ai-test-data-02.js,yes,,1,19:17,1,24:1,0,,0,
timpamungkasudemy/ai-assisted-testing-k6,https://github.com/timpamungkasudemy/ai-assisted-testing-k6,k6/003-test-options/run-me-with-options.js,yes,,0,,1,20:1,0,,1,12:14
timpamungkasudemy/ai-assisted-testing-k6,https://github.com/timpamungkasudemy/ai-assisted-testing-k6,k6/010-test-data/ai/ai-test-data-01.js,yes,,0,,0,,0,,0,
timpamungkasudemy/ai-assisted-testing-k6,https://github.com/timpamungkasudemy/ai-assisted-testing-k6,k6/009-http-debug/ai/ai-http-debug-03.js,yes,,0,,0,,0,,0,
timpamungkasudemy/ai-assisted-testing-k6,https://github.com/timpamungkasudemy/ai-assisted-testing-k6,k6/015-groups/ai/ai-groups-04.js,yes,,0,,0,,7,12:32; 13:30; 14:37; 32:35; 33:41; 65:35; 66:33,0,
timpamungkasudemy/ai-assisted-testing-k6,https://github.com/timpamungkasudemy/ai-assisted-testing-k6,k6/002-k6-command-line/ai/ai-run-me-with-sleep.js,yes,,0,,1,7:1,0,,0,
timpamungkasudemy/ai-assisted-testing-k6,https://github.com/timpamungkasudemy/ai-assisted-testing-k6,k6/003-test-options/run-me-without-options.js,yes,,0,,1,6:1,0,,0,
timpamungkasudemy/ai-assisted-testing-k6,https://github.com/timpamungkasudemy/ai-assisted-testing-k6,k6/003-test-options/ai/run-me-without-options.js,yes,,0,,1,6:1,0,,0,
NelsonBN/samples-k6-tests,https://github.com/NelsonBN/samples-k6-tests,src/http-requests/verbs-get.js,yes,,0,,0,,0,,0,
NelsonBN/samples-k6-tests,https://github.com/NelsonBN/samples-k6-tests,src/http-requests/verbs-put.js,yes,,0,,0,,0,,0,
saimanikumar67/k6_scripts_testing,https://github.com/saimanikumar67/k6_scripts_testing,k6_postman/k6_cpu_mem_responsetime.js,yes,,0,,1,31:17,0,,0,
saimanikumar67/k6_scripts_testing,https://github.com/saimanikumar67/k6_scripts_testing,k6_postman/prac.js,yes,,0,,1,8:1,0,,0,
saimanikumar67/k6_scripts_testing,https://github.com/saimanikumar67/k6_scripts_testing,libs/shim/core.js,yes,,0,,0,,3,505:7; 518:9; 1261:5,1,241:23
saimanikumar67/k6_scripts_testing,https://github.com/saimanikumar67/k6_scripts_testing,k6_zload_testing_websites/script.js,yes,,0,,0,,2,12:19; 25:15,0,
saimanikumar67/k6_scripts_testing,https://github.com/saimanikumar67/k6_scripts_testing,k6_thresh_hold_type/thresh_group_individual.js,yes,,0,,0,,4,15:5; 16:5; 17:5; 21:5,0,
saimanikumar67/k6_scripts_testing,https://github.com/saimanikumar67/k6_scripts_testing,k6_types_of_tests/sample_smoke_test.js,yes,,0,,0,,3,18:20; 33:21; 34:3,0,
saimanikumar67/k6_scripts_testing,https://github.com/saimanikumar67/k6_scripts_testing,k6_types_of_tests/sample_load_test.js,yes,,0,,0,,3,22:20; 37:21; 38:3,0,
saimanikumar67/k6_scripts_testing,https://github.com/saimanikumar67/k6_scripts_testing,k6_types_of_tests/soak.js,yes,,0,,1,16:1,0,,1,5:14
liweiyuan/students-manager,https://github.com/liweiyuan/students-manager,stressTest.js,yes,,0,,0,,0,,0,
saksham012345/trek-tribe,https://github.com/saksham012345/trek-tribe,k6/ticket_creation.js,yes,,0,,0,,0,,1,4:12
saksham012345/trek-tribe,https://github.com/saksham012345/trek-tribe,k6/socket_handshake.js,yes,,0,,0,,0,,1,5:12
saksham012345/trek-tribe,https://github.com/saksham012345/trek-tribe,k6/webhook_burst.js,yes,,0,,0,,0,,1,4:12
DFE-Digital/publish-teacher-training,https://github.com/DFE-Digital/publish-teacher-training,load_testing/find/journeys/course-details.js,yes,,0,,0,,4,9:30; 20:30; 35:30; 40:32,0,
DFE-Digital/publish-teacher-training,https://github.com/DFE-Digital/publish-teacher-training,load_testing/find/utils/checks.js,yes,,0,,0,,0,,0,
DFE-Digital/publish-teacher-training,https://github.com/DFE-Digital/publish-teacher-training,load_testing/find/journeys/pagination.js,yes,,0,,0,,1,10:24,0,
DFE-Digital/publish-teacher-training,https://github.com/DFE-Digital/publish-teacher-training,load_testing/shared/utils/performance-checks.js,yes,,0,,0,,0,,0,
DFE-Digital/publish-teacher-training,https://github.com/DFE-Digital/publish-teacher-training,load_testing/find/journeys/search-and-filter.js,yes,,0,,0,,3,16:24; 40:24; 62:24,0,
DFE-Digital/publish-teacher-training,https://github.com/DFE-Digital/publish-teacher-training,load_testing/find/journeys/homepage.js,yes,,0,,0,,0,,0,
DFE-Digital/publish-teacher-training,https://github.com/DFE-Digital/publish-teacher-training,load_testing/find/load-test.js,yes,,0,,0,,0,,1,32:14
Magnificent-Malasada/productOverview,https://github.com/Magnificent-Malasada/productOverview,k6/allProducts.js,yes,,0,,0,,0,,1,57:12
GyanaprakashKhandual/Automation-Functional-Py-Test,https://github.com/GyanaprakashKhandual/Automation-Functional-Py-Test,gmppages/ahm.js,yes,,0,,0,,0,,0,
GyanaprakashKhandual/Automation-Functional-Py-Test,https://github.com/GyanaprakashKhandual/Automation-Functional-Py-Test,gmppages/aia.js,yes,,0,,0,,0,,0,
GyanaprakashKhandual/Automation-Functional-Py-Test,https://github.com/GyanaprakashKhandual/Automation-Functional-Py-Test,gmppages/nib.js,yes,,0,,0,,0,,0,
GyanaprakashKhandual/Automation-Functional-Py-Test,https://github.com/GyanaprakashKhandual/Automation-Functional-Py-Test,gmppages/bupa.js,yes,,0,,0,,0,,0,
GyanaprakashKhandual/Automation-Functional-Py-Test,https://github.com/GyanaprakashKhandual/Automation-Functional-Py-Test,gmppages/ovhc.js,yes,,0,,0,,0,,0,
GyanaprakashKhandual/Automation-Functional-Py-Test,https://github.com/GyanaprakashKhandual/Automation-Functional-Py-Test,gmppages/ohsc.js,yes,,0,,0,,0,,0,
GyanaprakashKhandual/Automation-Functional-Py-Test,https://github.com/GyanaprakashKhandual/Automation-Functional-Py-Test,gmppages/blog.js,yes,,0,,0,,0,,0,
GyanaprakashKhandual/Automation-Functional-Py-Test,https://github.com/GyanaprakashKhandual/Automation-Functional-Py-Test,gmppages/allianz.js,yes,,0,,0,,0,,0,
GyanaprakashKhandual/Automation-Functional-Py-Test,https://github.com/GyanaprakashKhandual/Automation-Functional-Py-Test,gmppages/mediabank.js,yes,,0,,0,,0,,0,
GyanaprakashKhandual/Automation-Functional-Py-Test,https://github.com/GyanaprakashKhandual/Automation-Functional-Py-Test,gmpapis/sendOTP.js,yes,,0,,0,,0,,0,
GyanaprakashKhandual/Automation-Functional-Py-Test,https://github.com/GyanaprakashKhandual/Automation-Functional-Py-Test,gmpapis/tauthprovider.js,yes,,0,,0,,0,,0,
GyanaprakashKhandual/Automation-Functional-Py-Test,https://github.com/GyanaprakashKhandual/Automation-Functional-Py-Test,gmpapis/getallvistype.js,yes,,0,,0,,0,,0,
GyanaprakashKhandual/Automation-Functional-Py-Test,https://github.com/GyanaprakashKhandual/Automation-Functional-Py-Test,gmpapis/tovhtauthprovider.js,yes,,0,,0,,0,,0,
jwcastillo/0_to_100_k6,https://github.com/jwcastillo/0_to_100_k6,challengues/ecommerce/base.js,yes,,0,,0,,12,30:16; 39:16; 51:16; 60:16; 77:16; 86:16; 100:16; 131:16; 162:16; 193:16; 226:18; 236:18,1,5:14
jwcastillo/0_to_100_k6,https://github.com/jwcastillo/0_to_100_k6,fundation/http_getv2.js,yes,,0,,0,,6,16:15; 17:9; 24:15; 25:9; 35:15; 36:9,0,
jwcastillo/0_to_100_k6,https://github.com/jwcastillo/0_to_100_k6,browser/test.browser.03.js,yes,,0,,0,,0,,0,
kwishna/Grafana-K6-performance-test,https://github.com/kwishna/Grafana-K6-performance-test,src/course-tutorial/auth/basic-auth.js,yes,,0,,0,,2,15:13; 33:9,0,
kwishna/Grafana-K6-performance-test,https://github.com/kwishna/Grafana-K6-performance-test,src/course-tutorial/example/core-k6.js,yes,,0,,0,,9,24:15; 33:20; 39:3; 68:17; 79:17; 81:5; 86:17; 99:20; 101:32,1,4:14
kwishna/Grafana-K6-performance-test,https://github.com/kwishna/Grafana-K6-performance-test,src/basics/k6-basics--checks-02.js,yes,,0,,0,,0,,0,
kwishna/Grafana-K6-performance-test,https://github.com/kwishna/Grafana-K6-performance-test,src/basics/k6-basics--03.js,yes,,0,,0,,0,,1,5:14
kwishna/Grafana-K6-performance-test,https://github.com/kwishna/Grafana-K6-performance-test,src/basics/k6-basics--threshold.js,yes,,0,,1,42:1,0,,0,
kwishna/Grafana-K6-performance-test,https://github.com/kwishna/Grafana-K6-performance-test,src/basics/k6-basics--checks-04.js,yes,,0,,0,,0,,0,
kwishna/Grafana-K6-performance-test,https://github.com/kwishna/Grafana-K6-performance-test,src/k6-official-site/basics--001.js,yes,,0,,1,9:1,0,,1,4:14
kwishna/Grafana-K6-performance-test,https://github.com/kwishna/Grafana-K6-performance-test,src/course-tutorial/code--003-browser.js,yes,,0,,0,,0,,0,
kwishna/Grafana-K6-performance-test,https://github.com/kwishna/Grafana-K6-performance-test,src/basics/k6-basics--checks-01.js,yes,,0,,0,,0,,0,
kwishna/Grafana-K6-performance-test,https://github.com/kwishna/Grafana-K6-performance-test,src/course-tutorial/influxdb-report.js,yes,,0,,1,23:1,0,,0,
kwishna/Grafana-K6-performance-test,https://github.com/kwishna/Grafana-K6-performance-test,src/basics/k6-basics--check-tag-threshold.js,yes,,0,,0,,4,15:9; 16:3; 20:9; 21:3,0,
kwishna/Grafana-K6-performance-test,https://github.com/kwishna/Grafana-K6-performance-test,src/course-tutorial/random-values.js,yes,,0,,1,12:1,0,,0,
kwishna/Grafana-K6-performance-test,https://github.com/kwishna/Grafana-K6-performance-test,src/course-tutorial/req-headers.js,yes,,0,,0,,2,5:15; 10:11,0,
kwishna/Grafana-K6-performance-test,https://github.com/kwishna/Grafana-K6-performance-test,src/course-tutorial/authentication-post.js,yes,,0,,1,4:1,3,11:5; 21:15; 39:5,0,
kwishna/Grafana-K6-performance-test,https://github.com/kwishna/Grafana-K6-performance-test,src/course-tutorial/example/cookies-1.js,yes,,0,,0,,3,5:15; 9:16; 20:16,0,
kwishna/Grafana-K6-performance-test,https://github.com/kwishna/Grafana-K6-performance-test,src/course-tutorial/code--001.js,yes,,0,,1,4:1,0,,0,
kwishna/Grafana-K6-performance-test,https://github.com/kwishna/Grafana-K6-performance-test,src/deep-dive/k6--ramp-up-down.js,yes,,0,,0,,0,,1,4:14
kwishna/Grafana-K6-performance-test,https://github.com/kwishna/Grafana-K6-performance-test,src/course-tutorial/example/soap.js,yes,,0,,0,,0,,0,
kwishna/Grafana-K6-performance-test,https://github.com/kwishna/Grafana-K6-performance-test,src/basics/k6-basics_http-batch--03.js,yes,,0,,0,,0,,0,
kwishna/Grafana-K6-performance-test,https://github.com/kwishna/Grafana-K6-performance-test,src/basics/k6-basics--taggings.js,yes,,0,,0,,0,,0,
kwishna/Grafana-K6-performance-test,https://github.com/kwishna/Grafana-K6-performance-test,src/course-tutorial/example/websocket.js,yes,,0,,0,,0,,1,8:14
kwishna/Grafana-K6-performance-test,https://github.com/kwishna/Grafana-K6-performance-test,src/course-tutorial/auth/digest-auth.js,yes,,0,,0,,0,,0,
kwishna/Grafana-K6-performance-test,https://github.com/kwishna/Grafana-K6-performance-test,src/course-tutorial/code--007-browser.js,yes,,0,,0,,0,,0,
kwishna/Grafana-K6-performance-test,https://github.com/kwishna/Grafana-K6-performance-test,src/basics/k6-basics--checks-03.js,yes,,0,,0,,0,,0,
kwishna/Grafana-K6-performance-test,https://github.com/kwishna/Grafana-K6-performance-test,src/course-tutorial/custom-tags.js,yes,,0,,0,,0,,0,
kwishna/Grafana-K6-performance-test,https://github.com/kwishna/Grafana-K6-performance-test,src/course-tutorial/post-request.js,yes,,0,,1,4:1,0,,0,
kwishna/Grafana-K6-performance-test,https://github.com/kwishna/Grafana-K6-performance-test,src/course-tutorial/code--006-report.js,yes,,0,,1,13:1,0,,1,8:14
kwishna/Grafana-K6-performance-test,https://github.com/kwishna/Grafana-K6-performance-test,src/course-tutorial/example/tls.js,yes,,0,,0,,0,,1,4:14
kwishna/Grafana-K6-performance-test,https://github.com/kwishna/Grafana-K6-performance-test,src/course-tutorial/code-groups.js,yes,,0,,0,,4,19:19; 23:13; 24:13; 30:9,0,
kwishna/Grafana-K6-performance-test,https://github.com/kwishna/Grafana-K6-performance-test,src/ui/tests/poc.spec.js,yes,,0,,0,,0,,0,
kwishna/Grafana-K6-performance-test,https://github.com/kwishna/Grafana-K6-performance-test,src/course-tutorial/correlation-test.js,yes,,0,,0,,2,5:15; 10:11,0,
kwishna/Grafana-K6-performance-test,https://github.com/kwishna/Grafana-K6-performance-test,src/course-tutorial/grouping-test.js,yes,,0,,0,,4,16:19; 20:13; 21:13; 26:9,0,
kwishna/Grafana-K6-performance-test,https://github.com/kwishna/Grafana-K6-performance-test,src/course-tutorial/abort-test.js,yes,,0,,1,17:1,0,,1,5:14
overist/hhd-plus-e-commerce,https://github.com/overist/hhd-plus-e-commerce,k6/common/setup.js,yes,,0,,0,,0,,0,
overist/hhd-plus-e-commerce,https://github.com/overist/hhd-plus-e-commerce,k6/issue-coupon.script.js,yes,,0,,0,,0,,0,
overist/hhd-plus-e-commerce,https://github.com/overist/hhd-plus-e-commerce,k6/balance-charge.script.js,yes,,0,,0,,0,,0,
Examgruppe2022/chatman,https://github.com/Examgruppe2022/chatman,performanceTests/stressTest.js,yes,,0,,1,16:1,0,,0,
rpp36-sdc-smtp/smtp-serena-QnA,https://github.com/rpp36-sdc-smtp/smtp-serena-QnA,server/K6/stressTest_postAnswer.js,yes,,0,,0,,2,31:3; 31:9,0,
rpp36-sdc-smtp/smtp-serena-QnA,https://github.com/rpp36-sdc-smtp/smtp-serena-QnA,server/K6/stressTest_reportAnswer.js,yes,,0,,0,,2,26:3; 26:9,0,
rpp36-sdc-smtp/smtp-serena-QnA,https://github.com/rpp36-sdc-smtp/smtp-serena-QnA,server/K6/stressTest_reportQuestion.js,yes,,0,,0,,2,25:3; 25:9,0,
rpp36-sdc-smtp/smtp-serena-QnA,https://github.com/rpp36-sdc-smtp/smtp-serena-QnA,server/K6/stressTest_getAnswers.js,yes,,0,,0,,2,25:3; 25:9,0,
rpp36-sdc-smtp/smtp-serena-QnA,https://github.com/rpp36-sdc-smtp/smtp-serena-QnA,server/K6/stressTest_voteAnswer.js,yes,,0,,0,,2,26:3; 26:9,0,
rpp36-sdc-smtp/smtp-serena-QnA,https://github.com/rpp36-sdc-smtp/smtp-serena-QnA,server/K6/stressTest_getQuestions.js,yes,,0,,0,,2,26:3; 26:9,0,
rpp36-sdc-smtp/smtp-serena-QnA,https://github.com/rpp36-sdc-smtp/smtp-serena-QnA,server/K6/stressTest_postQuestion.js,yes,,0,,0,,2,32:3; 32:9,0,
rpp36-sdc-smtp/smtp-serena-QnA,https://github.com/rpp36-sdc-smtp/smtp-serena-QnA,server/K6/stressTest_voteQuestion.js,yes,,0,,0,,2,25:3; 25:9,0,
rpp36-sdc-smtp/smtp-serena-QnA,https://github.com/rpp36-sdc-smtp/smtp-serena-QnA,server/K6/loadTestScript.js,yes,,0,,0,,2,17:3; 17:9,1,7:14
rpp36-sdc-smtp/smtp-othniel-reviews,https://github.com/rpp36-sdc-smtp/smtp-othniel-reviews,server/K6/putReportScript.js,yes,,0,,0,,0,,0,
rpp36-sdc-smtp/smtp-othniel-reviews,https://github.com/rpp36-sdc-smtp/smtp-othniel-reviews,server/K6/script.js,yes,,0,,0,,0,,0,
rpp36-sdc-smtp/smtp-othniel-reviews,https://github.com/rpp36-sdc-smtp/smtp-othniel-reviews,server/K6/testScript.js,yes,,0,,0,,0,,0,
rpp36-sdc-smtp/smtp-othniel-reviews,https://github.com/rpp36-sdc-smtp/smtp-othniel-reviews,server/K6/putHelpScript.js,yes,,0,,0,,0,,0,
rpp36-sdc-smtp/smtp-othniel-reviews,https://github.com/rpp36-sdc-smtp/smtp-othniel-reviews,server/K6/getReviewsMetaScript.js,yes,,0,,0,,0,,0,
rpp36-sdc-smtp/smtp-othniel-reviews,https://github.com/rpp36-sdc-smtp/smtp-othniel-reviews,server/K6/postReviewsScript.js,yes,,0,,0,,0,,0,
HuaHsuan-Liang/ScaleableResourceForDocker,https://github.com/HuaHsuan-Liang/ScaleableResourceForDocker,ENV_Docker/script.js,yes,,0,,1,23:1,0,,1,7:14
aquonAttheHub/data-science-2023-2024,https://github.com/aquonAttheHub/data-science-2023-2024,Machine_Learning_Engineering/PyTorch_FastAPI_Project/load.js,yes,,0,,0,,0,,0,
aquonAttheHub/data-science-2023-2024,https://github.com/aquonAttheHub/data-science-2023-2024,Machine_Learning_Engineering/Metrics_Performance_LoadTesting/load.js,yes,,0,,0,,0,,0,
HugoBouttes/poc-queen-mongodb,https://github.com/HugoBouttes/poc-queen-mongodb,Scripts/script4.js,yes,,0,,0,,7,73:17; 81:18; 88:18; 101:20; 143:25; 153:24; 163:24,1,7:14
yoandiny/manasoa-education-backend,https://github.com/yoandiny/manasoa-education-backend,reportCard.js,yes,,0,,0,,0,,0,
aotearoan/neon,https://github.com/aotearoan/neon,src/app/views/user-input/select/Select.ts,yes,,0,,0,,0,,0,
aotearoan/neon,https://github.com/aotearoan/neon,src/app/views/design/kitchen-sink/KitchenSink.ts,yes,,0,,0,,0,,0,
aotearoan/neon,https://github.com/aotearoan/neon,src/components/user-input/select/NeonSelect.spec.ts,yes,,0,,0,,0,,0,
aotearoan/neon,https://github.com/aotearoan/neon,src/app/views/user-input/search/Search.ts,yes,,0,,0,,0,,0,
PropaneC3H8/TaskManager,https://github.com/PropaneC3H8/TaskManager,loadtest/tasks_k6.js,no,git clone failed (status 128),0,,0,,0,,0,
triszt4n/streamzen-monorepo,https://github.com/triszt4n/streamzen-monorepo,perftesting/script_old.js,yes,,0,,0,,0,,1,4:14
triszt4n/streamzen-monorepo,https://github.com/triszt4n/streamzen-monorepo,perftesting/script2.js,yes,,0,,0,,0,,1,4:14
triszt4n/streamzen-monorepo,https://github.com/triszt4n/streamzen-monorepo,perftesting/_archive_script.js,yes,,0,,0,,2,14:17; 23:17,1,4:14
triszt4n/streamzen-monorepo,https://github.com/triszt4n/streamzen-monorepo,perftesting/script.js,yes,,0,,0,,0,,1,4:14
JS-Ranker/Monitoreo_k6,https://github.com/JS-Ranker/Monitoreo_k6,Monitoreo_k6/steps/addToCart.js,yes,,0,,0,,0,,0,
JS-Ranker/Monitoreo_k6,https://github.com/JS-Ranker/Monitoreo_k6,Monitoreo_k6/steps/submitLogin.js,yes,,0,,0,,0,,0,
hr-rfp55-sdc2-cucco/questions-answers-endpoint,https://github.com/hr-rfp55-sdc2-cucco/questions-answers-endpoint,script.js,yes,,0,,1,9:1,0,,1,4:12
mwebler/railway-test,https://github.com/mwebler/railway-test,load_testing/constant_rps.js,yes,,0,,1,17:1,0,,1,5:14
mwebler/railway-test,https://github.com/mwebler/railway-test,load_testing/high_load.js,yes,,0,,1,17:1,0,,1,5:14
Challe-P/report-load-tests,https://github.com/Challe-P/report-load-tests,script-html-report.js,yes,,0,,0,,2,15:3; 15:9,0,
Challe-P/report-load-tests,https://github.com/Challe-P/report-load-tests,script.js,yes,,0,,0,,2,14:3; 14:9,0,
Challe-P/report-load-tests,https://github.com/Challe-P/report-load-tests,load-test-script.js,yes,,0,,0,,4,75:23; 81:5; 87:5; 95:5,0,
Challe-P/report-load-tests,https://github.com/Challe-P/report-load-tests,load-test-script-html-summary.js,yes,,0,,0,,4,76:23; 81:5; 87:5; 95:5,0,
SyBeRGEN/web_tours_k6_test,https://github.com/SyBeRGEN/web_tours_k6_test,utils/httpClient.js,yes,,0,,0,,3,12:19; 15:19; 21:5,0,
RustTest/wavReader,https://github.com/RustTest/wavReader,voxflowTesting.js,yes,,0,,0,,0,,1,8:14
up2code/demo-dev-container,https://github.com/up2code/demo-dev-container,spring-boot/k6/perf_api_post_events.js,yes,,0,,0,,0,,1,4:12
spk364/procomp,https://github.com/spk364/procomp,perf/ws/ws_tournament_broadcast.js,yes,,0,,0,,0,,1,6:14
spk364/procomp,https://github.com/spk364/procomp,perf/ws/ws_match_broadcast.js,yes,,0,,0,,0,,0,
spk364/procomp,https://github.com/spk364/procomp,perf/api/http_smoke.js,yes,,0,,0,,0,,1,4:14
attaryu/k6-grafana-training,https://github.com/attaryu/k6-grafana-training,src/helper/user.js,yes,,0,,0,,0,,0,
attaryu/k6-grafana-training,https://github.com/attaryu/k6-grafana-training,src/get-user.js,yes,,0,,0,,2,18:25; 36:27,1,5:14
attaryu/k6-grafana-training,https://github.com/attaryu/k6-grafana-training,src/register.js,yes,,0,,0,,3,19:28; 40:25; 58:27,1,4:14
attaryu/k6-grafana-training,https://github.com/attaryu/k6-grafana-training,src/stages.js,yes,,0,,1,12:1,0,,1,4:14
attaryu/k6-grafana-training,https://github.com/attaryu/k6-grafana-training,src/helper/contact.js,yes,,0,,0,,0,,0,
attaryu/k6-grafana-training,https://github.com/attaryu/k6-grafana-training,src/ping.js,yes,,0,,1,12:1,0,,1,4:14
criscarlolm/k6-kubernetes-aws-loadtest,https://github.com/criscarlolm/k6-kubernetes-aws-loadtest,eks/js/tcm-6340.js,yes,,0,,0,,0,,1,10:12
criscarlolm/k6-kubernetes-aws-loadtest,https://github.com/criscarlolm/k6-kubernetes-aws-loadtest,eks/js/tcm-6246.js,yes,,0,,0,,0,,1,10:12
criscarlolm/k6-kubernetes-aws-loadtest,https://github.com/criscarlolm/k6-kubernetes-aws-loadtest,eks/js/tcm-6440-aws.js,yes,,0,,0,,0,,1,5:12
criscarlolm/k6-kubernetes-aws-loadtest,https://github.com/criscarlolm/k6-kubernetes-aws-loadtest,eks/js/tcm-6214-vu1.js,yes,,0,,0,,0,,1,5:12
criscarlolm/k6-kubernetes-aws-loadtest,https://github.com/criscarlolm/k6-kubernetes-aws-loadtest,eks/js/tcm-6445-aws.js,yes,,0,,0,,0,,1,5:12
criscarlolm/k6-kubernetes-aws-loadtest,https://github.com/criscarlolm/k6-kubernetes-aws-loadtest,eks/js/e2e.js,yes,,0,,0,,10,28:5; 50:5; 67:5; 90:5; 120:5; 130:5; 136:5; 137:5; 138:5; 139:5,0,
criscarlolm/k6-kubernetes-aws-loadtest,https://github.com/criscarlolm/k6-kubernetes-aws-loadtest,eks/js/tcm-6240.js,yes,,0,,0,,0,,1,10:12
criscarlolm/k6-kubernetes-aws-loadtest,https://github.com/criscarlolm/k6-kubernetes-aws-loadtest,eks/js/tcm-6304.js,yes,,0,,0,,0,,1,10:12
criscarlolm/k6-kubernetes-aws-loadtest,https://github.com/criscarlolm/k6-kubernetes-aws-loadtest,eks/js/tcm-6214.js,yes,,0,,1,46:1,0,,1,11:12
criscarlolm/k6-kubernetes-aws-loadtest,https://github.com/criscarlolm/k6-kubernetes-aws-loadtest,eks/js/tcm-6242-aws.js,yes,,0,,0,,0,,1,10:12
criscarlolm/k6-kubernetes-aws-loadtest,https://github.com/criscarlolm/k6-kubernetes-aws-loadtest,eks/js/tcm-6336.js,yes,,0,,0,,0,,1,10:12
criscarlolm/k6-kubernetes-aws-loadtest,https://github.com/criscarlolm/k6-kubernetes-aws-loadtest,eks/js/tcm-6220-aws.js,yes,,0,,0,,0,,1,5:12
criscarlolm/k6-kubernetes-aws-loadtest,https://github.com/criscarlolm/k6-kubernetes-aws-loadtest,eks/js/tcm-6447-vu1.js,yes,,0,,0,,0,,1,5:12
criscarlolm/k6-kubernetes-aws-loadtest,https://github.com/criscarlolm/k6-kubernetes-aws-loadtest,eks/js/tcm-6447-aws.js,yes,,0,,0,,0,,1,5:12
criscarlolm/k6-kubernetes-aws-loadtest,https://github.com/criscarlolm/k6-kubernetes-aws-loadtest,eks/js/tcm-6335-aws.js,yes,,0,,0,,0,,1,10:12
criscarlolm/k6-kubernetes-aws-loadtest,https://github.com/criscarlolm/k6-kubernetes-aws-loadtest,eks/js/tcm-6241.js,yes,,0,,0,,0,,1,10:12
criscarlolm/k6-kubernetes-aws-loadtest,https://github.com/criscarlolm/k6-kubernetes-aws-loadtest,eks/js/tcm-6215-aws.js,yes,,0,,0,,0,,1,5:12
criscarlolm/k6-kubernetes-aws-loadtest,https://github.com/criscarlolm/k6-kubernetes-aws-loadtest,eks/js/tcm-6443-vu1.js,yes,,0,,0,,0,,1,5:12
criscarlolm/k6-kubernetes-aws-loadtest,https://github.com/criscarlolm/k6-kubernetes-aws-loadtest,eks/js/tcm-6337.js,yes,,0,,0,,0,,1,10:12
criscarlolm/k6-kubernetes-aws-loadtest,https://github.com/criscarlolm/k6-kubernetes-aws-loadtest,eks/js/tcm-6926-browser-regression.js,yes,,0,,1,662:1,26,80:5; 81:5; 82:5; 83:5; 84:5; 85:5; 215:19; 442:19; 535:19; 677:9; 683:9; 689:9; 696:9; 702:9; 708:9; 712:9; 719:9; 723:9; 730:9; 736:9; 748:9; 751:9; 756:9; 762:9; 769:15; 770:5,1,87:12
criscarlolm/k6-kubernetes-aws-loadtest,https://github.com/criscarlolm/k6-kubernetes-aws-loadtest,eks/js/tcm-6223.js,yes,,0,,1,55:1,0,,1,11:12
criscarlolm/k6-kubernetes-aws-loadtest,https://github.com/criscarlolm/k6-kubernetes-aws-loadtest,eks/js/tcm-6444.js,yes,,0,,0,,0,,1,5:12
criscarlolm/k6-kubernetes-aws-loadtest,https://github.com/criscarlolm/k6-kubernetes-aws-loadtest,eks/js/tcm-6445.js,yes,,0,,0,,0,,1,5:12
criscarlolm/k6-kubernetes-aws-loadtest,https://github.com/criscarlolm/k6-kubernetes-aws-loadtest,eks/js/tcm-6340-aws.js,yes,,0,,0,,0,,1,10:12
criscarlolm/k6-kubernetes-aws-loadtest,https://github.com/criscarlolm/k6-kubernetes-aws-loadtest,eks/js/tcm-6247-aws.js,yes,,0,,0,,0,,1,10:12
criscarlolm/k6-kubernetes-aws-loadtest,https://github.com/criscarlolm/k6-kubernetes-aws-loadtest,eks/js/tcm-6444-aws.js,yes,,0,,0,,0,,1,5:12
criscarlolm/k6-kubernetes-aws-loadtest,https://github.com/criscarlolm/k6-kubernetes-aws-loadtest,eks/js/tcm-6440-vu1.js,yes,,0,,0,,0,,1,5:12
criscarlolm/k6-kubernetes-aws-loadtest,https://github.com/criscarlolm/k6-kubernetes-aws-loadtest,eks/js/tcm-6222-aws.js,yes,,0,,0,,0,,1,5:12
criscarlolm/k6-kubernetes-aws-loadtest,https://github.com/criscarlolm/k6-kubernetes-aws-loadtest,eks/js/tcm-6453-vu1.js,yes,,0,,0,,0,,1,5:12
criscarlolm/k6-kubernetes-aws-loadtest,https://github.com/criscarlolm/k6-kubernetes-aws-loadtest,eks/js/tcm-6214-aws.js,yes,,0,,0,,0,,1,5:12
criscarlolm/k6-kubernetes-aws-loadtest,https://github.com/criscarlolm/k6-kubernetes-aws-loadtest,eks/js/tcm-6448-vu1.js,yes,,0,,0,,0,,1,5:12
criscarlolm/k6-kubernetes-aws-loadtest,https://github.com/criscarlolm/k6-kubernetes-aws-loadtest,eks/js/tcm-6245-aws.js,yes,,0,,0,,0,,1,10:12
criscarlolm/k6-kubernetes-aws-loadtest,https://github.com/criscarlolm/k6-kubernetes-aws-loadtest,eks/js/tcm-6221-aws.js,yes,,0,,0,,0,,1,5:12
criscarlolm/k6-kubernetes-aws-loadtest,https://github.com/criscarlolm/k6-kubernetes-aws-loadtest,eks/js/tcm-6448.js,yes,,0,,0,,0,,1,5:12
criscarlolm/k6-kubernetes-aws-loadtest,https://github.com/criscarlolm/k6-kubernetes-aws-loadtest,eks/js/tcm-6448-aws.js,yes,,0,,0,,0,,1,5:12
criscarlolm/k6-kubernetes-aws-loadtest,https://github.com/criscarlolm/k6-kubernetes-aws-loadtest,eks/js/tcm-6304-aws.js,yes,,0,,0,,0,,1,10:12
criscarlolm/k6-kubernetes-aws-loadtest,https://github.com/criscarlolm/k6-kubernetes-aws-loadtest,eks/js/tcm-6335-vu1.js,yes,,0,,0,,0,,1,10:12
criscarlolm/k6-kubernetes-aws-loadtest,https://github.com/criscarlolm/k6-kubernetes-aws-loadtest,eks/js/tcm-6245.js,yes,,0,,0,,0,,1,10:12
criscarlolm/k6-kubernetes-aws-loadtest,https://github.com/criscarlolm/k6-kubernetes-aws-loadtest,eks/js/tcm-6220.js,yes,,0,,1,56:1,0,,1,11:12
criscarlolm/k6-kubernetes-aws-loadtest,https://github.com/criscarlolm/k6-kubernetes-aws-loadtest,eks/js/tcm-6336-vu1.js,yes,,0,,0,,0,,1,10:12
criscarlolm/k6-kubernetes-aws-loadtest,https://github.com/criscarlolm/k6-kubernetes-aws-loadtest,eks/js/tcm-6340-vu1.js,yes,,0,,0,,0,,1,10:12
criscarlolm/k6-kubernetes-aws-loadtest,https://github.com/criscarlolm/k6-kubernetes-aws-loadtest,eks/js/tcm-6455-aws.js,yes,,0,,0,,0,,1,5:12
criscarlolm/k6-kubernetes-aws-loadtest,https://github.com/criscarlolm/k6-kubernetes-aws-loadtest,eks/js/tcm-6216.js,yes,,0,,1,52:1,0,,1,11:12
criscarlolm/k6-kubernetes-aws-loadtest,https://github.com/criscarlolm/k6-kubernetes-aws-loadtest,eks/js/tcm-6447.js,yes,,0,,0,,0,,1,5:12
criscarlolm/k6-kubernetes-aws-loadtest,https://github.com/criscarlolm/k6-kubernetes-aws-loadtest,eks/js/tcm-6455.js,yes,,0,,0,,0,,1,5:12
criscarlolm/k6-kubernetes-aws-loadtest,https://github.com/criscarlolm/k6-kubernetes-aws-loadtest,eks/js/tcm-6443-aws.js,yes,,0,,0,,0,,1,5:12
criscarlolm/k6-kubernetes-aws-loadtest,https://github.com/criscarlolm/k6-kubernetes-aws-loadtest,eks/js/tcm-6455-vu1.js,yes,,0,,0,,0,,1,5:12
criscarlolm/k6-kubernetes-aws-loadtest,https://github.com/criscarlolm/k6-kubernetes-aws-loadtest,eks/js/tcm-6216-aws.js,yes,,0,,0,,0,,1,5:12
criscarlolm/k6-kubernetes-aws-loadtest,https://github.com/criscarlolm/k6-kubernetes-aws-loadtest,eks/js/tcm-6221.js,yes,,0,,1,56:1,0,,1,11:12
criscarlolm/k6-kubernetes-aws-loadtest,https://github.com/criscarlolm/k6-kubernetes-aws-loadtest,eks/js/tcm-6222.js,yes,,0,,1,65:1,0,,1,11:12
criscarlolm/k6-kubernetes-aws-loadtest,https://github.com/criscarlolm/k6-kubernetes-aws-loadtest,eks/js/tcm-6453-aws.js,yes,,0,,0,,0,,1,5:12
criscarlolm/k6-kubernetes-aws-loadtest,https://github.com/criscarlolm/k6-kubernetes-aws-loadtest,eks/js/tcm-6247.js,yes,,0,,0,,0,,1,10:12
criscarlolm/k6-kubernetes-aws-loadtest,https://github.com/criscarlolm/k6-kubernetes-aws-loadtest,eks/js/tcm-6453.js,yes,,0,,0,,0,,1,5:12
criscarlolm/k6-kubernetes-aws-loadtest,https://github.com/criscarlolm/k6-kubernetes-aws-loadtest,eks/js/tcm-6246-vu1.js,yes,,0,,0,,0,,1,10:12
criscarlolm/k6-kubernetes-aws-loadtest,https://github.com/criscarlolm/k6-kubernetes-aws-loadtest,eks/js/tcm-6337-vu1.js,yes,,0,,0,,0,,1,10:12
criscarlolm/k6-kubernetes-aws-loadtest,https://github.com/criscarlolm/k6-kubernetes-aws-loadtest,eks/js/tcm-6241-vu1.js,yes,,0,,0,,0,,1,10:12
criscarlolm/k6-kubernetes-aws-loadtest,https://github.com/criscarlolm/k6-kubernetes-aws-loadtest,eks/js/tcm-6338-vu1.js,yes,,0,,0,,0,,1,10:12
criscarlolm/k6-kubernetes-aws-loadtest,https://github.com/criscarlolm/k6-kubernetes-aws-loadtest,eks/js/tcm-6241-aws.js,yes,,0,,0,,0,,1,10:12
criscarlolm/k6-kubernetes-aws-loadtest,https://github.com/criscarlolm/k6-kubernetes-aws-loadtest,eks/js/tcm-6445-vu1.js,yes,,0,,0,,0,,1,5:12
criscarlolm/k6-kubernetes-aws-loadtest,https://github.com/criscarlolm/k6-kubernetes-aws-loadtest,eks/js/tcm-6440.js,yes,,0,,0,,0,,1,5:12
criscarlolm/k6-kubernetes-aws-loadtest,https://github.com/criscarlolm/k6-kubernetes-aws-loadtest,eks/js/tcm-6444-vu1.js,yes,,0,,0,,0,,1,5:12
criscarlolm/k6-kubernetes-aws-loadtest,https://github.com/criscarlolm/k6-kubernetes-aws-loadtest,eks/js/tcm-6217-aws.js,yes,,0,,0,,0,,1,5:12
criscarlolm/k6-kubernetes-aws-loadtest,https://github.com/criscarlolm/k6-kubernetes-aws-loadtest,eks/js/tcm-6217.js,yes,,0,,1,55:1,0,,1,11:12
criscarlolm/k6-kubernetes-aws-loadtest,https://github.com/criscarlolm/k6-kubernetes-aws-loadtest,eks/js/tcm-6244.js,yes,,0,,0,,0,,1,10:12
criscarlolm/k6-kubernetes-aws-loadtest,https://github.com/criscarlolm/k6-kubernetes-aws-loadtest,eks/js/tcm-6244-aws.js,yes,,0,,0,,0,,1,10:12
criscarlolm/k6-kubernetes-aws-loadtest,https://github.com/criscarlolm/k6-kubernetes-aws-loadtest,eks/js/tcm-6443.js,yes,,0,,0,,0,,1,5:12
criscarlolm/k6-kubernetes-aws-loadtest,https://github.com/criscarlolm/k6-kubernetes-aws-loadtest,eks/js/tcm-6338.js,yes,,0,,0,,0,,1,10:12
criscarlolm/k6-kubernetes-aws-loadtest,https://github.com/criscarlolm/k6-kubernetes-aws-loadtest,eks/js/tcm-6335.js,yes,,0,,0,,0,,1,10:12
criscarlolm/k6-kubernetes-aws-loadtest,https://github.com/criscarlolm/k6-kubernetes-aws-loadtest,eks/js/tcm-6244-vu1.js,yes,,0,,0,,0,,1,10:12
criscarlolm/k6-kubernetes-aws-loadtest,https://github.com/criscarlolm/k6-kubernetes-aws-loadtest,eks/js/tcm-6936-case-posting-module.js,yes,,0,,1,367:1,15,79:5; 80:5; 81:5; 82:5; 83:5; 84:5; 379:9; 385:9; 391:9; 397:9; 402:9; 407:9; 411:9; 417:15; 418:5,1,86:12
criscarlolm/k6-kubernetes-aws-loadtest,https://github.com/criscarlolm/k6-kubernetes-aws-loadtest,eks/js/tcm-6242-vu1.js,yes,,0,,0,,0,,1,10:12
criscarlolm/k6-kubernetes-aws-loadtest,https://github.com/criscarlolm/k6-kubernetes-aws-loadtest,eks/js/tcm-6240-aws.js,yes,,0,,0,,0,,1,10:12
criscarlolm/k6-kubernetes-aws-loadtest,https://github.com/criscarlolm/k6-kubernetes-aws-loadtest,eks/js/tcm-6242.js,yes,,0,,0,,0,,1,10:12
criscarlolm/k6-kubernetes-aws-loadtest,https://github.com/criscarlolm/k6-kubernetes-aws-loadtest,eks/js/tcm-6338-aws.js,yes,,0,,0,,0,,1,10:12
criscarlolm/k6-kubernetes-aws-loadtest,https://github.com/criscarlolm/k6-kubernetes-aws-loadtest,eks/js/tcm-6217-vu1.js,yes,,0,,0,,0,,1,5:12
criscarlolm/k6-kubernetes-aws-loadtest,https://github.com/criscarlolm/k6-kubernetes-aws-loadtest,eks/js/browser-Post-Case.js,yes,,0,,0,,6,32:9; 56:9; 76:9; 96:9; 121:9; 131:9,1,6:14
criscarlolm/k6-kubernetes-aws-loadtest,https://github.com/criscarlolm/k6-kubernetes-aws-loadtest,eks/js/tcm-6339-aws.js,yes,,0,,0,,0,,1,10:12
criscarlolm/k6-kubernetes-aws-loadtest,https://github.com/criscarlolm/k6-kubernetes-aws-loadtest,eks/js/tcm-6215-vu1.js,yes,,0,,0,,0,,1,5:12
criscarlolm/k6-kubernetes-aws-loadtest,https://github.com/criscarlolm/k6-kubernetes-aws-loadtest,eks/js/tcm-6334-aws.js,yes,,0,,0,,0,,1,10:12
criscarlolm/k6-kubernetes-aws-loadtest,https://github.com/criscarlolm/k6-kubernetes-aws-loadtest,eks/js/tcm-6223-vu1.js,yes,,0,,0,,0,,1,5:12
criscarlolm/k6-kubernetes-aws-loadtest,https://github.com/criscarlolm/k6-kubernetes-aws-loadtest,eks/js/tcm-6245-vu1.js,yes,,0,,0,,0,,1,10:12
criscarlolm/k6-kubernetes-aws-loadtest,https://github.com/criscarlolm/k6-kubernetes-aws-loadtest,eks/js/tcm-6936-case-posting20vusqa5.js,yes,,0,,1,350:1,9,362:9; 368:9; 374:9; 380:9; 385:9; 390:9; 394:9; 400:15; 401:5,1,69:12
criscarlolm/k6-kubernetes-aws-loadtest,https://github.com/criscarlolm/k6-kubernetes-aws-loadtest,eks/js/tcm-6339.js,yes,,0,,0,,0,,1,10:12
criscarlolm/k6-kubernetes-aws-loadtest,https://github.com/criscarlolm/k6-kubernetes-aws-loadtest,eks/js/tcm-6726-postcase-browser.js,yes,,0,,0,,9,28:5; 50:5; 67:5; 90:5; 120:5; 130:5; 136:5; 137:5; 138:5,0,
criscarlolm/k6-kubernetes-aws-loadtest,https://github.com/criscarlolm/k6-kubernetes-aws-loadtest,eks/js/tcm-6216-vu1.js,yes,,0,,0,,0,,1,5:12
criscarlolm/k6-kubernetes-aws-loadtest,https://github.com/criscarlolm/k6-kubernetes-aws-loadtest,eks/js/tcm-6243-vu1.js,yes,,0,,0,,0,,1,10:12
criscarlolm/k6-kubernetes-aws-loadtest,https://github.com/criscarlolm/k6-kubernetes-aws-loadtest,eks/js/tcm-6240-test-vu1.js,yes,,0,,0,,0,,1,10:12
criscarlolm/k6-kubernetes-aws-loadtest,https://github.com/criscarlolm/k6-kubernetes-aws-loadtest,eks/js/tcm-6936-case-posting20vusprod.js,yes,,0,,1,350:1,9,362:9; 368:9; 374:9; 380:9; 385:9; 390:9; 394:9; 400:15; 401:5,1,69:12
criscarlolm/k6-kubernetes-aws-loadtest,https://github.com/criscarlolm/k6-kubernetes-aws-loadtest,eks/js/tcm-6936-case-posting25vus-aws.js,yes,,0,,1,350:1,9,362:9; 368:9; 374:9; 380:9; 385:9; 390:9; 394:9; 400:15; 401:5,1,69:12
criscarlolm/k6-kubernetes-aws-loadtest,https://github.com/criscarlolm/k6-kubernetes-aws-loadtest,eks/js/tcm-6243.js,yes,,0,,0,,0,,1,10:12
criscarlolm/k6-kubernetes-aws-loadtest,https://github.com/criscarlolm/k6-kubernetes-aws-loadtest,eks/js/tcm-6222-vu1.js,yes,,0,,0,,0,,1,5:12
criscarlolm/k6-kubernetes-aws-loadtest,https://github.com/criscarlolm/k6-kubernetes-aws-loadtest,eks/js/test-prod-email.js,yes,,0,,0,,66,30:20; 48:20; 66:20; 84:20; 102:20; 120:20; 135:20; 151:20; 166:20; 185:20; 211:20; 238:24; 258:24; 279:24; 316:24; 335:24; 359:24; 374:24; 389:24; 413:24; 428:24; 453:24; 499:24; 538:24; 577:24; 616:24; 655:24; 694:24; 733:24; 772:24; 814:24; 853:24; 875:20; 913:20; 948:20; 980:20; 1014:20; 1047:20; 1080:20; 1113:20; 1146:20; 1179:20; 1212:20; 1245:20; 1278:20; 1311:20; 1330:20; 1372:20; 1404:20; 1436:20; 1470:20; 1503:20; 1536:20; 1569:20; 1588:20; 1627:20; 1660:20; 1679:20; 1718:20; 1737:20; 1776:20; 1809:20; 1827:20; 1852:20; 1894:20; 1926:20,1,5:14
criscarlolm/k6-kubernetes-aws-loadtest,https://github.com/criscarlolm/k6-kubernetes-aws-loadtest,eks/js/tcm-6936-case-posting6vus1m-test.js,yes,,0,,1,350:1,9,362:9; 368:9; 374:9; 380:9; 385:9; 390:9; 394:9; 400:15; 401:5,1,69:12
criscarlolm/k6-kubernetes-aws-loadtest,https://github.com/criscarlolm/k6-kubernetes-aws-loadtest,eks/js/tcm-6336-aws.js,yes,,0,,0,,0,,1,10:12
criscarlolm/k6-kubernetes-aws-loadtest,https://github.com/criscarlolm/k6-kubernetes-aws-loadtest,eks/js/tcm-6936-case-posting5vusprod.js,yes,,0,,1,350:1,9,362:9; 368:9; 374:9; 380:9; 385:9; 390:9; 394:9; 400:15; 401:5,1,69:12
criscarlolm/k6-kubernetes-aws-loadtest,https://github.com/criscarlolm/k6-kubernetes-aws-loadtest,eks/js/tcm-6936-case-posting15vusqa9.js,yes,,0,,1,350:1,9,362:9; 368:9; 374:9; 380:9; 385:9; 390:9; 394:9; 400:15; 401:5,1,69:12
criscarlolm/k6-kubernetes-aws-loadtest,https://github.com/criscarlolm/k6-kubernetes-aws-loadtest,eks/js/tcm-6936-case-posting15vusqa5.js,yes,,0,,1,350:1,9,362:9; 368:9; 374:9; 380:9; 385:9; 390:9; 394:9; 400:15; 401:5,1,69:12
criscarlolm/k6-kubernetes-aws-loadtest,https://github.com/criscarlolm/k6-kubernetes-aws-loadtest,eks/test/graphqlUtility.js,yes,,0,,0,,0,,0,
criscarlolm/k6-kubernetes-aws-loadtest,https://github.com/criscarlolm/k6-kubernetes-aws-loadtest,eks/js/tcm-6936-case-posting8vus1m-qa5.js,yes,,0,,1,350:1,9,362:9; 368:9; 374:9; 380:9; 385:9; 390:9; 394:9; 400:15; 401:5,1,69:12
criscarlolm/k6-kubernetes-aws-loadtest,https://github.com/criscarlolm/k6-kubernetes-aws-loadtest,eks/js/tcm-6936-case-posting3vus1m-aws.js,yes,,0,,1,350:1,9,362:9; 368:9; 374:9; 380:9; 385:9; 390:9; 394:9; 400:15; 401:5,1,69:12
criscarlolm/k6-kubernetes-aws-loadtest,https://github.com/criscarlolm/k6-kubernetes-aws-loadtest,eks/js/tcm-6240-vu1.js,yes,,0,,0,,0,,1,10:12
criscarlolm/k6-kubernetes-aws-loadtest,https://github.com/criscarlolm/k6-kubernetes-aws-loadtest,eks/js/tcm-6304-vu1.js,yes,,0,,0,,0,,1,10:12
criscarlolm/k6-kubernetes-aws-loadtest,https://github.com/criscarlolm/k6-kubernetes-aws-loadtest,eks/js/tcm-6936-case-posting1vusprod.js,yes,,0,,1,350:1,9,362:9; 368:9; 374:9; 380:9; 385:9; 390:9; 394:9; 400:15; 401:5,1,69:12
criscarlolm/k6-kubernetes-aws-loadtest,https://github.com/criscarlolm/k6-kubernetes-aws-loadtest,eks/js/tcm-6337-aws.js,yes,,0,,0,,0,,1,10:12
criscarlolm/k6-kubernetes-aws-loadtest,https://github.com/criscarlolm/k6-kubernetes-aws-loadtest,eks/js/per-vu-iterations.js,yes,,0,,0,,6,23:5; 45:5; 62:5; 85:5; 115:5; 125:5,1,5:14
criscarlolm/k6-kubernetes-aws-loadtest,https://github.com/criscarlolm/k6-kubernetes-aws-loadtest,eks/js/tcm-6936-case-posting1vus1m-aws.js,yes,,0,,1,350:1,9,362:9; 368:9; 374:9; 380:9; 385:9; 390:9; 394:9; 400:15; 401:5,1,69:12
criscarlolm/k6-kubernetes-aws-loadtest,https://github.com/criscarlolm/k6-kubernetes-aws-loadtest,eks/js/tcm-6339-vu1.js,yes,,0,,0,,0,,1,10:12
criscarlolm/k6-kubernetes-aws-loadtest,https://github.com/criscarlolm/k6-kubernetes-aws-loadtest,eks/js/tcm-6936-case-posting50vus-aws.js,yes,,0,,1,350:1,9,362:9; 368:9; 374:9; 380:9; 385:9; 390:9; 394:9; 400:15; 401:5,1,69:12
criscarlolm/k6-kubernetes-aws-loadtest,https://github.com/criscarlolm/k6-kubernetes-aws-loadtest,eks/js/tcm-6243-aws.js,yes,,0,,0,,0,,1,10:12
criscarlolm/k6-kubernetes-aws-loadtest,https://github.com/criscarlolm/k6-kubernetes-aws-loadtest,eks/js/tcm-6936-case-posting30vusqa5.js,yes,,0,,1,350:1,9,362:9; 368:9; 374:9; 380:9; 385:9; 390:9; 394:9; 400:15; 401:5,1,69:12
criscarlolm/k6-kubernetes-aws-loadtest,https://github.com/criscarlolm/k6-kubernetes-aws-loadtest,eks/js/tcm-6935-attorney-login.js,yes,,0,,1,111:1,4,118:9; 122:9; 129:15; 130:5,1,29:12
criscarlolm/k6-kubernetes-aws-loadtest,https://github.com/criscarlolm/k6-kubernetes-aws-loadtest,eks/js/tcm-6246-aws.js,yes,,0,,0,,0,,1,10:12
criscarlolm/k6-kubernetes-aws-loadtest,https://github.com/criscarlolm/k6-kubernetes-aws-loadtest,eks/js/tcm-6334-vu1.js,yes,,0,,0,,0,,1,10:12
criscarlolm/k6-kubernetes-aws-loadtest,https://github.com/criscarlolm/k6-kubernetes-aws-loadtest,eks/js/tcm-6247-vu1.js,yes,,0,,0,,0,,1,10:12
criscarlolm/k6-kubernetes-aws-loadtest,https://github.com/criscarlolm/k6-kubernetes-aws-loadtest,eks/js/tcm-6936-case-posting10vusprod.js,yes,,0,,1,350:1,9,362:9; 368:9; 374:9; 380:9; 385:9; 390:9; 394:9; 400:15; 401:5,1,69:12
criscarlolm/k6-kubernetes-aws-loadtest,https://github.com/criscarlolm/k6-kubernetes-aws-loadtest,eks/js/tcm-6223-aws.js,yes,,0,,0,,0,,1,5:12
criscarlolm/k6-kubernetes-aws-loadtest,https://github.com/criscarlolm/k6-kubernetes-aws-loadtest,eks/js/tcm-6936-case-posting6vus1m-aws.js,yes,,0,,1,350:1,9,362:9; 368:9; 374:9; 380:9; 385:9; 390:9; 394:9; 400:15; 401:5,1,69:12
criscarlolm/k6-kubernetes-aws-loadtest,https://github.com/criscarlolm/k6-kubernetes-aws-loadtest,eks/js/tcm-6220-vu1.js,yes,,0,,0,,0,,1,5:12
criscarlolm/k6-kubernetes-aws-loadtest,https://github.com/criscarlolm/k6-kubernetes-aws-loadtest,eks/js/tcm-6221-vu1.js,yes,,0,,0,,0,,1,5:12
criscarlolm/k6-kubernetes-aws-loadtest,https://github.com/criscarlolm/k6-kubernetes-aws-loadtest,eks/test/locationFinder.js,yes,,0,,1,10:1,0,,0,
criscarlolm/k6-kubernetes-aws-loadtest,https://github.com/criscarlolm/k6-kubernetes-aws-loadtest,eks/js/test-influx.js,yes,,0,,0,,0,,1,5:12
criscarlolm/k6-kubernetes-aws-loadtest,https://github.com/criscarlolm/k6-kubernetes-aws-loadtest,eks/js/tcm-6334-test.js,yes,,0,,0,,0,,1,10:12
criscarlolm/k6-kubernetes-aws-loadtest,https://github.com/criscarlolm/k6-kubernetes-aws-loadtest,eks/js/tcm-6456.js,yes,,0,,0,,10,24:5; 46:5; 63:5; 86:5; 116:5; 126:5; 130:5; 131:5; 132:5; 133:5,1,5:14
criscarlolm/k6-kubernetes-aws-loadtest,https://github.com/criscarlolm/k6-kubernetes-aws-loadtest,eks/js/tcm-6334.js,yes,,0,,0,,0,,1,10:12
criscarlolm/k6-kubernetes-aws-loadtest,https://github.com/criscarlolm/k6-kubernetes-aws-loadtest,eks/js/tcm-6215.js,yes,,0,,1,57:1,0,,1,11:12
criscarlolm/k6-kubernetes-aws-loadtest,https://github.com/criscarlolm/k6-kubernetes-aws-loadtest,eks/js/tcm-6936-case-posting2vus1m-aws.js,yes,,0,,1,350:1,9,362:9; 368:9; 374:9; 380:9; 385:9; 390:9; 394:9; 400:15; 401:5,1,69:12
criscarlolm/k6-kubernetes-aws-loadtest,https://github.com/criscarlolm/k6-kubernetes-aws-loadtest,eks/js/tcm-6936-case-posting6vus1m-qa5.js,yes,,0,,1,350:1,9,362:9; 368:9; 374:9; 380:9; 385:9; 390:9; 394:9; 400:15; 401:5,1,69:12
criscarlolm/k6-kubernetes-aws-loadtest,https://github.com/criscarlolm/k6-kubernetes-aws-loadtest,eks/js/test.js,yes,,0,,1,9:1,0,,1,4:14
pleasebelieveme/merong,https://github.com/pleasebelieveme/merong,search_performance.js,yes,,0,,0,,0,,1,5:14
snothub/snothub.github.io,https://github.com/snothub/snothub.github.io,loadtest-infra/k6scripts/Biometri/AuthenticationTest.js,yes,,0,,1,19:1,4,20:17; 25:23; 35:23; 47:23,1,13:14
snothub/snothub.github.io,https://github.com/snothub/snothub.github.io,loadtest-infra/k6scripts/M2M.js,yes,,0,,0,,0,,1,5:14
snothub/snothub.github.io,https://github.com/snothub/snothub.github.io,loadtest-infra/k6scripts/Biometri/RegistrationTest.js,yes,,0,,1,41:1,4,42:17; 49:23; 59:23; 71:23,1,16:14
snothub/snothub.github.io,https://github.com/snothub/snothub.github.io,loadtest-infra/k6scripts/Biometri/Biometri.js,yes,,0,,2,165:17; 217:17,8,176:17; 183:23; 193:23; 205:23; 223:17; 228:23; 238:23; 250:23,1,32:14
snothub/snothub.github.io,https://github.com/snothub/snothub.github.io,loadtest-infra/k6scripts/Delegation.js,yes,,0,,0,,0,,1,5:14
snothub/snothub.github.io,https://github.com/snothub/snothub.github.io,loadtest-infra/k6scripts/index.js,yes,,0,,0,,16,145:15; 159:9; 165:9; 171:9; 177:9; 179:19; 190:15; 272:23; 280:23; 291:23; 308:23; 325:23; 342:23; 355:23; 363:23; 387:23,1,6:14
snothub/snothub.github.io,https://github.com/snothub/snothub.github.io,loadtest-infra/k6scripts/RefreshToken.js,yes,,0,,0,,6,52:9; 58:9; 64:9; 70:9; 72:19; 83:15,1,5:14
snothub/snothub.github.io,https://github.com/snothub/snothub.github.io,loadtest-infra/k6scripts/UserLogin.js,yes,,0,,0,,9,78:23; 86:23; 99:23; 117:23; 135:23; 153:23; 166:23; 174:23; 199:23,1,5:14
tphummel/CaNFlySLO,https://github.com/tphummel/CaNFlySLO,k6/local-smoke.js,yes,,0,,0,,2,13:19; 18:22,0,
tphummel/CaNFlySLO,https://github.com/tphummel/CaNFlySLO,k6/local-e2e.js,yes,,0,,0,,5,7:16; 12:17; 17:23; 27:18; 34:18,0,
doanandreas/tugas-mandiri-4,https://github.com/doanandreas/tugas-mandiri-4,script-read-cache.js,yes,,0,,1,21:1,0,,0,
doanandreas/tugas-mandiri-4,https://github.com/doanandreas/tugas-mandiri-4,script-read-nocache.js,yes,,0,,1,21:1,0,,0,
kennedyoliveira/hltb-proxy,https://github.com/kennedyoliveira/hltb-proxy,benchmark/benchmark.js,yes,,0,,0,,0,,1,8:14
DiogoRibeiro7/git-actions-collection,https://github.com/DiogoRibeiro7/git-actions-collection,examples/api-testing/k6-script.js,yes,,0,,0,,0,,1,4:12
vitingr/educational-api,https://github.com/vitingr/educational-api,k6/finished-weekly-plans/index.ts,yes,,0,,0,,0,,0,
vitingr/educational-api,https://github.com/vitingr/educational-api,k6/users/index.ts,yes,,0,,0,,0,,0,
vitingr/educational-api,https://github.com/vitingr/educational-api,k6/weekly-plans/index.ts,yes,,0,,0,,0,,0,
vitingr/educational-api,https://github.com/vitingr/educational-api,k6/favourite-plans/index.ts,yes,,0,,0,,0,,0,
vitingr/educational-api,https://github.com/vitingr/educational-api,k6/daily-study-plans/index.ts,yes,,0,,0,,0,,0,
vitingr/educational-api,https://github.com/vitingr/educational-api,k6/finished-study-plans/index.ts,yes,,0,,0,,0,,0,
JamesGrant1811/k6-udemy,https://github.com/JamesGrant1811/k6-udemy,groups.js,yes,,0,,0,,4,15:19; 19:13; 20:13; 26:9,0,
JamesGrant1811/k6-udemy,https://github.com/JamesGrant1811/k6-udemy,abort.js,yes,,0,,1,17:1,0,,1,5:14
JamesGrant1811/k6-udemy,https://github.com/JamesGrant1811/k6-udemy,random-item.js,yes,,0,,0,,2,6:15; 11:11,0,
JamesGrant1811/k6-udemy,https://github.com/JamesGrant1811/k6-udemy,external-json.js,yes,,0,,0,,0,,0,
JamesGrant1811/k6-udemy,https://github.com/JamesGrant1811/k6-udemy,custom-tags.js,yes,,0,,0,,0,,0,
JamesGrant1811/k6-udemy,https://github.com/JamesGrant1811/k6-udemy,custom-metrics.js,yes,,0,,1,16:1,0,,0,
JamesGrant1811/k6-udemy,https://github.com/JamesGrant1811/k6-udemy,scenario.js,yes,,0,,0,,0,,0,
JamesGrant1811/k6-udemy,https://github.com/JamesGrant1811/k6-udemy,random-sleep.js,yes,,0,,1,10:1,0,,1,5:14
JamesGrant1811/k6-udemy,https://github.com/JamesGrant1811/k6-udemy,custom-metrics-example.js,yes,,0,,1,18:1,2,19:15; 23:11,0,
JamesGrant1811/k6-udemy,https://github.com/JamesGrant1811/k6-udemy,expected-response.js,yes,,0,,0,,4,17:19; 21:13; 22:13; 28:9,0,
JamesGrant1811/k6-udemy,https://github.com/JamesGrant1811/k6-udemy,first-script.js,yes,,0,,1,13:1,3,14:5; 16:5; 18:5,1,4:14
JamesGrant1811/k6-udemy,https://github.com/JamesGrant1811/k6-udemy,scenarios-example.js,yes,,0,,0,,0,,0,
JamesGrant1811/k6-udemy,https://github.com/JamesGrant1811/k6-udemy,lifecycle.js,yes,,0,,0,,0,,1,4:14
JamesGrant1811/k6-udemy,https://github.com/JamesGrant1811/k6-udemy,load-test.js,yes,,0,,1,21:1,3,22:5; 24:5; 26:5,1,4:14
JamesGrant1811/k6-udemy,https://github.com/JamesGrant1811/k6-udemy,spike-test.js,yes,,0,,1,17:1,0,,1,4:14
JamesGrant1811/k6-udemy,https://github.com/JamesGrant1811/k6-udemy,breakpoint-test.js,yes,,0,,1,13:1,0,,1,4:14
rickhw/thinking-in-java,https://github.com/rickhw/thinking-in-java,topics/race-condition/sp27/src/client/script.js,yes,,0,,1,4:1,2,12:23; 19:9,0,
rickhw/thinking-in-java,https://github.com/rickhw/thinking-in-java,springboot-2.7/logging-to-loki/src/client/script.js,yes,,0,,1,4:1,2,12:23; 19:9,0,
srperf/k6Modular,https://github.com/srperf/k6Modular,otherExamples/remoteOptions/Stages.js,yes,,0,,1,19:1,0,,1,4:14
mulyosyahidin/spring-boot-vocasia-microservices,https://github.com/mulyosyahidin/spring-boot-vocasia-microservices,testing/base-testing/src/6-order-service.js,yes,,0,,0,,2,81:31; 105:38,1,17:12
mulyosyahidin/spring-boot-vocasia-microservices,https://github.com/mulyosyahidin/spring-boot-vocasia-microservices,k8s-hpa/k6/src/load.js,yes,,0,,1,19:1,0,,1,5:12
mulyosyahidin/spring-boot-vocasia-microservices,https://github.com/mulyosyahidin/spring-boot-vocasia-microservices,testing/base-testing/src/4-instructor-service.js,yes,,0,,0,,0,,1,11:12
mulyosyahidin/spring-boot-vocasia-microservices,https://github.com/mulyosyahidin/spring-boot-vocasia-microservices,testing/base-testing/src/5-course-service.js,yes,,0,,0,,0,,1,16:12
mulyosyahidin/spring-boot-vocasia-microservices,https://github.com/mulyosyahidin/spring-boot-vocasia-microservices,testing/base-testing/src/1-authentication-service.js,yes,,0,,1,32:1,2,35:22; 40:9,1,17:12
mulyosyahidin/spring-boot-vocasia-microservices,https://github.com/mulyosyahidin/spring-boot-vocasia-microservices,testing/base-testing/src/2-email-service.js,yes,,0,,1,25:1,0,,1,10:12
mulyosyahidin/spring-boot-vocasia-microservices,https://github.com/mulyosyahidin/spring-boot-vocasia-microservices,testing/base-testing/src/3-catalog-service.js,yes,,0,,0,,0,,1,10:12
mulyosyahidin/spring-boot-vocasia-microservices,https://github.com/mulyosyahidin/spring-boot-vocasia-microservices,testing/base-testing/src/test.js,yes,,0,,1,56:1,0,,1,4:14
0xlildoudou/simple-stress-test,https://github.com/0xlildoudou/simple-stress-test,K6/k6.js,yes,,0,,1,16:1,0,,0,
WhrTvT/hhplus-Ecommerce,https://github.com/WhrTvT/hhplus-Ecommerce,k6/k6-scripts/peak.js,yes,,0,,0,,2,33:21; 51:27,0,
WhrTvT/hhplus-Ecommerce,https://github.com/WhrTvT/hhplus-Ecommerce,k6/k6-scripts/load.js,yes,,0,,0,,2,37:21; 55:27,1,6:12
wayter95/benchmarks-monotlito-microservices,https://github.com/wayter95/benchmarks-monotlito-microservices,k6/scenarios/microservices/microservices-authentication.js,yes,,0,,1,9:1,0,,0,
wayter95/benchmarks-monotlito-microservices,https://github.com/wayter95/benchmarks-monotlito-microservices,k6/index.js,yes,,0,,0,,0,,0,
wayter95/benchmarks-monotlito-microservices,https://github.com/wayter95/benchmarks-monotlito-microservices,k6/scenarios/monolito/monolito-manager.js,yes,,0,,1,9:1,0,,0,
wayter95/benchmarks-monotlito-microservices,https://github.com/wayter95/benchmarks-monotlito-microservices,k6/scenarios/monolito/monolito-customer.js,yes,,0,,1,9:1,0,,0,
wayter95/benchmarks-monotlito-microservices,https://github.com/wayter95/benchmarks-monotlito-microservices,k6/scenarios/monolito/monolito-authentication.js,yes,,0,,1,9:1,0,,0,
wayter95/benchmarks-monotlito-microservices,https://github.com/wayter95/benchmarks-monotlito-microservices,k6/scenarios/microservices/microservices-manager.js,yes,,0,,1,9:1,0,,0,
wayter95/benchmarks-monotlito-microservices,https://github.com/wayter95/benchmarks-monotlito-microservices,k6/scenarios/microservices/microservices-customer.js,yes,,0,,1,9:1,0,,0,
sdc-jackson/user-service,https://github.com/sdc-jackson/user-service,stressTest/getScript.js,yes,,0,,0,,0,,1,13:12
tomkaith13/session-based-dataprocessing,https://github.com/tomkaith13/session-based-dataprocessing,k6/session.js,yes,,1,49:1,0,,8,56:23; 61:23; 66:23; 73:20; 85:21; 97:21; 108:21; 119:21,1,7:12
joergstreeck/freshplan-sales-tool,https://github.com/joergstreeck/freshplan-sales-tool,docs/planung/features-neu/00_infrastruktur/leistung/artefakte/testing/peak-4x.js,yes,,0,,1,10:1,0,,0,
joergstreeck/freshplan-sales-tool,https://github.com/joergstreeck/freshplan-sales-tool,docs/planung/features-neu/02_neukundengewinnung/shared/performance/leads_scenario.js,yes,,0,,0,,2,18:11; 23:7,0,
joergstreeck/freshplan-sales-tool,https://github.com/joergstreeck/freshplan-sales-tool,docs/planung/features-neu/00_infrastruktur/leistung/artefakte/testing/peak-5x.js,yes,,0,,1,10:1,0,,0,
joergstreeck/freshplan-sales-tool,https://github.com/joergstreeck/freshplan-sales-tool,docs/planung/features-neu/02_neukundengewinnung/legacy-planning/testing/k6_lead_api_performance.js,yes,,0,,0,,6,108:36; 227:40; 261:34; 292:34; 317:42; 339:35,0,
joergstreeck/freshplan-sales-tool,https://github.com/joergstreeck/freshplan-sales-tool,docs/planung/features-neu/07_hilfe_support/artefakte/performance/help_perf.js,yes,,0,,0,,0,,0,
joergstreeck/freshplan-sales-tool,https://github.com/joergstreeck/freshplan-sales-tool,docs/planung/features-neu/06_einstellungen/artefakte/performance/settings_perf.js,yes,,0,,0,,2,19:11; 22:7,0,
joergstreeck/freshplan-sales-tool,https://github.com/joergstreeck/freshplan-sales-tool,docs/planung/features-neu/00_infrastruktur/leistung/artefakte/testing/peak-3x.js,yes,,0,,1,10:1,0,,0,
joergstreeck/freshplan-sales-tool,https://github.com/joergstreeck/freshplan-sales-tool,docs/planung/features-neu/01_mein-cockpit/artefakte/testing/performance/cockpit_performance.js,yes,,0,,0,,2,10:11; 13:7,0,
joergstreeck/freshplan-sales-tool,https://github.com/joergstreeck/freshplan-sales-tool,testing/k6/comm_load_test.js,yes,,0,,0,,3,17:11; 27:7; 32:7,0,
joergstreeck/freshplan-sales-tool,https://github.com/joergstreeck/freshplan-sales-tool,backend/src/test/k6/smoke-test.js,yes,,0,,0,,3,17:19; 31:15; 47:13,0,
joergstreeck/freshplan-sales-tool,https://github.com/joergstreeck/freshplan-sales-tool,docs/planung/features-neu/08_administration/phase-1-core/artefakte/tests/admin-stress-test.js,yes,,0,,0,,0,,0,
joergstreeck/freshplan-sales-tool,https://github.com/joergstreeck/freshplan-sales-tool,docs/planung/features-neu/05_kommunikation/artefakte/testing/k6/communication-load-test-realworld.js,yes,,0,,0,,6,359:25; 370:26; 379:11; 494:17; 517:22; 529:19,0,
joergstreeck/freshplan-sales-tool,https://github.com/joergstreeck/freshplan-sales-tool,docs/planung/features-neu/02_neukundengewinnung/shared/performance/leads_performance_test.js,yes,,0,,0,,0,,0,
joergstreeck/freshplan-sales-tool,https://github.com/joergstreeck/freshplan-sales-tool,docs/planung/features-neu/00_infrastruktur/betrieb/artefakte/peak-load-tests.js,yes,,0,,1,27:1,0,,0,
joergstreeck/freshplan-sales-tool,https://github.com/joergstreeck/freshplan-sales-tool,docs/planung/features-neu/03_kundenmanagement/artefakte/testing/performance/customers_load_test.js,yes,,0,,0,,0,,0,
joergstreeck/freshplan-sales-tool,https://github.com/joergstreeck/freshplan-sales-tool,docs/planung/features-neu/08_administration/phase-1-core/artefakte/tests/admin-load-test.js,yes,,0,,0,,0,,0,
joergstreeck/freshplan-sales-tool,https://github.com/joergstreeck/freshplan-sales-tool,docs/planung/features-neu/05_kommunikation/diskussionen/neue_artefakte/module05-communication-enterprise-starter_2025-09-19/k6/comm_load_test.js,yes,,0,,0,,3,17:11; 27:7; 32:7,0,
lelold/pvz,https://github.com/lelold/pvz,loadtest/loadtest_dummyLogin.js,yes,,0,,0,,0,,0,
lelold/pvz,https://github.com/lelold/pvz,loadtest/loadtest_pvz_post.js,yes,,0,,0,,2,14:20; 21:22,0,
lelold/pvz,https://github.com/lelold/pvz,loadtest/loadtest_pvz_get.js,yes,,0,,0,,2,14:20; 18:21,0,
sipe-team/3-1_spurt,https://github.com/sipe-team/3-1_spurt,playground/inspire12/performance-testing-architecture/k6-testing/js/week5/get-order-async.js,yes,,0,,0,,2,33:21; 36:3,1,8:12
sipe-team/3-1_spurt,https://github.com/sipe-team/3-1_spurt,playground/inspire12/performance-testing-architecture/k6-testing/js/week3/get-async.js,yes,,0,,0,,2,33:21; 36:3,1,8:12
sipe-team/3-1_spurt,https://github.com/sipe-team/3-1_spurt,playground/devfancy/commerce/monitoring/k6.script/order.js,yes,,0,,1,15:1,0,,1,4:14
sipe-team/3-1_spurt,https://github.com/sipe-team/3-1_spurt,playground/inspire12/performance-testing-architecture/k6-testing/js/week5/get-order-join.js,yes,,0,,0,,2,33:21; 36:3,1,8:12
sipe-team/3-1_spurt,https://github.com/sipe-team/3-1_spurt,playground/devfancy/commerce2/monitoring/k6.script/order-mongodb.js,yes,,0,,1,15:1,0,,1,4:14
sipe-team/3-1_spurt,https://github.com/sipe-team/3-1_spurt,playground/inspire12/performance-testing-architecture/k6-testing/js/week5/get-order-sync.js,yes,,0,,0,,2,33:21; 36:3,1,8:12
sipe-team/3-1_spurt,https://github.com/sipe-team/3-1_spurt,playground/inspire12/performance-testing-architecture/k6-testing/js/week3/get-join.js,yes,,0,,0,,2,33:21; 36:3,1,8:12
sipe-team/3-1_spurt,https://github.com/sipe-team/3-1_spurt,playground/devfancy/commerce2/monitoring/k6.script/order-mongodb-load.js,yes,,0,,1,25:1,0,,1,4:14
sipe-team/3-1_spurt,https://github.com/sipe-team/3-1_spurt,activity/week3/itschrisjang/k6/script/script.js,yes,,0,,0,,0,,1,4:14
sipe-team/3-1_spurt,https://github.com/sipe-team/3-1_spurt,playground/devfancy/commerce2/monitoring/k6.script/order-load.js,yes,,0,,1,25:1,0,,1,4:14
sipe-team/3-1_spurt,https://github.com/sipe-team/3-1_spurt,playground/devfancy/spring-performance/k6-scripts/first_scripts.js,yes,,0,,1,4:1,0,,0,
sipe-team/3-1_spurt,https://github.com/sipe-team/3-1_spurt,playground/devfancy/commerce2/monitoring/k6.script/order.js,yes,,0,,1,15:1,0,,1,4:14
sipe-team/3-1_spurt,https://github.com/sipe-team/3-1_spurt,activity/week2/kwj1270/oom.js,yes,,0,,1,15:1,0,,1,4:14
sipe-team/3-1_spurt,https://github.com/sipe-team/3-1_spurt,activity/week2/ruthetum/script.js,yes,,0,,0,,0,,1,4:14
sipe-team/3-1_spurt,https://github.com/sipe-team/3-1_spurt,activity/week2/hoa0217/first_scripts.js,yes,,0,,1,4:1,0,,0,
sipe-team/3-1_spurt,https://github.com/sipe-team/3-1_spurt,playground/devfancy/spring-performance/k6-scripts/oom_scripts.js,yes,,0,,0,,0,,1,4:14
sipe-team/3-1_spurt,https://github.com/sipe-team/3-1_spurt,activity/week2/hoa0217/script/load-test.js,yes,,0,,1,12:1,0,,1,4:14
sipe-team/3-1_spurt,https://github.com/sipe-team/3-1_spurt,playground/yujiyea/k6_testing/oom-test.js,yes,,0,,0,,0,,1,4:14
sipe-team/3-1_spurt,https://github.com/sipe-team/3-1_spurt,activity/week2/hoa0217/script/smoke-test.js,yes,,0,,1,9:1,0,,1,4:14
sipe-team/3-1_spurt,https://github.com/sipe-team/3-1_spurt,playground/inspire12/performance-testing-architecture/k6-testing/js/week5/load-test.js,yes,,0,,0,,4,58:21; 63:3; 69:3; 75:3,1,14:12
sipe-team/3-1_spurt,https://github.com/sipe-team/3-1_spurt,playground/yujiyea/k6_testing/oom-test-example.js,yes,,0,,0,,0,,1,4:14
sipe-team/3-1_spurt,https://github.com/sipe-team/3-1_spurt,playground/yujiyea/k6_testing/week3/test1.js,yes,,0,,0,,0,,1,4:14
sipe-team/3-1_spurt,https://github.com/sipe-team/3-1_spurt,playground/yujiyea/k6_testing/test-k6-1.js,yes,,0,,0,,0,,0,
sipe-team/3-1_spurt,https://github.com/sipe-team/3-1_spurt,playground/yujiyea/k6_testing/test-k6-load.js,yes,,0,,0,,0,,1,4:14
sipe-team/3-1_spurt,https://github.com/sipe-team/3-1_spurt,activity/week3/hoa0217/script/smoke-test.js,yes,,0,,1,9:1,0,,1,4:14
sipe-team/3-1_spurt,https://github.com/sipe-team/3-1_spurt,playground/inspire12/performance-testing-architecture/k6-testing/js/week5/get-test.js,yes,,0,,0,,2,36:21; 39:3,1,8:12
sipe-team/3-1_spurt,https://github.com/sipe-team/3-1_spurt,playground/inspire12/performance-testing-architecture/k6-testing/js/week1/get-test-local.js,yes,,0,,0,,2,33:21; 36:3,1,8:12
sipe-team/3-1_spurt,https://github.com/sipe-team/3-1_spurt,playground/inspire12/performance-testing-architecture/k6-testing/js/week5/load-test-local.js,yes,,0,,0,,4,58:21; 63:3; 69:3; 75:3,1,14:12
sipe-team/3-1_spurt,https://github.com/sipe-team/3-1_spurt,playground/yujiyea/k6_testing/week4/test2.js,yes,,0,,0,,0,,1,4:14
sipe-team/3-1_spurt,https://github.com/sipe-team/3-1_spurt,activity/week3/hoa0217/script/load-test.js,yes,,0,,1,12:1,0,,1,4:14
sipe-team/3-1_spurt,https://github.com/sipe-team/3-1_spurt,playground/inspire12/performance-testing-architecture/k6-testing/js/week3/get-sync.js,yes,,0,,0,,2,33:21; 36:3,1,8:12
sipe-team/3-1_spurt,https://github.com/sipe-team/3-1_spurt,playground/inspire12/performance-testing-architecture/k6-testing/js/week2/get-test.js,yes,,0,,0,,2,33:21; 36:3,1,8:12
sipe-team/3-1_spurt,https://github.com/sipe-team/3-1_spurt,playground/yujiyea/k6_testing/start-test.js,yes,,0,,1,4:1,0,,0,
sipe-team/3-1_spurt,https://github.com/sipe-team/3-1_spurt,playground/inspire12/performance-testing-architecture/k6-testing/js/week1/load-test.js,yes,,0,,0,,4,58:21; 63:3; 69:3; 75:3,1,14:12
sipe-team/3-1_spurt,https://github.com/sipe-team/3-1_spurt,playground/inspire12/performance-testing-architecture/k6-testing/js/week1/get-test.js,yes,,0,,0,,2,36:21; 39:3,1,8:12
sipe-team/3-1_spurt,https://github.com/sipe-team/3-1_spurt,playground/inspire12/performance-testing-architecture/k6-testing/js/week5/get-test-local.js,yes,,0,,0,,2,33:21; 36:3,1,8:12
sipe-team/3-1_spurt,https://github.com/sipe-team/3-1_spurt,playground/inspire12/performance-testing-architecture/k6-testing/js/week1/load-test-local.js,yes,,0,,0,,4,58:21; 63:3; 69:3; 75:3,1,14:12
ham2k/lib-callsigns,https://github.com/ham2k/lib-callsigns,src/lib/parseCallsign.spec.js,yes,,0,,0,,0,,0,
joatmon08/spinnaker-consul,https://github.com/joatmon08/spinnaker-consul,k6/script.js,yes,,0,,0,,0,,1,3:12
tmc/the-AIvengers,https://github.com/tmc/the-AIvengers,load-generation/basic-load-generation.js,yes,,0,,0,,0,,1,5:12
tmc/the-AIvengers,https://github.com/tmc/the-AIvengers,load-generation/basic-web-interaction.js,yes,,0,,0,,0,,1,4:12
Parallels/prl-devops-service,https://github.com/Parallels/prl-devops-service,loadtest/health_check.js,yes,,0,,0,,0,,1,4:14
Parallels/prl-devops-service,https://github.com/Parallels/prl-devops-service,loadtest/authorization.js,yes,,0,,0,,0,,1,4:14
Parallels/prl-devops-service,https://github.com/Parallels/prl-devops-service,loadtest/machines.js,yes,,0,,0,,2,22:13; 27:18,1,4:14
CarnegieMellon-PlantD/PlantD-operator,https://github.com/CarnegieMellon-PlantD/PlantD-operator,apps/loadgen/http.plainText.js,yes,,5,4:16; 4:27; 5:17; 6:19; 6:30,0,,0,,1,13:12
CarnegieMellon-PlantD/PlantD-operator,https://github.com/CarnegieMellon-PlantD/PlantD-operator,apps/loadgen/http.dataSet.js,yes,,6,5:18; 5:29; 6:17; 6:28; 7:21; 7:32,0,,2,103:11; 105:13,1,85:14
WorkBright/load-testing,https://github.com/WorkBright/load-testing,http/app/i9Workflow.js,yes,,0,,0,,3,10:3; 24:3; 33:32,0,
steverzag/result-pattern-exception-handling-demo,https://github.com/steverzag/result-pattern-exception-handling-demo,apitest-v1.get-user.js,yes,,0,,0,,0,,1,4:14
steverzag/result-pattern-exception-handling-demo,https://github.com/steverzag/result-pattern-exception-handling-demo,apitest-v3.get-user.js,yes,,0,,0,,0,,1,4:14
steverzag/result-pattern-exception-handling-demo,https://github.com/steverzag/result-pattern-exception-handling-demo,apitest-v4.get-user.js,yes,,0,,0,,0,,1,4:14
steverzag/result-pattern-exception-handling-demo,https://github.com/steverzag/result-pattern-exception-handling-demo,apitest-v2.get-user.js,yes,,0,,0,,0,,1,4:14
steverzag/result-pattern-exception-handling-demo,https://github.com/steverzag/result-pattern-exception-handling-demo,apitest-v3.create-user.js,yes,,0,,0,,0,,1,4:14
steverzag/result-pattern-exception-handling-demo,https://github.com/steverzag/result-pattern-exception-handling-demo,apitest-v2.create-user.js,yes,,0,,0,,0,,1,4:14
steverzag/result-pattern-exception-handling-demo,https://github.com/steverzag/result-pattern-exception-handling-demo,apitest-v4.create-user.js,yes,,0,,0,,0,,1,4:14
steverzag/result-pattern-exception-handling-demo,https://github.com/steverzag/result-pattern-exception-handling-demo,apitest-v1.create-user.js,yes,,0,,0,,0,,1,4:14
ohsu-comp-bio/load-testing,https://github.com/ohsu-comp-bio/load-testing,login.js,yes,,0,,0,,0,,0,
ohsu-comp-bio/load-testing,https://github.com/ohsu-comp-bio/load-testing,dev-load-test.js,yes,,0,,0,,0,,0,
sidharthv96/tambola,https://github.com/sidharthv96/tambola,k6.js,yes,,0,,0,,0,,1,4:12
zitadel/zitadel,https://github.com/zitadel/zitadel,benchmark/src/user.ts,yes,,0,,0,,0,,0,
zitadel/zitadel,https://github.com/zitadel/zitadel,benchmark/src/use_cases/manipulate_user.ts,yes,,0,,0,,0,,0,
zitadel/zitadel,https://github.com/zitadel/zitadel,benchmark/src/org.ts,yes,,0,,0,,0,,0,
zitadel/zitadel,https://github.com/zitadel/zitadel,benchmark/src/login_ui.ts,yes,,0,,0,,0,,0,
zitadel/zitadel,https://github.com/zitadel/zitadel,benchmark/src/user_grant.ts,yes,,0,,0,,0,,0,
zitadel/zitadel,https://github.com/zitadel/zitadel,benchmark/src/use_cases/users_by_metadata_key.ts,yes,,0,,0,,0,,0,
zitadel/zitadel,https://github.com/zitadel/zitadel,benchmark/src/session.ts,yes,,0,,0,,0,,0,
zitadel/zitadel,https://github.com/zitadel/zitadel,benchmark/src/use_cases/users_by_metadata_value.ts,yes,,0,,0,,0,,0,
zitadel/zitadel,https://github.com/zitadel/zitadel,benchmark/src/use_cases/session/add_session.ts,yes,,0,,0,,0,,0,
zitadel/zitadel,https://github.com/zitadel/zitadel,benchmark/src/app.ts,yes,,0,,0,,0,,0,
zitadel/zitadel,https://github.com/zitadel/zitadel,benchmark/src/oidc.ts,yes,,0,,0,,0,,0,
zitadel/zitadel,https://github.com/zitadel/zitadel,benchmark/src/project.ts,yes,,0,,0,,0,,0,
zitadel/zitadel,https://github.com/zitadel/zitadel,benchmark/src/use_cases/session/oidc_session.ts,yes,,0,,0,,0,,0,
zitadel/zitadel,https://github.com/zitadel/zitadel,benchmark/src/membership.ts,yes,,0,,0,,0,,0,
Theory903/Project-Suuupra,https://github.com/Theory903/Project-Suuupra,tools/testing/k6/identity-token.js,yes,,0,,0,,0,,1,4:14
ekacs/K6-script-collection,https://github.com/ekacs/K6-script-collection,sipencatar/skenario5.2.js,yes,,0,,0,,0,,0,
ekacs/K6-script-collection,https://github.com/ekacs/K6-script-collection,sipencatar/skenario3.3.js,yes,,0,,0,,0,,0,
ekacs/K6-script-collection,https://github.com/ekacs/K6-script-collection,esb+hubnet/2uji-k6-kemenhub.js,yes,,0,,0,,0,,0,
ekacs/K6-script-collection,https://github.com/ekacs/K6-script-collection,esb+hubnet/1uji-k6-kemenhub.js,yes,,0,,0,,0,,0,
ekacs/K6-script-collection,https://github.com/ekacs/K6-script-collection,esb+hubnet/1.2uji-k6-kemenhub.js,yes,,0,,0,,0,,0,
ekacs/K6-script-collection,https://github.com/ekacs/K6-script-collection,esb+hubnet/hubnet-uji-k6-kemenhub.js,yes,,0,,0,,0,,0,
ekacs/K6-script-collection,https://github.com/ekacs/K6-script-collection,esb+hubnet/5hubnet-uji-k6-kemenhub.js,yes,,0,,0,,0,,0,
ekacs/K6-script-collection,https://github.com/ekacs/K6-script-collection,esb+hubnet/2hubnet-uji-k6-kemenhub.js,yes,,0,,0,,0,,0,
ekacs/K6-script-collection,https://github.com/ekacs/K6-script-collection,esb+hubnet/4hubnet-uji-k6-kemenhub.js,yes,,0,,0,,0,,0,
ekacs/K6-script-collection,https://github.com/ekacs/K6-script-collection,esb+hubnet/3hubnet-uji-k6-kemenhub.js,yes,,0,,0,,0,,0,
ekacs/K6-script-collection,https://github.com/ekacs/K6-script-collection,esb+hubnet/6hubnet-uji-k6-kemenhub.js,yes,,0,,0,,0,,0,
ekacs/K6-script-collection,https://github.com/ekacs/K6-script-collection,esb+hubnet/5.1hubnet-uji-k6-kemenhub.js,yes,,0,,0,,0,,0,
ekacs/K6-script-collection,https://github.com/ekacs/K6-script-collection,esb+hubnet/4.1hubnet-uji-k6-kemenhub.js,yes,,0,,0,,0,,0,
ekacs/K6-script-collection,https://github.com/ekacs/K6-script-collection,sipencatar/skenario5.js,yes,,0,,0,,0,,0,
ekacs/K6-script-collection,https://github.com/ekacs/K6-script-collection,sipencatar/skenario7.js,yes,,0,,0,,0,,0,
ekacs/K6-script-collection,https://github.com/ekacs/K6-script-collection,sipencatar/skenario6.js,yes,,0,,0,,0,,0,
ekacs/K6-script-collection,https://github.com/ekacs/K6-script-collection,sipencatar/skenario6.1.js,yes,,0,,0,,0,,0,
ekacs/K6-script-collection,https://github.com/ekacs/K6-script-collection,sipencatar/skenario3.1.js,yes,,0,,0,,0,,0,
ekacs/K6-script-collection,https://github.com/ekacs/K6-script-collection,sipencatar/skenario5.1.js,yes,,0,,0,,0,,0,
ekacs/K6-script-collection,https://github.com/ekacs/K6-script-collection,sipencatar/skenario6.2.js,yes,,0,,0,,0,,0,
ekacs/K6-script-collection,https://github.com/ekacs/K6-script-collection,sipencatar/skenario7.1.js,yes,,0,,0,,0,,0,
ekacs/K6-script-collection,https://github.com/ekacs/K6-script-collection,sipencatar/skenario4.2.js,yes,,0,,0,,0,,0,
ekacs/K6-script-collection,https://github.com/ekacs/K6-script-collection,sipencatar/skenario3.2.js,yes,,0,,0,,0,,0,
ekacs/K6-script-collection,https://github.com/ekacs/K6-script-collection,sipencatar/skenario7.2.js,yes,,0,,0,,0,,0,
ekacs/K6-script-collection,https://github.com/ekacs/K6-script-collection,sipencatar/skenario4.1.js,yes,,0,,0,,0,,0,
ekacs/K6-script-collection,https://github.com/ekacs/K6-script-collection,sipencatar/skenario4.js,yes,,0,,0,,0,,0,
ekacs/K6-script-collection,https://github.com/ekacs/K6-script-collection,sipencatar/skenario3.js,yes,,0,,0,,0,,0,
ekacs/K6-script-collection,https://github.com/ekacs/K6-script-collection,sipencatar/skenario1.js,yes,,0,,0,,0,,0,
ekacs/K6-script-collection,https://github.com/ekacs/K6-script-collection,sipencatar/skenario2.js,yes,,0,,0,,0,,0,
ekacs/K6-script-collection,https://github.com/ekacs/K6-script-collection,sipencatar/skenario2v2.js,yes,,0,,0,,0,,0,
ekacs/K6-script-collection,https://github.com/ekacs/K6-script-collection,sipencatar/skenario2v1.js,yes,,0,,0,,0,,0,
ekacs/K6-script-collection,https://github.com/ekacs/K6-script-collection,sipencatar/skenario2v3.js,yes,,0,,0,,0,,0,
ekacs/K6-script-collection,https://github.com/ekacs/K6-script-collection,sipencatar/skenario2v4.js,yes,,0,,0,,0,,0,
kyourselfer/OTUS_SRE202207,https://github.com/kyourselfer/OTUS_SRE202207,Project/env/LoadTest/front-app.js,yes,,0,,0,,0,,1,12:12
tianling0625/W255repo,https://github.com/tianling0625/W255repo,main/labs/project/load.js,yes,,0,,0,,2,46:21; 52:25,0,
tianling0625/W255repo,https://github.com/tianling0625/W255repo,main/labs/lab5/load.js,yes,,0,,0,,2,51:21; 57:30,0,
tianling0625/W255repo,https://github.com/tianling0625/W255repo,fall23-tianling0625/lab_5/load.js,yes,,0,,0,,2,51:21; 57:30,0,
tianling0625/W255repo,https://github.com/tianling0625/W255repo,fall23-tianling0625/project/load.js,yes,,0,,0,,2,46:21; 52:25,0,
khoadtang/vertx-benchmark,https://github.com/khoadtang/vertx-benchmark,vertx-benchmark/loadtest/script.js,yes,,0,,1,10:1,0,,1,4:12
khoadtang/vertx-benchmark,https://github.com/khoadtang/vertx-benchmark,go-benchmark/loadtest/script.js,yes,,0,,1,10:1,0,,1,4:12
hr-rfp55-sdc2-cucco/Project-Atelier-Reviews-API,https://github.com/hr-rfp55-sdc2-cucco/Project-Atelier-Reviews-API,k6/scripts/reportReview.js,yes,,0,,0,,0,,0,
horadoqa/scripts-k6,https://github.com/horadoqa/scripts-k6,sequencial/script.js,yes,,0,,0,,0,,1,4:14
horadoqa/scripts-k6,https://github.com/horadoqa/scripts-k6,form/random.js,yes,,0,,0,,0,,1,6:14
horadoqa/scripts-k6,https://github.com/horadoqa/scripts-k6,form/sem-random.js,yes,,0,,0,,0,,1,7:14
horadoqa/scripts-k6,https://github.com/horadoqa/scripts-k6,json/horadoqa/del.js,yes,,0,,0,,0,,1,4:14
horadoqa/scripts-k6,https://github.com/horadoqa/scripts-k6,integrado/script1.js,yes,,0,,0,,0,,0,
horadoqa/scripts-k6,https://github.com/horadoqa/scripts-k6,integrado/main.js,yes,,0,,0,,0,,1,5:14
horadoqa/scripts-k6,https://github.com/horadoqa/scripts-k6,globo/random.js,yes,,0,,0,,0,,1,6:14
horadoqa/scripts-k6,https://github.com/horadoqa/scripts-k6,integrado/script2.js,yes,,0,,0,,0,,0,
horadoqa/scripts-k6,https://github.com/horadoqa/scripts-k6,json/token/script.js,yes,,0,,0,,0,,1,5:14
horadoqa/scripts-k6,https://github.com/horadoqa/scripts-k6,http2.0/script.js,yes,,0,,0,,0,,0,
horadoqa/scripts-k6,https://github.com/horadoqa/scripts-k6,amazon/script.js,yes,,0,,0,,0,,1,4:14
horadoqa/scripts-k6,https://github.com/horadoqa/scripts-k6,json/horadoqa/post.js,yes,,0,,0,,0,,1,5:14
horadoqa/scripts-k6,https://github.com/horadoqa/scripts-k6,stages/script.js,yes,,0,,0,,0,,1,4:14
horadoqa/scripts-k6,https://github.com/horadoqa/scripts-k6,misto-thresholds/script-es6.js,yes,,0,,0,,0,,0,
horadoqa/scripts-k6,https://github.com/horadoqa/scripts-k6,post/script.js,yes,,0,,0,,0,,1,4:12
horadoqa/scripts-k6,https://github.com/horadoqa/scripts-k6,variaveis/script.js,yes,,0,,0,,0,,1,4:14
horadoqa/scripts-k6,https://github.com/horadoqa/scripts-k6,paralelo/script.js,yes,,0,,0,,0,,1,4:14
horadoqa/scripts-k6,https://github.com/horadoqa/scripts-k6,report/script.js,yes,,0,,0,,0,,1,6:12
Themba47622/k6-load-testing-example,https://github.com/Themba47622/k6-load-testing-example,scripts/Example2.js,yes,,0,,0,,2,9:3; 9:9,0,
Themba47622/k6-load-testing-example,https://github.com/Themba47622/k6-load-testing-example,scripts/Example1.js,yes,,1,16:33,0,,3,40:21; 42:5; 46:5,0,
ydarias/xk6-nats,https://github.com/ydarias/xk6-nats,examples/withHeaders.js,yes,,0,,0,,0,,0,
ydarias/xk6-nats,https://github.com/ydarias/xk6-nats,examples/binary.js,yes,,0,,0,,0,,0,
ydarias/xk6-nats,https://github.com/ydarias/xk6-nats,examples/simple.js,yes,,0,,0,,0,,0,
ydarias/xk6-nats,https://github.com/ydarias/xk6-nats,examples/complex.js,yes,,0,,0,,0,,0,
ydarias/xk6-nats,https://github.com/ydarias/xk6-nats,test/test_msg_binary.js,yes,,0,,0,,0,,0,
ydarias/xk6-nats,https://github.com/ydarias/xk6-nats,test/test_msg_binary_headers.js,yes,,0,,0,,0,,0,
ydarias/xk6-nats,https://github.com/ydarias/xk6-nats,test/test.js,yes,,0,,0,,0,,0,
ydarias/xk6-nats,https://github.com/ydarias/xk6-nats,test/test_headers.js,yes,,0,,0,,0,,0,
ydarias/xk6-nats,https://github.com/ydarias/xk6-nats,test/test_jetstream.js,yes,,0,,0,,0,,0,
ydarias/xk6-nats,https://github.com/ydarias/xk6-nats,test/test_msg_string.js,yes,,0,,0,,0,,0,
ydarias/xk6-nats,https://github.com/ydarias/xk6-nats,test/test_msg_string_headers.js,yes,,0,,0,,0,,0,
pryzmian/ScuttleCrab,https://github.com/pryzmian/ScuttleCrab,Commands/LoL/build.js,yes,,0,,0,,0,,0,
pryzmian/ScuttleCrab,https://github.com/pryzmian/ScuttleCrab,Commands/LoL/champion.js,yes,,0,,0,,0,,0,
Zaha250/rg-testing,https://github.com/Zaha250/rg-testing,src/api/modules/common/getSidebarComponents.js,yes,,0,,0,,0,,0,
rkhokhla/kakeya,https://github.com/rkhokhla/kakeya,load/baseline.js,yes,,0,,0,,0,,0,
ruvnet/ruvector,https://github.com/ruvnet/ruvector,benchmarks/benchmark-runner.ts,yes,,0,,0,,0,,0,
ruvnet/ruvector,https://github.com/ruvnet/ruvector,benchmarks/load-generator.ts,yes,,0,,0,,0,,0,
cabinetoffice/GCGS-Central-Digital-Platform,https://github.com/cabinetoffice/GCGS-Central-Digital-Platform,terragrunt/tools/k6/scripts/requests/OrganisationPersons/getOrganisationPersons.js,yes,,0,,0,,0,,0,
cabinetoffice/GCGS-Central-Digital-Platform,https://github.com/cabinetoffice/GCGS-Central-Digital-Platform,terragrunt/tools/k6/scripts/requests/Tenant/postTenant.js,yes,,0,,0,,0,,0,
cabinetoffice/GCGS-Central-Digital-Platform,https://github.com/cabinetoffice/GCGS-Central-Digital-Platform,terragrunt/tools/k6/scripts/requests/Organisation/patchOrganisation.js,yes,,0,,0,,0,,0,
cabinetoffice/GCGS-Central-Digital-Platform,https://github.com/cabinetoffice/GCGS-Central-Digital-Platform,terragrunt/tools/k6/scripts/requests/OrganisationSupport/patchOrganisationReview.js,yes,,0,,0,,0,,0,
cabinetoffice/GCGS-Central-Digital-Platform,https://github.com/cabinetoffice/GCGS-Central-Digital-Platform,terragrunt/tools/k6/scripts/requests/OrganisationConnectedEntity/postConnectedEntities.js,yes,,0,,0,,0,,0,
cabinetoffice/GCGS-Central-Digital-Platform,https://github.com/cabinetoffice/GCGS-Central-Digital-Platform,terragrunt/tools/k6/scripts/requests/OrganisationPersons/patchPerson.js,yes,,0,,0,,0,,0,
cabinetoffice/GCGS-Central-Digital-Platform,https://github.com/cabinetoffice/GCGS-Central-Digital-Platform,terragrunt/tools/k6/scripts/requests/Organisation/getOrganisations.js,yes,,0,,0,,0,,0,
cabinetoffice/GCGS-Central-Digital-Platform,https://github.com/cabinetoffice/GCGS-Central-Digital-Platform,terragrunt/tools/k6/scripts/requests/OrganisationConnectedEntity/putConnectedEntity.js,yes,,0,,0,,0,,0,
cabinetoffice/GCGS-Central-Digital-Platform,https://github.com/cabinetoffice/GCGS-Central-Digital-Platform,terragrunt/tools/k6/scripts/requests/OrganisationConnectedEntity/getSingleConnectedEntity.js,yes,,0,,0,,0,,0,
cabinetoffice/GCGS-Central-Digital-Platform,https://github.com/cabinetoffice/GCGS-Central-Digital-Platform,terragrunt/tools/k6/scripts/requests/OrganisationBuyerInformation/getBuyerInformation.js,yes,,0,,0,,0,,0,
cabinetoffice/GCGS-Central-Digital-Platform,https://github.com/cabinetoffice/GCGS-Central-Digital-Platform,terragrunt/tools/k6/scripts/requests/Persons/getPersonById.js,yes,,0,,0,,0,,0,
cabinetoffice/GCGS-Central-Digital-Platform,https://github.com/cabinetoffice/GCGS-Central-Digital-Platform,terragrunt/tools/k6/scripts/requests/OrganisationFeedback/postFeedback.js,yes,,0,,0,,0,,0,
cabinetoffice/GCGS-Central-Digital-Platform,https://github.com/cabinetoffice/GCGS-Central-Digital-Platform,terragrunt/tools/k6/scripts/requests/Tenant/getTenantLookup.js,yes,,0,,0,,0,,0,
cabinetoffice/GCGS-Central-Digital-Platform,https://github.com/cabinetoffice/GCGS-Central-Digital-Platform,terragrunt/tools/k6/scripts/requests/DataShare/getDataShareFile.js,yes,,0,,0,,0,,0,
cabinetoffice/GCGS-Central-Digital-Platform,https://github.com/cabinetoffice/GCGS-Central-Digital-Platform,terragrunt/tools/k6/scripts/requests/OrganisationParties/postAddParty.js,yes,,0,,0,,0,,0,
cabinetoffice/GCGS-Central-Digital-Platform,https://github.com/cabinetoffice/GCGS-Central-Digital-Platform,terragrunt/tools/k6/scripts/requests/OrganisationSupplierInfo/getOrganisationSupplierInformation.js,yes,,0,,0,,0,,0,
cabinetoffice/GCGS-Central-Digital-Platform,https://github.com/cabinetoffice/GCGS-Central-Digital-Platform,terragrunt/tools/k6/scripts/requests/DataShare/getOrganisationShareCodes.js,yes,,0,,0,,0,,0,
cabinetoffice/GCGS-Central-Digital-Platform,https://github.com/cabinetoffice/GCGS-Central-Digital-Platform,terragrunt/tools/k6/scripts/requests/Organisation/getOrganisationByGuid.js,yes,,0,,0,,0,,0,
cabinetoffice/GCGS-Central-Digital-Platform,https://github.com/cabinetoffice/GCGS-Central-Digital-Platform,terragrunt/tools/k6/scripts/requests/OrganisationMOUs/getMouLatest.js,yes,,0,,0,,0,,0,
cabinetoffice/GCGS-Central-Digital-Platform,https://github.com/cabinetoffice/GCGS-Central-Digital-Platform,terragrunt/tools/k6/scripts/requests/OrganisationFeedback/postContactUs.js,yes,,0,,0,,0,,0,
cabinetoffice/GCGS-Central-Digital-Platform,https://github.com/cabinetoffice/GCGS-Central-Digital-Platform,terragrunt/tools/k6/scripts/requests/Organisation/getOrganisationReviews.js,yes,,0,,0,,0,,0,
cabinetoffice/GCGS-Central-Digital-Platform,https://github.com/cabinetoffice/GCGS-Central-Digital-Platform,terragrunt/tools/k6/scripts/requests/OrganisationAPIKeys/getOrganisationApiKeys.js,yes,,0,,0,,0,,0,
cabinetoffice/GCGS-Central-Digital-Platform,https://github.com/cabinetoffice/GCGS-Central-Digital-Platform,terragrunt/tools/k6/scripts/requests/OrganisationPersons/patchOrganisationInvite.js,yes,,0,,0,,0,,0,
cabinetoffice/GCGS-Central-Digital-Platform,https://github.com/cabinetoffice/GCGS-Central-Digital-Platform,terragrunt/tools/k6/scripts/requests/OrganisationSupplierInfo/patchOrganisationSupplierInformation.js,yes,,0,,0,,0,,0,
cabinetoffice/GCGS-Central-Digital-Platform,https://github.com/cabinetoffice/GCGS-Central-Digital-Platform,terragrunt/tools/k6/scripts/requests/OrganisationPersons/postOrganisationInvite.js,yes,,0,,0,,0,,0,
cabinetoffice/GCGS-Central-Digital-Platform,https://github.com/cabinetoffice/GCGS-Central-Digital-Platform,terragrunt/tools/k6/scripts/requests/DataShare/putAnswersAndShareData.js,yes,,0,,0,,0,,0,
cabinetoffice/GCGS-Central-Digital-Platform,https://github.com/cabinetoffice/GCGS-Central-Digital-Platform,terragrunt/tools/k6/scripts/requests/Organisation/getOrganisationJoinRequests.js,yes,,0,,0,,0,,0,
cabinetoffice/GCGS-Central-Digital-Platform,https://github.com/cabinetoffice/GCGS-Central-Digital-Platform,terragrunt/tools/k6/scripts/requests/OrganisationConnectedEntity/getConnectedEntities.js,yes,,0,,0,,0,,0,
cabinetoffice/GCGS-Central-Digital-Platform,https://github.com/cabinetoffice/GCGS-Central-Digital-Platform,terragrunt/tools/k6/scripts/requests/OrganisationBuyerInformation/patchBuyerInformation.js,yes,,0,,0,,0,,0,
cabinetoffice/GCGS-Central-Digital-Platform,https://github.com/cabinetoffice/GCGS-Central-Digital-Platform,terragrunt/tools/k6/scripts/requests/OrganisationLookup/getOrganisationLookupByName.js,yes,,0,,0,,0,,0,
cabinetoffice/GCGS-Central-Digital-Platform,https://github.com/cabinetoffice/GCGS-Central-Digital-Platform,terragrunt/tools/k6/scripts/requests/DataShare/verifySharedData.js,yes,,0,,0,,0,,0,
cabinetoffice/GCGS-Central-Digital-Platform,https://github.com/cabinetoffice/GCGS-Central-Digital-Platform,terragrunt/tools/k6/scripts/requests/OrganisationMOUs/getOrganisationMou.js,yes,,0,,0,,0,,0,
cabinetoffice/GCGS-Central-Digital-Platform,https://github.com/cabinetoffice/GCGS-Central-Digital-Platform,terragrunt/tools/k6/scripts/requests/DataShare/getDataShare.js,yes,,0,,0,,0,,0,
cabinetoffice/GCGS-Central-Digital-Platform,https://github.com/cabinetoffice/GCGS-Central-Digital-Platform,terragrunt/tools/k6/scripts/requests/OrganisationParties/getOrganisationParties.js,yes,,0,,0,,0,,0,
cabinetoffice/GCGS-Central-Digital-Platform,https://github.com/cabinetoffice/GCGS-Central-Digital-Platform,terragrunt/tools/k6/scripts/requests/OrganisationPersons/getOrganisationInvites.js,yes,,0,,0,,0,,0,
cabinetoffice/GCGS-Central-Digital-Platform,https://github.com/cabinetoffice/GCGS-Central-Digital-Platform,terragrunt/tools/k6/scripts/requests/OrganisationAPIKeys/postOrganisationApiKeys.js,yes,,0,,0,,0,,0,
cabinetoffice/GCGS-Central-Digital-Platform,https://github.com/cabinetoffice/GCGS-Central-Digital-Platform,terragrunt/tools/k6/scripts/requests/Organisation/postOrganisations.js,yes,,0,,0,,0,,0,
cabinetoffice/GCGS-Central-Digital-Platform,https://github.com/cabinetoffice/GCGS-Central-Digital-Platform,terragrunt/tools/k6/scripts/requests/DataShare/getOrganisationWithShareCode.js,yes,,0,,0,,0,,0,
cabinetoffice/GCGS-Central-Digital-Platform,https://github.com/cabinetoffice/GCGS-Central-Digital-Platform,terragrunt/tools/k6/scripts/requests/Persons/postPersons.js,yes,,0,,0,,0,,0,
team-kutner/photo_carousel-service,https://github.com/team-kutner/photo_carousel-service,script.js,yes,,0,,0,,2,14:3; 14:9,0,
RayLiu1999/chat_app_backend,https://github.com/RayLiu1999/chat_app_backend,loadtest/scenarios/light.js,yes,,0,,0,,0,,0,
RayLiu1999/chat_app_backend,https://github.com/RayLiu1999/chat_app_backend,loadtest/scripts/common/utils.js,yes,,0,,0,,0,,0,
priyanshuagrawal17/multi-vendor-service,https://github.com/priyanshuagrawal17/multi-vendor-service,loadtest/loadtest.js,yes,,0,,0,,2,18:19; 23:19,1,4:12
vfarcic/keda-demo,https://github.com/vfarcic/keda-demo,k6-100.js,yes,,0,,1,9:1,0,,1,4:14
vfarcic/keda-demo,https://github.com/vfarcic/keda-demo,k6.js,yes,,0,,1,9:1,0,,1,4:14
nahomaron/anastasia_springboot,https://github.com/nahomaron/anastasia_springboot,performance/k6/scripts/member-performance.js,yes,,0,,0,,0,,1,8:14
nahomaron/anastasia_springboot,https://github.com/nahomaron/anastasia_springboot,performance/k6/scripts/auth-performance.js,yes,,0,,0,,4,31:17; 37:17; 46:17; 52:17,1,8:14
nahomaron/anastasia_springboot,https://github.com/nahomaron/anastasia_springboot,performance/k6/config/environment.js,yes,,0,,0,,6,46:17; 60:22; 91:27; 104:27; 117:25; 123:20,0,
nahomaron/anastasia_springboot,https://github.com/nahomaron/anastasia_springboot,performance/k6/scripts/user-performance.js,yes,,0,,0,,0,,1,8:14
nahomaron/anastasia_springboot,https://github.com/nahomaron/anastasia_springboot,performance/senarios/stress-test.js,yes,,0,,0,,0,,0,
nahomaron/anastasia_springboot,https://github.com/nahomaron/anastasia_springboot,performance/senarios/soak-test.js,yes,,0,,0,,0,,0,
nahomaron/anastasia_springboot,https://github.com/nahomaron/anastasia_springboot,performance/senarios/smoke-test.js,yes,,0,,0,,0,,0,
steadybit/examples,https://github.com/steadybit/examples,loadtest/k6-start-experiment/script.js,yes,,0,,1,11:1,0,,0,
UKHO/exchange-set-service,https://github.com/UKHO/exchange-set-service,UKHO.ExchangeSetService.API/UKHO.ExchangeSetService.LoadTests/Scripts/LoadTestForProductVersions.js,yes,,2,5:16; 5:27,0,,2,18:23; 20:5,0,
UKHO/exchange-set-service,https://github.com/UKHO/exchange-set-service,UKHO.ExchangeSetService.API/UKHO.ExchangeSetService.LoadTests/TestCase/ESSPTUsingLiveLogsWithReadMeCacheInvalidation.js,yes,,6,6:21; 6:32; 11:14; 11:25; 12:18; 12:29,0,,0,,1,16:14
vunetsystems/Load-Testing-Tool,https://github.com/vunetsystems/Load-Testing-Tool,k6_final/k6_dashboard_name/traces/trace-analyze-errors.js,yes,,2,38:18; 81:1,0,,0,,1,55:12
vunetsystems/Load-Testing-Tool,https://github.com/vunetsystems/Load-Testing-Tool,k6_final/k6_dashboard_name/log_analytics.js,yes,,0,,0,,0,,1,16:12
vunetsystems/Load-Testing-Tool,https://github.com/vunetsystems/Load-Testing-Tool,k6_final/k6_dashboard_name/traces/server-error-traces.js,yes,,2,38:18; 81:1,0,,0,,1,55:12
vunetsystems/Load-Testing-Tool,https://github.com/vunetsystems/Load-Testing-Tool,k6_final/k6_dashboard_name/log_analytics/log_analytics.js,yes,,0,,0,,0,,1,31:12
vunetsystems/Load-Testing-Tool,https://github.com/vunetsystems/Load-Testing-Tool,k6_final/k6_dashboard_name/alert/Alert-MSSQL.js,yes,,1,12:18,0,,0,,1,6:12
vunetsystems/Load-Testing-Tool,https://github.com/vunetsystems/Load-Testing-Tool,k6_final/k6_dashboard_name/mssql2.js,yes,,2,11:18; 51:1,0,,0,,1,28:12
vunetsystems/Load-Testing-Tool,https://github.com/vunetsystems/Load-Testing-Tool,k6_final/k6_dashboard_name/traces/failed-traces.js,yes,,2,38:18; 81:1,0,,0,,1,55:12
vunetsystems/Load-Testing-Tool,https://github.com/vunetsystems/Load-Testing-Tool,k6_final/k6_dashboard_name/alert/Alert-Linux.js,yes,,1,12:18,0,,0,,1,26:12
vunetsystems/Load-Testing-Tool,https://github.com/vunetsystems/Load-Testing-Tool,k6_final/k6_dashboard_name/ibmb1.js,yes,,2,11:18; 51:1,0,,0,,1,28:12
vunetsystems/Load-Testing-Tool,https://github.com/vunetsystems/Load-Testing-Tool,k6_final/k6_dashboard_name/linux2.js,yes,,2,11:18; 51:1,0,,0,,1,28:12
vunetsystems/Load-Testing-Tool,https://github.com/vunetsystems/Load-Testing-Tool,k6_final/k6_dashboard_name/traces/slow-traces.js,yes,,2,38:18; 81:1,0,,0,,1,55:12
vunetsystems/Load-Testing-Tool,https://github.com/vunetsystems/Load-Testing-Tool,k6_final/k6_dashboard_name/Alert-Linux-time-range.js,yes,,1,43:18,0,,0,,1,67:12
vunetsystems/Load-Testing-Tool,https://github.com/vunetsystems/Load-Testing-Tool,k6_final/k6_dashboard_name/traces/traces-apm-error-breakdown.js,yes,,2,38:18; 81:1,0,,0,,1,55:12
vunetsystems/Load-Testing-Tool,https://github.com/vunetsystems/Load-Testing-Tool,k6_final/k6_dashboard_name/alert.js,yes,,1,12:18,0,,0,,1,6:12
vunetsystems/Load-Testing-Tool,https://github.com/vunetsystems/Load-Testing-Tool,k6_final/k6_dashboard_name/traces/client-error-traces.js,yes,,2,38:18; 81:1,0,,0,,1,55:12
vunetsystems/Load-Testing-Tool,https://github.com/vunetsystems/Load-Testing-Tool,k6_final/k6_dashboard_name/traces/trace-trace-map.js,yes,,2,38:18; 81:1,0,,0,,1,55:12
vunetsystems/Load-Testing-Tool,https://github.com/vunetsystems/Load-Testing-Tool,k6_final/k6_dashboard_name/reports/report.js,yes,,1,12:18,0,,0,,1,6:12
vunetsystems/Load-Testing-Tool,https://github.com/vunetsystems/Load-Testing-Tool,k6_final/k6_dashboard_name/self-monitoring/LinuxServerInsights.js,yes,,2,38:18; 81:1,0,,0,,1,55:12
vunetsystems/Load-Testing-Tool,https://github.com/vunetsystems/Load-Testing-Tool,k6_final/k6_dashboard_name/traces/trace-service-map.js,yes,,2,38:18; 81:1,0,,0,,1,55:12
vunetsystems/Load-Testing-Tool,https://github.com/vunetsystems/Load-Testing-Tool,k6_final/k6_dashboard_name/linux-mssql-dashboard/multi_dashboard_test.js,yes,,1,101:18,1,163:1,3,171:15; 213:18; 243:22,1,121:14
vunetsystems/Load-Testing-Tool,https://github.com/vunetsystems/Load-Testing-Tool,k6_final/k6_dashboard_name/traces/traces-apm-latency-breakdown-post-sampling.js,yes,,2,38:18; 81:1,0,,0,,1,55:12
vunetsystems/Load-Testing-Tool,https://github.com/vunetsystems/Load-Testing-Tool,k6_final/k6_dashboard_name/traces/trace-transaction.js,yes,,2,38:18; 81:1,0,,0,,1,55:12
vunetsystems/Load-Testing-Tool,https://github.com/vunetsystems/Load-Testing-Tool,k6_final/k6_dashboard_name/traces/trace-app-catalog.js,yes,,2,38:18; 81:1,0,,0,,1,55:12
vunetsystems/Load-Testing-Tool,https://github.com/vunetsystems/Load-Testing-Tool,k6_final/k6_dashboard_name/traces/trace-trace-listing.js,yes,,2,38:18; 81:1,0,,0,,1,55:12
vunetsystems/Load-Testing-Tool,https://github.com/vunetsystems/Load-Testing-Tool,k6_final/k6_dashboard_name/traces/trace-analyze-latency.js,yes,,2,38:18; 81:1,0,,0,,1,55:12
vunetsystems/Load-Testing-Tool,https://github.com/vunetsystems/Load-Testing-Tool,k6_final/k6_dashboard_name/traces/trace-service-summary.js,yes,,2,38:18; 81:1,0,,0,,1,55:12
vunetsystems/Load-Testing-Tool,https://github.com/vunetsystems/Load-Testing-Tool,k6_final/k6_dashboard_name/traces/trace-service-catalog.js,yes,,2,38:18; 81:1,0,,0,,1,55:12
vunetsystems/Load-Testing-Tool,https://github.com/vunetsystems/Load-Testing-Tool,k6_final/k6_dashboard_name/traces/trace-shared-services-map.js,yes,,2,38:18; 81:1,0,,0,,1,55:12
vunetsystems/Load-Testing-Tool,https://github.com/vunetsystems/Load-Testing-Tool,k6_final/k6_dashboard_name/ibmb/PaymentJourneyObservability.js,yes,,2,37:18; 79:1,0,,0,,1,54:12
vunetsystems/Load-Testing-Tool,https://github.com/vunetsystems/Load-Testing-Tool,k6_final/k6_dashboard_name/traces/traces-apm-latency-breakdown.js,yes,,2,38:18; 81:1,0,,0,,1,55:12
Chris-Owusu/k6,https://github.com/Chris-Owusu/k6,cliOptions.js,yes,,0,,1,10:1,0,,1,4:14
Chris-Owusu/k6,https://github.com/Chris-Owusu/k6,abort.js,yes,,0,,1,17:1,0,,1,5:14
Chris-Owusu/k6,https://github.com/Chris-Owusu/k6,script.js,yes,,0,,1,9:1,0,,1,4:14
Chris-Owusu/k6,https://github.com/Chris-Owusu/k6,browser.js,yes,,0,,0,,2,21:5; 32:5,1,4:14
Chris-Owusu/k6,https://github.com/Chris-Owusu/k6,spikeTest.js,yes,,0,,1,17:1,0,,1,4:14
Chris-Owusu/k6,https://github.com/Chris-Owusu/k6,random-item.js,yes,,0,,0,,2,7:15; 13:11,0,
Chris-Owusu/k6,https://github.com/Chris-Owusu/k6,customTags.js,yes,,0,,0,,0,,0,
Chris-Owusu/k6,https://github.com/Chris-Owusu/k6,postFinal.js,yes,,0,,0,,9,18:5; 24:11; 38:6; 42:5; 51:14; 70:10; 84:10; 107:10; 128:10,0,
Chris-Owusu/k6,https://github.com/Chris-Owusu/k6,breakpointTest.js,yes,,0,,1,13:1,0,,1,4:14
Chris-Owusu/k6,https://github.com/Chris-Owusu/k6,assertions.js,yes,,0,,0,,2,6:5; 7:5,0,
Chris-Owusu/k6,https://github.com/Chris-Owusu/k6,stressTest.js,yes,,0,,1,21:1,3,22:5; 24:5; 26:5,1,4:14
Chris-Owusu/k6,https://github.com/Chris-Owusu/k6,groups.js,yes,,0,,0,,4,16:19; 20:13; 21:13; 26:9,0,
Chris-Owusu/k6,https://github.com/Chris-Owusu/k6,errorChecks.js,yes,,0,,0,,0,,0,
Chris-Owusu/k6,https://github.com/Chris-Owusu/k6,validateResponse.js,yes,,0,,0,,0,,0,
Chris-Owusu/k6,https://github.com/Chris-Owusu/k6,http-json.js,yes,,0,,0,,2,5:15; 11:11,0,
Chris-Owusu/k6,https://github.com/Chris-Owusu/k6,ssl.js,yes,,0,,1,4:1,0,,0,
Chris-Owusu/k6,https://github.com/Chris-Owusu/k6,metricsType.js,yes,,0,,0,,0,,0,
Chris-Owusu/k6,https://github.com/Chris-Owusu/k6,loadTest.js,yes,,0,,1,21:1,3,22:5; 24:5; 26:5,1,4:14
Chris-Owusu/k6,https://github.com/Chris-Owusu/k6,usingJsonFile.js,yes,,0,,1,12:1,2,20:19; 35:15,0,
Chris-Owusu/k6,https://github.com/Chris-Owusu/k6,postRequest.js,yes,,0,,1,4:1,0,,0,
Chris-Owusu/k6,https://github.com/Chris-Owusu/k6,smokeTest.js,yes,,0,,1,10:1,3,11:5; 13:5; 15:5,1,4:14
Chris-Owusu/k6,https://github.com/Chris-Owusu/k6,random-sleep.js,yes,,0,,1,10:1,0,,1,5:14
Chris-Owusu/k6,https://github.com/Chris-Owusu/k6,exportToJSON.js,yes,,0,,1,4:1,0,,0,
Chris-Owusu/k6,https://github.com/Chris-Owusu/k6,customMetrics.js,yes,,0,,1,18:1,2,19:15; 23:11,0,
Chris-Owusu/k6,https://github.com/Chris-Owusu/k6,soakTest.js,yes,,0,,1,21:1,3,22:5; 24:5; 26:5,1,4:14
Chris-Owusu/k6,https://github.com/Chris-Owusu/k6,postRequestAss.js,yes,,0,,0,,0,,0,
Chris-Owusu/k6,https://github.com/Chris-Owusu/k6,threshold.js,yes,,0,,0,,0,,0,
Chris-Owusu/k6,https://github.com/Chris-Owusu/k6,usingProjectOnCloud.js,yes,,0,,1,15:1,3,16:5; 18:5; 20:5,1,4:14
Chris-Owusu/k6,https://github.com/Chris-Owusu/k6,real-test.js,yes,,0,,0,,8,39:15; 56:11; 80:11; 96:11; 116:11; 132:11; 156:11; 178:11,0,
eswaryalakanti/Learning-Management-system,https://github.com/eswaryalakanti/Learning-Management-system,Server/controllers/user.controller.js,yes,,0,,0,,0,,0,
jsvitorm/ponderadasemana9m9,https://github.com/jsvitorm/ponderadasemana9m9,src/soak.js,yes,,0,,0,,0,,1,4:12
jsvitorm/ponderadasemana9m9,https://github.com/jsvitorm/ponderadasemana9m9,src/carga.js,yes,,0,,0,,0,,1,4:12
jsvitorm/ponderadasemana9m9,https://github.com/jsvitorm/ponderadasemana9m9,src/smoke.js,yes,,0,,0,,0,,1,4:12
jsvitorm/ponderadasemana9m9,https://github.com/jsvitorm/ponderadasemana9m9,src/spike.js,yes,,0,,0,,0,,1,4:12
jsvitorm/ponderadasemana9m9,https://github.com/jsvitorm/ponderadasemana9m9,src/stress.js,yes,,0,,0,,0,,1,4:12
jsvitorm/ponderadasemana9m9,https://github.com/jsvitorm/ponderadasemana9m9,src/breakpoint.js,yes,,0,,0,,0,,1,4:12
bumberboy/xk6-connectrpc,https://github.com/bumberboy/xk6-connectrpc,examples/unary-example.js,yes,,0,,0,,0,,0,
adhirajkinlekar/docker-tools,https://github.com/adhirajkinlekar/docker-tools,KIB/k6/load.js,yes,,0,,0,,0,,1,6:12
adhirajkinlekar/docker-tools,https://github.com/adhirajkinlekar/docker-tools,KIB/k6/stress.js,yes,,0,,0,,0,,1,4:12
adhirajkinlekar/docker-tools,https://github.com/adhirajkinlekar/docker-tools,KIB/k6/smoke.js,yes,,0,,0,,0,,1,4:12
mtafasahin/examapp,https://github.com/mtafasahin/examapp,k6/k6-script.js,yes,,0,,0,,0,,1,5:12
mtafasahin/examapp,https://github.com/mtafasahin/examapp,api/k6-test.js,yes,,0,,1,12:1,0,,0,
zackerms/k6-playground,https://github.com/zackerms/k6-playground,k6/soak.js,yes,,0,,0,,2,31:17; 41:27,0,
zackerms/k6-playground,https://github.com/zackerms/k6-playground,k6/smoke.js,yes,,0,,0,,0,,0,
zackerms/k6-playground,https://github.com/zackerms/k6-playground,k6/spike.js,yes,,0,,0,,0,,0,
zackerms/k6-playground,https://github.com/zackerms/k6-playground,k6/stress.js,yes,,0,,0,,0,,0,
zackerms/k6-playground,https://github.com/zackerms/k6-playground,k6/breakpoint.js,yes,,0,,0,,2,34:17; 47:27,0,
zackerms/k6-playground,https://github.com/zackerms/k6-playground,k6/load-test.js,yes,,0,,0,,0,,1,5:14
J-reyes132/api-test-k6,https://github.com/J-reyes132/api-test-k6,RickMortyCharacterByStatus_script.js,yes,,0,,0,,2,16:16; 17:5,1,5:14
J-reyes132/api-test-k6,https://github.com/J-reyes132/api-test-k6,RickMortyCharacterById_script.js,yes,,0,,0,,2,15:20; 16:9,1,4:14
J-reyes132/api-test-k6,https://github.com/J-reyes132/api-test-k6,CharacterByName.js,yes,,0,,0,,2,18:16; 19:5,1,4:14
J-reyes132/api-test-k6,https://github.com/J-reyes132/api-test-k6,rick_morty_all_characters_script.js,yes,,0,,0,,2,15:14; 16:3,1,4:14
kesen-humblebundle/item-description,https://github.com/kesen-humblebundle/item-description,server/load-testing/get1000RPS.srvc.k6.js,yes,,0,,0,,0,,1,16:12
EyalShap/DoGood,https://github.com/EyalShap/DoGood,StressTesting/script.js,yes,,0,,0,,1,30:20,1,9:14
rancher/dartboard,https://github.com/rancher/dartboard,k6/vai/load_steve_new_pagination.js,yes,,0,,0,,3,41:17; 52:12; 66:21,0,
rancher/dartboard,https://github.com/rancher/dartboard,k6/generic/k8s.js,yes,,0,,0,,1,100:21,0,
rancher/dartboard,https://github.com/rancher/dartboard,k6/crds/get_crds.js,yes,,0,,0,,0,,0,
rancher/dartboard,https://github.com/rancher/dartboard,k6/crds/create_crds.js,yes,,0,,0,,0,,0,
rancher/dartboard,https://github.com/rancher/dartboard,k6/generic/create_projects.js,yes,,0,,0,,4,94:14; 130:3; 148:18; 158:7,0,
rancher/dartboard,https://github.com/rancher/dartboard,k6/crds/update_crds.js,yes,,0,,0,,0,,0,
rancher/dartboard,https://github.com/rancher/dartboard,k6/rancher/rancher_diagnostics.js,yes,,0,,0,,0,,0,
rancher/dartboard,https://github.com/rancher/dartboard,k6/vai/filter_change_configmaps.js,yes,,0,,0,,0,,0,
rancher/dartboard,https://github.com/rancher/dartboard,k6/crds/update_destructive_crds.js,yes,,0,,0,,3,226:37; 239:3; 262:3,0,
rancher/dartboard,https://github.com/rancher/dartboard,k6/projects/project_utils.js,yes,,0,,0,,2,16:13; 21:11,0,
rancher/dartboard,https://github.com/rancher/dartboard,k6/schemas/schema_utils.js,yes,,0,,0,,0,,0,
rancher/dartboard,https://github.com/rancher/dartboard,k6/generic/steve_create_pods.js,yes,,0,,0,,3,47:17; 58:15; 65:13,0,
rancher/dartboard,https://github.com/rancher/dartboard,k6/crds/delete_crds.js,yes,,0,,0,,0,,0,
rancher/dartboard,https://github.com/rancher/dartboard,k6/crds/load_crds.js,yes,,0,,0,,1,161:5,0,
rancher/dartboard,https://github.com/rancher/dartboard,k6/rancher/rancher_utils.js,yes,,0,,0,,24,8:20; 9:10; 37:16; 67:14; 83:16; 100:16; 118:16; 135:16; 153:16; 170:16; 207:14; 217:14; 227:14; 240:14; 253:14; 266:14; 276:14; 286:14; 305:14; 321:14; 331:14; 341:14; 351:14; 361:14,0,
rancher/dartboard,https://github.com/rancher/dartboard,k6/vai/steve_paginated_api_benchmark.js,yes,,0,,0,,4,48:21; 59:16; 87:21; 120:21,0,
rancher/dartboard,https://github.com/rancher/dartboard,k6/schemas/verify_schemas.js,yes,,0,,0,,0,,0,
rancher/dartboard,https://github.com/rancher/dartboard,k6/generic/generic_utils.js,yes,,0,,0,,0,,0,
rancher/dartboard,https://github.com/rancher/dartboard,k6/generic/change_config_maps.js,yes,,0,,0,,0,,0,
rancher/dartboard,https://github.com/rancher/dartboard,k6/namespaces/namespace_utils.js,yes,,0,,0,,2,14:13; 19:11,0,
rancher/dartboard,https://github.com/rancher/dartboard,k6/crds/crd_utils.js,yes,,0,,0,,2,19:13; 24:11,0,
rancher/dartboard,https://github.com/rancher/dartboard,k6/rancher/rancher_users_utils.js,yes,,0,,0,,0,,0,
rancher/dartboard,https://github.com/rancher/dartboard,k6/rancher/collect_rancher_diagnostics.js,yes,,0,,0,,0,,0,
rancher/dartboard,https://github.com/rancher/dartboard,k6/vai/create_vai_resources.js,yes,,0,,0,,0,,0,
rancher/dartboard,https://github.com/rancher/dartboard,k6/schemas/verify_schema_definitions.js,yes,,0,,0,,2,219:5; 260:5,0,
rancher/dartboard,https://github.com/rancher/dartboard,k6/generic/create_roles_users.js,yes,,0,,0,,8,57:17; 68:21; 77:15; 82:15; 87:11; 92:15; 151:17; 176:20,0,
rancher/dartboard,https://github.com/rancher/dartboard,k6/vai/load_steve_k8s_pagination.js,yes,,0,,0,,3,41:17; 52:12; 67:21,0,
rancher/dartboard,https://github.com/rancher/dartboard,k6/rancher/rancher_rolebindings_utils.js,yes,,0,,0,,0,,0,
rancher/dartboard,https://github.com/rancher/dartboard,k6/tests/load_projects_rbac.js,yes,,0,,0,,3,510:7; 554:3; 557:3,0,
rancher/dartboard,https://github.com/rancher/dartboard,k6/tests/steve_count_resouces.js,yes,,0,,0,,2,49:21; 60:16,0,
rancher/dartboard,https://github.com/rancher/dartboard,k6/tests/steve_watch_benchmark.js,yes,,0,,0,,0,,0,
rancher/dartboard,https://github.com/rancher/dartboard,k6/tests/tokens.js,yes,,0,,0,,0,,0,
rancher/dartboard,https://github.com/rancher/dartboard,k6/tests/api_benchmark.js,yes,,0,,0,,5,51:17; 64:12; 110:17; 146:17; 177:17,0,
glific/k6io,https://github.com/glific/k6io,src/message.ts,yes,,0,,0,,0,,0,
glific/k6io,https://github.com/glific/k6io,src/flows/new_contact.ts,yes,,0,,0,,0,,0,
glific/k6io,https://github.com/glific/k6io,src/flows/help.ts,yes,,0,,0,,0,,0,
glific/k6io,https://github.com/glific/k6io,src/helpers.ts,yes,,0,,0,,0,,0,
glific/k6io,https://github.com/glific/k6io,src/tag.ts,yes,,0,,0,,0,,0,
glific/k6io,https://github.com/glific/k6io,src/flows/test_other_flow_keywords.ts,yes,,0,,0,,0,,0,
glific/k6io,https://github.com/glific/k6io,src/flows/test_any.ts,yes,,0,,0,,0,,0,
glific/k6io,https://github.com/glific/k6io,src/flows/test_all.ts,yes,,0,,0,,0,,0,
glific/k6io,https://github.com/glific/k6io,src/flows/test_wrong_input.ts,yes,,0,,0,,0,,0,
Arch-Frost/Tripify,https://github.com/Arch-Frost/Tripify,server/k6_Testing/deleteUser.js,yes,,0,,0,,0,,1,4:12
Arch-Frost/Tripify,https://github.com/Arch-Frost/Tripify,server/k6_Testing/load1.js,yes,,0,,0,,2,14:21; 29:25,1,4:12
Arch-Frost/Tripify,https://github.com/Arch-Frost/Tripify,server/k6_Testing/addUser.js,yes,,0,,0,,0,,1,4:12
Arch-Frost/Tripify,https://github.com/Arch-Frost/Tripify,server/k6_Testing/addComplaint.js,yes,,0,,0,,0,,1,4:12
Arch-Frost/Tripify,https://github.com/Arch-Frost/Tripify,server/k6_Testing/getAllAdmins.js,yes,,0,,0,,0,,0,
Arch-Frost/Tripify,https://github.com/Arch-Frost/Tripify,server/k6_Testing/getAllHotels.js,yes,,0,,0,,0,,0,
Arch-Frost/Tripify,https://github.com/Arch-Frost/Tripify,server/k6_Testing/getAllUsers1.js,yes,,0,,0,,0,,0,
Arch-Frost/Tripify,https://github.com/Arch-Frost/Tripify,server/k6_Testing/authenticate1.js,yes,,0,,0,,0,,1,4:12
Arch-Frost/Tripify,https://github.com/Arch-Frost/Tripify,server/k6_Testing/getAllbookings.js,yes,,0,,0,,0,,0,
Arch-Frost/Tripify,https://github.com/Arch-Frost/Tripify,server/k6_Testing/getAllUsers1000.js,yes,,0,,0,,0,,0,
Arch-Frost/Tripify,https://github.com/Arch-Frost/Tripify,server/k6_Testing/authenticate1000.js,yes,,0,,0,,0,,1,4:12
Arch-Frost/Tripify,https://github.com/Arch-Frost/Tripify,server/k6_Testing/getAllComplaints.js,yes,,0,,0,,0,,0,
Arch-Frost/Tripify,https://github.com/Arch-Frost/Tripify,server/k6_Testing/addComplaint1000.js,yes,,0,,0,,0,,1,4:12
Arch-Frost/Tripify,https://github.com/Arch-Frost/Tripify,server/k6_Testing/getAllAdmins1000.js,yes,,0,,0,,0,,0,
Arch-Frost/Tripify,https://github.com/Arch-Frost/Tripify,server/k6_Testing/getAllHotels1000.js,yes,,0,,0,,0,,0,
Arch-Frost/Tripify,https://github.com/Arch-Frost/Tripify,server/k6_Testing/getAllbookings1000.js,yes,,0,,0,,0,,0,
Arch-Frost/Tripify,https://github.com/Arch-Frost/Tripify,server/k6_Testing/getAllComplaints1000.js,yes,,0,,0,,0,,0,
YallaPapi/all-purpose,https://github.com/YallaPapi/all-purpose,services/testing/UEPResilienceTests.ts,yes,,0,,0,,0,,0,
thetkpark/cscms-services-deployment,https://github.com/thetkpark/cscms-services-deployment,k6/aka-cscms.js,yes,,0,,0,,0,,1,4:12
thetkpark/cscms-services-deployment,https://github.com/thetkpark/cscms-services-deployment,k6/tmp-storage.js,yes,,1,5:18,0,,2,14:26; 15:14,1,7:12
thetkpark/cscms-services-deployment,https://github.com/thetkpark/cscms-services-deployment,k6/timetable.js,yes,,0,,1,13:1,0,,1,4:12
PurpleFishh/muzici,https://github.com/PurpleFishh/muzici,backend-module/testing/auth_testing.js,yes,,0,,0,,2,65:20; 88:25,0,
PurpleFishh/muzici,https://github.com/PurpleFishh/muzici,backend-module/testing/statistics_testing.js,yes,,0,,0,,4,143:19; 148:15; 158:19; 168:19,0,
Boavizta/ecobenchmark-applicationweb-backend,https://github.com/Boavizta/ecobenchmark-applicationweb-backend,validator/scenario.js,yes,,0,,0,,22,59:5; 59:11; 62:5; 62:11; 65:5; 65:11; 70:3; 70:9; 79:17; 89:7; 89:13; 95:15; 110:17; 116:17; 122:17; 128:15; 143:17; 149:17; 155:17; 162:15; 189:3; 189:9,0,
Boavizta/ecobenchmark-applicationweb-backend,https://github.com/Boavizta/ecobenchmark-applicationweb-backend,runner/scenario.js,yes,,0,,0,,2,46:21; 55:20,0,
edusoftpro/js-k6,https://github.com/edusoftpro/js-k6,k6-apijs-examples/08data/x-shared-array.js,yes,,0,,0,,0,,0,
edusoftpro/js-k6,https://github.com/edusoftpro/js-k6,implementations/it07quality-gate.js,yes,,0,,1,26:1,0,,0,
edusoftpro/js-k6,https://github.com/edusoftpro/js-k6,qanda/04literals-json.js,yes,,0,,1,10:1,0,,1,5:14
edusoftpro/js-k6,https://github.com/edusoftpro/js-k6,k6-doc-examples/01hello-k6-world.js,yes,,0,,0,,0,,0,
edusoftpro/js-k6,https://github.com/edusoftpro/js-k6,k6-examples/script.js,yes,,0,,0,,0,,1,4:14
edusoftpro/js-k6,https://github.com/edusoftpro/js-k6,k6-examples/protocol.js,yes,,0,,0,,0,,0,
edusoftpro/js-k6,https://github.com/edusoftpro/js-k6,k6-apijs-examples/05random-seed/random-seed.js,yes,,0,,0,,0,,1,3:14
edusoftpro/js-k6,https://github.com/edusoftpro/js-k6,qanda/05firebase-crud.js,yes,,0,,0,,6,19:19; 28:17; 32:19; 40:19; 44:3; 44:9,0,
edusoftpro/js-k6,https://github.com/edusoftpro/js-k6,k6-examples/03checks/http-response-body.js,yes,,0,,0,,0,,0,
edusoftpro/js-k6,https://github.com/edusoftpro/js-k6,k6-apijs-examples/10metrics/gauges.js,yes,,0,,1,13:1,0,,0,
edusoftpro/js-k6,https://github.com/edusoftpro/js-k6,k6-examples/04thresholds/x-thresholds-group-duration.js,yes,,0,,0,,4,15:5; 16:5; 17:5; 21:5,0,
edusoftpro/js-k6,https://github.com/edusoftpro/js-k6,qanda/07custom-counter.js,yes,,0,,0,,0,,1,11:14
edusoftpro/js-k6,https://github.com/edusoftpro/js-k6,k6-examples/10cookies/vus-accessing-cookies.js,yes,,0,,0,,0,,0,
edusoftpro/js-k6,https://github.com/edusoftpro/js-k6,k6-examples/10cookies/x-cookies-with-attributes.js,yes,,0,,0,,2,5:15; 12:15,0,
edusoftpro/js-k6,https://github.com/edusoftpro/js-k6,examples/02script.js,yes,,0,,0,,0,,1,4:14
edusoftpro/js-k6,https://github.com/edusoftpro/js-k6,k6-doc-examples/04ramp-vus-in-stages.js,yes,,0,,0,,0,,1,4:14
edusoftpro/js-k6,https://github.com/edusoftpro/js-k6,implementations/it06threshold.js,yes,,0,,1,15:1,0,,0,
edusoftpro/js-k6,https://github.com/edusoftpro/js-k6,k6-apijs-examples/02check/output.js,yes,,0,,0,,0,,0,
edusoftpro/js-k6,https://github.com/edusoftpro/js-k6,k6-examples/11environment-variables/variables-in-options-for-environments.js,yes,,0,,0,,0,,1,7:12
edusoftpro/js-k6,https://github.com/edusoftpro/js-k6,examples/08cookies.js,yes,,0,,0,,4,5:3; 11:15; 25:15; 29:3,0,
edusoftpro/js-k6,https://github.com/edusoftpro/js-k6,qanda/12delete-cookie.js,yes,,0,,0,,5,5:15; 8:3; 18:16; 30:16; 46:16,0,
edusoftpro/js-k6,https://github.com/edusoftpro/js-k6,k6-examples/04thresholds/unified-thresholds.js,yes,,0,,1,11:1,0,,0,
edusoftpro/js-k6,https://github.com/edusoftpro/js-k6,implementations/it03batching.js,yes,,0,,1,9:1,0,,1,4:14
edusoftpro/js-k6,https://github.com/edusoftpro/js-k6,k6-examples/04thresholds/x-thresholds.js,yes,,0,,1,23:1,0,,0,
edusoftpro/js-k6,https://github.com/edusoftpro/js-k6,k6-examples/10cookies/vus-inspecting-cookies-in-the-jar.js,yes,,0,,0,,2,5:15; 8:15,0,
edusoftpro/js-k6,https://github.com/edusoftpro/js-k6,qanda/08batch-trends.js,yes,,0,,1,9:1,0,,0,
edusoftpro/js-k6,https://github.com/edusoftpro/js-k6,examples/04grouping.js,yes,,0,,0,,2,6:5; 10:5,0,
edusoftpro/js-k6,https://github.com/edusoftpro/js-k6,k6-apijs-examples/10metrics/errors-counter.js,yes,,0,,1,21:1,2,22:21; 31:22,0,
edusoftpro/js-k6,https://github.com/edusoftpro/js-k6,k6-examples/09groups/discouraged-group-per-request.js,yes,,0,,0,,2,9:5; 12:17,0,
edusoftpro/js-k6,https://github.com/edusoftpro/js-k6,implementations/it09tags.js,yes,,0,,1,9:1,2,1:1; 1:1,1,4:14
edusoftpro/js-k6,https://github.com/edusoftpro/js-k6,k6-apijs-examples/01init-context/vu-users.js,yes,,2,3:15; 3:26,0,,0,,0,
edusoftpro/js-k6,https://github.com/edusoftpro/js-k6,k6-examples/03checks/http-response-size-body.js,yes,,0,,0,,0,,0,
edusoftpro/js-k6,https://github.com/edusoftpro/js-k6,implementations/it10options.js,yes,,0,,1,15:1,0,,1,4:14
edusoftpro/js-k6,https://github.com/edusoftpro/js-k6,k6-apijs-examples/01init-context/random-user.js,yes,,0,,0,,0,,0,
edusoftpro/js-k6,https://github.com/edusoftpro/js-k6,k6-examples/10cookies/y-local-cookie-jars.js,yes,,0,,0,,0,,0,
edusoftpro/js-k6,https://github.com/edusoftpro/js-k6,examples/05checks.js,yes,,0,,0,,0,,0,
edusoftpro/js-k6,https://github.com/edusoftpro/js-k6,k6-examples/08tags/check-tag.js,yes,,0,,0,,0,,0,
edusoftpro/js-k6,https://github.com/edusoftpro/js-k6,k6-examples/10cookies/vu-local-cookie-jars.js,yes,,0,,0,,3,5:15; 15:15; 19:3,0,
edusoftpro/js-k6,https://github.com/edusoftpro/js-k6,examples/03batching.js,yes,,0,,1,4:1,0,,0,
edusoftpro/js-k6,https://github.com/edusoftpro/js-k6,qanda/02json-stringify.js,yes,,0,,1,3:1,0,,0,
edusoftpro/js-k6,https://github.com/edusoftpro/js-k6,implementations/it05checks.js,yes,,0,,0,,0,,0,
edusoftpro/js-k6,https://github.com/edusoftpro/js-k6,k6-apijs-examples/04group/grouping.js,yes,,0,,0,,0,,0,
edusoftpro/js-k6,https://github.com/edusoftpro/js-k6,qanda/01string-literals.js,yes,,0,,1,3:1,0,,0,
edusoftpro/js-k6,https://github.com/edusoftpro/js-k6,k6-apijs-examples/02check/http-response-code.js,yes,,0,,0,,0,,0,
edusoftpro/js-k6,https://github.com/edusoftpro/js-k6,examples/01hello.js,yes,,0,,0,,0,,0,
edusoftpro/js-k6,https://github.com/edusoftpro/js-k6,k6-apijs-examples/10metrics/x-trend.js,yes,,0,,1,15:1,0,,0,
edusoftpro/js-k6,https://github.com/edusoftpro/js-k6,k6-apijs-examples/03fail/check-fails.js,yes,,0,,0,,0,,0,
edusoftpro/js-k6,https://github.com/edusoftpro/js-k6,k6-examples/03checks/http-code-response.js,yes,,0,,0,,0,,0,
edusoftpro/js-k6,https://github.com/edusoftpro/js-k6,k6-examples/03checks/multiple-checks.js,yes,,0,,0,,0,,0,
edusoftpro/js-k6,https://github.com/edusoftpro/js-k6,k6-apijs-examples/06sleep/random-sleepbetween.js,yes,,0,,1,5:1,2,6:3; 10:3,0,
edusoftpro/js-k6,https://github.com/edusoftpro/js-k6,k6-apijs-examples/01init-context/bin-file.js,yes,,1,4:17,1,6:1,2,9:11; 11:3,0,
edusoftpro/js-k6,https://github.com/edusoftpro/js-k6,implementations/it04grouping.js,yes,,0,,0,,3,11:5; 16:5; 21:5,1,4:14
edusoftpro/js-k6,https://github.com/edusoftpro/js-k6,k6-examples/11environment-variables/passing-env.js,yes,,0,,1,4:1,0,,0,
edusoftpro/js-k6,https://github.com/edusoftpro/js-k6,k6-apijs-examples/06sleep/random-sleep.js,yes,,0,,1,4:1,2,5:3; 9:3,0,
edusoftpro/js-k6,https://github.com/edusoftpro/js-k6,k6-apijs-examples/10metrics/response-rate-errors.js,yes,,0,,1,18:1,0,,0,
edusoftpro/js-k6,https://github.com/edusoftpro/js-k6,qanda/performance-test-report.js,yes,,0,,0,,0,,0,
edusoftpro/js-k6,https://github.com/edusoftpro/js-k6,k6-examples/08tags/test-wide-tags.js,yes,,0,,1,15:1,4,19:5; 21:7; 23:5; 28:3,0,
edusoftpro/js-k6,https://github.com/edusoftpro/js-k6,k6-doc-examples/03set-options-k6-test.js,yes,,0,,1,11:1,0,,1,6:14
edusoftpro/js-k6,https://github.com/edusoftpro/js-k6,k6-examples/04thresholds/y-fail-load-test-using-checks.js,yes,,0,,0,,0,,0,
edusoftpro/js-k6,https://github.com/edusoftpro/js-k6,k6-doc-examples/02my-first-k6-test.js,yes,,0,,1,14:1,0,,1,9:14
edusoftpro/js-k6,https://github.com/edusoftpro/js-k6,k6-examples/04thresholds/z-fail-load-test-using-checks-and-tags.js,yes,,0,,0,,4,15:9; 16:3; 20:9; 21:3,0,
edusoftpro/js-k6,https://github.com/edusoftpro/js-k6,k6-examples/06test-lifecycle/web-test.js,yes,,0,,1,16:17,0,,1,4:14
edusoftpro/js-k6,https://github.com/edusoftpro/js-k6,k6-examples/test.js,yes,,0,,0,,0,,1,4:14
leo-badell/K6-course,https://github.com/leo-badell/K6-course,creatingTest/expected-response-initial-code.js,yes,,0,,0,,4,16:19; 20:13; 21:13; 27:9,0,
leo-badell/K6-course,https://github.com/leo-badell/K6-course,Using_Parameters/random-sleep.js,yes,,0,,1,10:1,0,,1,5:14
teri0411/Real-time-data-with-serverless,https://github.com/teri0411/Real-time-data-with-serverless,lambda/Websocket/datainsert.js,yes,,0,,0,,0,,1,13:14
Napat/k6_loadtest,https://github.com/Napat/k6_loadtest,01_basic_k6/01_get.js,yes,,0,,1,4:1,0,,0,
Napat/k6_loadtest,https://github.com/Napat/k6_loadtest,13_k6_cloud/script.js,yes,,0,,1,19:1,0,,0,
Napat/k6_loadtest,https://github.com/Napat/k6_loadtest,06_scenarios/01_senario.js,yes,,0,,3,60:17; 74:17; 80:17,0,,0,
Napat/k6_loadtest,https://github.com/Napat/k6_loadtest,04_check_thresholds/02_thresholds.js,yes,,0,,1,21:1,0,,0,
Napat/k6_loadtest,https://github.com/Napat/k6_loadtest,03_custom_metrics/02_example_usage.js,yes,,0,,1,13:1,0,,0,
Napat/k6_loadtest,https://github.com/Napat/k6_loadtest,05_stages/01_stages.js,yes,,0,,1,17:1,0,,1,4:12
Napat/k6_loadtest,https://github.com/Napat/k6_loadtest,07_testtype/03_stresstest.js,yes,,0,,1,24:1,0,,1,10:14
Napat/k6_loadtest,https://github.com/Napat/k6_loadtest,07_testtype/01_smoketest.js,yes,,0,,1,18:1,0,,0,
Napat/k6_loadtest,https://github.com/Napat/k6_loadtest,07_testtype/05_soketest.js,yes,,0,,1,18:1,0,,1,10:14
Napat/k6_loadtest,https://github.com/Napat/k6_loadtest,07_testtype/02_loadtest.js,yes,,0,,1,22:1,0,,0,
Napat/k6_loadtest,https://github.com/Napat/k6_loadtest,02_define_param_in_code/01_ options _vus10_iter100.js,yes,,0,,1,11:1,0,,1,5:12
Napat/k6_loadtest,https://github.com/Napat/k6_loadtest,07_testtype/04_spiketest.js,yes,,0,,1,24:1,0,,1,10:14
keith-liu-seagull-com/codeceptJS-KeithTest,https://github.com/keith-liu-seagull-com/codeceptJS-KeithTest,K6_examples/btctest.js,yes,,0,,0,,0,,1,8:12
weigen393/DataCat,https://github.com/weigen393/DataCat,k6.js,yes,,0,,0,,0,,1,6:14
dongnguyenduybang/k6-report,https://github.com/dongnguyenduybang/k6-report,revoke-dm-message-reaction/revoke-dm-message-reaction.k6.js,yes,,4,9:22; 10:17; 12:23; 13:18,0,,0,,1,39:14
usmansaleem/signers_docker_compose,https://github.com/usmansaleem/signers_docker_compose,web3signer-loadtest/sign-loadtest.js,yes,,0,,0,,0,,1,4:12
narender-kumar-asurion/search-poc,https://github.com/narender-kumar-asurion/search-poc,scripts/bench/k6-search-smoke.js,yes,,0,,0,,2,59:16; 61:16,0,
narender-kumar-asurion/search-poc,https://github.com/narender-kumar-asurion/search-poc,scripts/bench/k6-search-load.js,yes,,0,,0,,4,83:16; 85:16; 237:3; 245:3,0,
narender-kumar-asurion/search-poc,https://github.com/narender-kumar-asurion/search-poc,scripts/benchmarks/load-test.js,yes,,0,,0,,2,180:22; 198:22,0,
carlaferrarez/poc-istio-envoyfilter,https://github.com/carlaferrarez/poc-istio-envoyfilter,testes/get-rest.js,yes,,0,,0,,0,,1,5:14
dota2classic/public-api-gateway,https://github.com/dota2classic/public-api-gateway,benchmarks.js,yes,,0,,1,8:1,0,,1,4:14
HappyPathsOnly/k6-more-examples,https://github.com/HappyPathsOnly/k6-more-examples,checks/check-ensure_failure.js,yes,,0,,0,,0,,0,
HappyPathsOnly/k6-more-examples,https://github.com/HappyPathsOnly/k6-more-examples,thresholds/threshold-abortOnFail.js,yes,,0,,1,9:1,0,,0,
go-automate/k6-typescript-framework,https://github.com/go-automate/k6-typescript-framework,src/actions/user-management.actions.ts,yes,,0,,0,,0,,0,
go-automate/k6-typescript-framework,https://github.com/go-automate/k6-typescript-framework,src/tests/soak.test.ts,yes,,0,,0,,0,,0,
go-automate/k6-typescript-framework,https://github.com/go-automate/k6-typescript-framework,src/tests/create-crocs.seed.ts,yes,,0,,0,,0,,0,
descampsk/nestjs-playground,https://github.com/descampsk/nestjs-playground,k6/script.js,yes,,0,,0,,0,,1,4:14
dikyayodihamzah/Load-Test,https://github.com/dikyayodihamzah/Load-Test,example_nearon/example.js,yes,,0,,1,56:1,0,,1,4:14
dikyayodihamzah/Load-Test,https://github.com/dikyayodihamzah/Load-Test,example_nearon/exampleLoginNegative.js,yes,,0,,0,,4,42:33; 79:33; 116:36; 150:33,0,
dikyayodihamzah/Load-Test,https://github.com/dikyayodihamzah/Load-Test,example_nearon/exampleOption.js,yes,,0,,1,17:1,0,,1,6:14
dikyayodihamzah/Load-Test,https://github.com/dikyayodihamzah/Load-Test,example_nearon/exampleLogin.js,yes,,0,,0,,2,42:25; 83:27,0,
dikyayodihamzah/Load-Test,https://github.com/dikyayodihamzah/Load-Test,example_nearon/exampleLoginComplete.js,yes,,0,,0,,5,54:25; 98:31; 141:33; 174:33; 207:36,0,
dikyayodihamzah/Load-Test,https://github.com/dikyayodihamzah/Load-Test,btr-approval/btr-approval-load-test.js,yes,,2,6:19; 7:16,0,,5,104:20; 107:20; 110:20; 113:20; 129:21,0,
dikyayodihamzah/Load-Test,https://github.com/dikyayodihamzah/Load-Test,btr-list/btr-list-load-test.js,yes,,0,,0,,0,,0,
mpowrd/SoftwareMaintenanceAndTesting,https://github.com/mpowrd/SoftwareMaintenanceAndTesting,Practica8/P7/realizarPrediccionEndToEnd.js,yes,,0,,0,,0,,0,
mpowrd/SoftwareMaintenanceAndTesting,https://github.com/mpowrd/SoftwareMaintenanceAndTesting,Practica8/P7/loginEndToEnd.js,yes,,0,,0,,0,,0,
mpowrd/SoftwareMaintenanceAndTesting,https://github.com/mpowrd/SoftwareMaintenanceAndTesting,Practica8/P7/crearPacienteEndToEnd.js,yes,,0,,0,,2,73:13; 77:19,0,
mpowrd/SoftwareMaintenanceAndTesting,https://github.com/mpowrd/SoftwareMaintenanceAndTesting,Practica6-7/Practica7_K6/Spike_test.js,yes,,0,,1,17:1,0,,0,
mpowrd/SoftwareMaintenanceAndTesting,https://github.com/mpowrd/SoftwareMaintenanceAndTesting,Practica6-7/Practica7_K6/Breakpoint_test.js,yes,,0,,1,37:1,0,,0,
mpowrd/SoftwareMaintenanceAndTesting,https://github.com/mpowrd/SoftwareMaintenanceAndTesting,Practica6-7/Practica7_K6/Smoke_test.js,yes,,0,,1,16:1,0,,1,4:14
mpowrd/SoftwareMaintenanceAndTesting,https://github.com/mpowrd/SoftwareMaintenanceAndTesting,Practica6-7/Practica7_K6/Stress_test.js,yes,,0,,1,22:1,0,,0,
mpowrd/SoftwareMaintenanceAndTesting,https://github.com/mpowrd/SoftwareMaintenanceAndTesting,Practica6-7/Practica7_K6/Average_load_test.js,yes,,0,,1,22:1,0,,0,
FlexNetOS/noa-server,https://github.com/FlexNetOS/noa-server,packages/llama.cpp/tools/server/bench/script.js,yes,,0,,0,,0,,0,
UrumiAI/wc-perf-testing,https://github.com/UrumiAI/wc-perf-testing,requests/shopper/cart-remove-item.js,yes,,0,,0,,0,,0,
UrumiAI/wc-perf-testing,https://github.com/UrumiAI/wc-perf-testing,requests/api/orders.js,yes,,0,,0,,12,77:14; 85:3; 103:4; 117:4; 127:15; 135:4; 145:15; 153:4; 169:14; 177:3; 204:14; 214:3,0,
UrumiAI/wc-perf-testing,https://github.com/UrumiAI/wc-perf-testing,requests/shopper/my-account-orders.js,yes,,0,,0,,0,,0,
UrumiAI/wc-perf-testing,https://github.com/UrumiAI/wc-perf-testing,requests/merchant/orders-search.js,yes,,0,,0,,3,63:3; 78:3; 93:3,0,
UrumiAI/wc-perf-testing,https://github.com/UrumiAI/wc-perf-testing,requests/shopper/cart.js,yes,,0,,0,,0,,0,
UrumiAI/wc-perf-testing,https://github.com/UrumiAI/wc-perf-testing,requests/shopper/search-product.js,yes,,0,,0,,0,,0,
UrumiAI/wc-perf-testing,https://github.com/UrumiAI/wc-perf-testing,requests/shopper/cart-apply-coupon.js,yes,,0,,0,,3,48:20; 111:20; 129:24,0,
UrumiAI/wc-perf-testing,https://github.com/UrumiAI/wc-perf-testing,requests/shopper/checkout-customer-login.js,yes,,0,,0,,4,99:26; 139:20; 178:26; 218:20,0,
UrumiAI/wc-perf-testing,https://github.com/UrumiAI/wc-perf-testing,requests/merchant/add-order.js,yes,,0,,0,,7,5:1; 5:1; 240:21; 447:21; 690:21; 848:20; 1035:20,0,
UrumiAI/wc-perf-testing,https://github.com/UrumiAI/wc-perf-testing,requests/merchant/my-account-merchant.js,yes,,0,,0,,4,46:3; 71:14; 85:3; 108:3,0,
UrumiAI/wc-perf-testing,https://github.com/UrumiAI/wc-perf-testing,requests/merchant/wp-login.js,yes,,0,,0,,3,44:3; 69:14; 83:3,0,
UrumiAI/wc-perf-testing,https://github.com/UrumiAI/wc-perf-testing,requests/shopper/category-page.js,yes,,0,,0,,0,,0,
UrumiAI/wc-perf-testing,https://github.com/UrumiAI/wc-perf-testing,requests/merchant/add-product.js,yes,,0,,0,,10,75:3; 159:4; 171:4; 184:4; 202:15; 227:4; 243:15; 256:4; 368:15; 376:4,0,
UrumiAI/wc-perf-testing,https://github.com/UrumiAI/wc-perf-testing,requests/merchant/coupons.js,yes,,0,,0,,5,51:3; 95:3; 108:3; 123:14; 131:3,0,
UrumiAI/wc-perf-testing,https://github.com/UrumiAI/wc-perf-testing,requests/merchant/products.js,yes,,0,,0,,6,51:3; 94:3; 106:3; 119:3; 134:14; 142:3,0,
UrumiAI/wc-perf-testing,https://github.com/UrumiAI/wc-perf-testing,requests/merchant/orders.js,yes,,0,,0,,7,73:3; 117:4; 129:4; 142:4; 159:15; 167:4; 192:4,0,
UrumiAI/wc-perf-testing,https://github.com/UrumiAI/wc-perf-testing,requests/shopper/my-account.js,yes,,0,,0,,3,74:14; 88:3; 109:3,0,
UrumiAI/wc-perf-testing,https://github.com/UrumiAI/wc-perf-testing,requests/shopper/checkout-guest.js,yes,,0,,0,,2,88:26; 128:20,0,
UrumiAI/wc-perf-testing,https://github.com/UrumiAI/wc-perf-testing,requests/shopper/home.js,yes,,0,,0,,0,,0,
UrumiAI/wc-perf-testing,https://github.com/UrumiAI/wc-perf-testing,requests/merchant/home-wc-admin.js,yes,,0,,0,,7,53:3; 92:4; 104:4; 117:4; 142:4; 167:4; 194:4,0,
UrumiAI/wc-perf-testing,https://github.com/UrumiAI/wc-perf-testing,requests/merchant/orders-heartbeat.js,yes,,0,,0,,4,67:4; 82:10; 100:14; 109:3,0,
UrumiAI/wc-perf-testing,https://github.com/UrumiAI/wc-perf-testing,requests/merchant/orders-filter.js,yes,,0,,0,,2,65:3; 79:3,0,
UrumiAI/wc-perf-testing,https://github.com/UrumiAI/wc-perf-testing,requests/shopper/single-product.js,yes,,0,,0,,0,,0,
UrumiAI/wc-perf-testing,https://github.com/UrumiAI/wc-perf-testing,utils.js,yes,,0,,0,,2,26:2; 46:19,0,
UrumiAI/wc-perf-testing,https://github.com/UrumiAI/wc-perf-testing,requests/shopper/shop-page.js,yes,,0,,0,,0,,0,
UrumiAI/wc-perf-testing,https://github.com/UrumiAI/wc-perf-testing,setup/cart-checkout-shortcode.js,yes,,0,,0,,2,97:25; 98:29,0,
Icf22/k6,https://github.com/Icf22/k6,V2/scenarios 2.js,yes,,0,,0,,0,,0,
Icf22/k6,https://github.com/Icf22/k6,introduction.js,yes,,0,,1,31:1,0,,0,
Icf22/k6,https://github.com/Icf22/k6,ARCHIVOS/sleep.js,yes,,0,,0,,0,,0,
Icf22/k6,https://github.com/Icf22/k6,V2/scenarios.js,yes,,0,,0,,2,5:17; 6:5,0,
Icf22/k6,https://github.com/Icf22/k6,ARCHIVOS/stages.js,yes,,0,,0,,0,,1,5:15
Icf22/k6,https://github.com/Icf22/k6,Eglobal/ATM-PDF.js,yes,,0,,1,13:1,0,,1,5:14
Icf22/k6,https://github.com/Icf22/k6,Eglobal/Log-AutPOS.js,yes,,0,,1,4:1,0,,0,
Icf22/k6,https://github.com/Icf22/k6,Eglobal/smokeTestEglobal.js,yes,,0,,1,10:1,0,,1,4:14
Icf22/k6,https://github.com/Icf22/k6,ARCHIVOS/Prueba1.js,yes,,0,,1,9:1,0,,1,4:12
Icf22/k6,https://github.com/Icf22/k6,V2/thresholds.js,yes,,0,,0,,0,,0,
Icf22/k6,https://github.com/Icf22/k6,Cloud/first-script-grafana.js,yes,,0,,1,14:1,0,,1,4:14
Icf22/k6,https://github.com/Icf22/k6,ARCHIVOS/stagesAndThresholds.js,yes,,0,,0,,0,,0,
Icf22/k6,https://github.com/Icf22/k6,V2/http-post.js,yes,,0,,1,4:1,0,,0,
Icf22/k6,https://github.com/Icf22/k6,APIs/http-get-correlatingrequest.js,yes,,0,,0,,2,5:15; 10:11,0,
Icf22/k6,https://github.com/Icf22/k6,V2/metrics.js,yes,,0,,0,,0,,0,
Icf22/k6,https://github.com/Icf22/k6,Eglobal/LogNPB-ATM.js,yes,,0,,1,16:1,2,17:15; 35:11,0,
Icf22/k6,https://github.com/Icf22/k6,APIs/http-get.js,yes,,0,,0,,2,5:15; 7:11,0,
Icf22/k6,https://github.com/Icf22/k6,ARCHIVOS/test.js,yes,,0,,0,,0,,0,
Icf22/k6,https://github.com/Icf22/k6,Cloud/k6-test-api-tags.js,yes,,0,,0,,6,39:15; 59:11; 105:11; 147:11; 174:11; 199:11,0,
Icf22/k6,https://github.com/Icf22/k6,Cloud/k6-test-api.js,yes,,0,,0,,8,39:15; 56:11; 80:11; 96:11; 116:11; 132:11; 156:11; 178:11,0,
Icf22/k6,https://github.com/Icf22/k6,V2/soak-test.js,yes,,0,,1,21:1,3,22:5; 24:5; 26:5,1,4:14
Icf22/k6,https://github.com/Icf22/k6,V2/load-test.js,yes,,0,,1,21:1,3,22:5; 24:5; 26:5,1,4:14
Icf22/k6,https://github.com/Icf22/k6,V2/spike-test.js,yes,,0,,1,17:1,0,,1,4:14
Icf22/k6,https://github.com/Icf22/k6,Eglobal/smoke-test.js,yes,,0,,1,9:1,3,10:5; 12:5; 14:5,1,4:14
Icf22/k6,https://github.com/Icf22/k6,V2/breakpoint-test.js,yes,,0,,1,13:1,0,,1,4:14
agussyahrilmubarok/course-assignments,https://github.com/agussyahrilmubarok/course-assignments,fc-msa-gocoupon/k6/v3/07-testCancelCoupon_shouldSuccess.js,yes,,0,,0,,0,,1,4:12
agussyahrilmubarok/course-assignments,https://github.com/agussyahrilmubarok/course-assignments,fc-msa-gocoupon/k6/__tmp__/v3/07-testCancelCoupon_shouldSuccess.js,yes,,0,,0,,0,,1,4:12
agussyahrilmubarok/course-assignments,https://github.com/agussyahrilmubarok/course-assignments,fc-msa-gocoupon/k6/v1/101-testIssueCoupon_whenHave10QoutaAnd100Request.js,yes,,0,,1,17:1,0,,0,
agussyahrilmubarok/course-assignments,https://github.com/agussyahrilmubarok/course-assignments,fc-msa-gocoupon/k6/v4/01-testCouponPolicyDummy_shouldSuccess.js,yes,,0,,0,,0,,1,4:12
agussyahrilmubarok/course-assignments,https://github.com/agussyahrilmubarok/course-assignments,fc-msa-gocoupon/k6/v1/06-testUseCoupon_shouldSuccess.js,yes,,0,,0,,0,,1,4:12
agussyahrilmubarok/course-assignments,https://github.com/agussyahrilmubarok/course-assignments,fc-msa-gocoupon/k6/v4/101-testIssueCoupon_whenHave10QoutaAnd100Request.js,yes,,0,,1,17:1,0,,0,
agussyahrilmubarok/course-assignments,https://github.com/agussyahrilmubarok/course-assignments,fc-msa-gocoupon/k6/__tmp__/v3/105-testIssueCoupon_shouldSucces_concurrencyTest-100.js,yes,,0,,1,27:1,0,,0,
agussyahrilmubarok/course-assignments,https://github.com/agussyahrilmubarok/course-assignments,fc-msa-gocoupon/k6/v4/102-testIssueCoupon_whenHave100QoutaAnd1000Request.js,yes,,0,,1,17:1,0,,0,
agussyahrilmubarok/course-assignments,https://github.com/agussyahrilmubarok/course-assignments,fc-msa-gocoupon/k6/__tmp__/v2/104-testIssueCoupon_shouldSucces_soakTesting.js,yes,,0,,0,,0,,0,
agussyahrilmubarok/course-assignments,https://github.com/agussyahrilmubarok/course-assignments,fc-msa-gocoupon/k6/__tmp__/v1/105-testIssueCoupon_shouldSucces_concurrencyTest-100.js,yes,,0,,1,29:1,0,,0,
agussyahrilmubarok/course-assignments,https://github.com/agussyahrilmubarok/course-assignments,fc-msa-gocoupon/k6/v3/102-testIssueCoupon_whenHave100QoutaAnd1000Request.js,yes,,0,,1,17:1,0,,0,
agussyahrilmubarok/course-assignments,https://github.com/agussyahrilmubarok/course-assignments,fc-msa-gocoupon/k6/__tmp__/v3/101-testIssueCoupon_shouldSucces_loadTesting.js,yes,,0,,0,,0,,0,
agussyahrilmubarok/course-assignments,https://github.com/agussyahrilmubarok/course-assignments,fc-msa-gocoupon/k6/__tmp__/v3/102-testIssueCoupon_shouldSucces_stressTest.js,yes,,0,,0,,0,,0,
agussyahrilmubarok/course-assignments,https://github.com/agussyahrilmubarok/course-assignments,fc-msa-gocoupon/k6/__tmp__/v1/104-testIssueCoupon_shouldSucces_soakTesting.js,yes,,0,,0,,0,,0,
agussyahrilmubarok/course-assignments,https://github.com/agussyahrilmubarok/course-assignments,fc-msa-gocoupon/k6/v1/102-testIssueCoupon_whenHave100QoutaAnd1000Request.js,yes,,0,,1,17:1,0,,0,
agussyahrilmubarok/course-assignments,https://github.com/agussyahrilmubarok/course-assignments,fc-msa-gocoupon/k6/v2/08-testFindCouponByCode_shouldSuccess.js,yes,,0,,0,,0,,1,4:12
agussyahrilmubarok/course-assignments,https://github.com/agussyahrilmubarok/course-assignments,fc-msa-gocoupon/k6/__tmp__/v1/101-testIssueCoupon_shouldSucces_loadTesting.js,yes,,0,,0,,0,,0,
agussyahrilmubarok/course-assignments,https://github.com/agussyahrilmubarok/course-assignments,fc-msa-gocoupon/k6/__tmp__/v2/102-testIssueCoupon_shouldSucces_stressTest.js,yes,,0,,0,,0,,0,
agussyahrilmubarok/course-assignments,https://github.com/agussyahrilmubarok/course-assignments,fc-msa-gocoupon/k6/v3/05-testIssueCoupon_shouldSucces.js,yes,,0,,0,,0,,1,4:12
agussyahrilmubarok/course-assignments,https://github.com/agussyahrilmubarok/course-assignments,fc-msa-gocoupon/k6/v2/03-testIssueCoupon_invalidPeriod.js,yes,,0,,0,,0,,1,4:12
agussyahrilmubarok/course-assignments,https://github.com/agussyahrilmubarok/course-assignments,fc-msa-gocoupon/k6/v4/04-testIssueCoupon_qoutaExceeded.js,yes,,0,,0,,0,,1,4:12
agussyahrilmubarok/course-assignments,https://github.com/agussyahrilmubarok/course-assignments,fc-msa-gocoupon/k6/v2/07-testCancelCoupon_shouldSuccess.js,yes,,0,,0,,0,,1,4:12
agussyahrilmubarok/course-assignments,https://github.com/agussyahrilmubarok/course-assignments,fc-msa-gocoupon/k6/__tmp__/v2/106-testIssueCoupon_shouldSucces_concurrencyTest-1k.js,yes,,0,,1,27:1,0,,0,
agussyahrilmubarok/course-assignments,https://github.com/agussyahrilmubarok/course-assignments,fc-msa-gocoupon/k6/v4/09-testFindCouponByUser_shouldSuccess.js,yes,,0,,0,,0,,1,4:12
agussyahrilmubarok/course-assignments,https://github.com/agussyahrilmubarok/course-assignments,fc-msa-gocoupon/k6/__tmp__/v3/104-testIssueCoupon_shouldSucces_soakTesting.js,yes,,0,,0,,0,,0,
agussyahrilmubarok/course-assignments,https://github.com/agussyahrilmubarok/course-assignments,fc-msa-gocoupon/k6/v2/102-testIssueCoupon_whenHave100QoutaAnd1000Request.js,yes,,0,,1,17:1,0,,0,
agussyahrilmubarok/course-assignments,https://github.com/agussyahrilmubarok/course-assignments,fc-msa-gocoupon/k6/v4/03-testIssueCoupon_invalidPeriod.js,yes,,0,,0,,0,,1,4:12
agussyahrilmubarok/course-assignments,https://github.com/agussyahrilmubarok/course-assignments,fc-msa-gocoupon/k6/v2/04-testIssueCoupon_qoutaExceeded.js,yes,,0,,0,,0,,1,4:12
agussyahrilmubarok/course-assignments,https://github.com/agussyahrilmubarok/course-assignments,fc-msa-gocoupon/k6/v3/04-testIssueCoupon_qoutaExceeded.js,yes,,0,,0,,0,,1,4:12
agussyahrilmubarok/course-assignments,https://github.com/agussyahrilmubarok/course-assignments,fc-msa-gocoupon/k6/v4/07-testCancelCoupon_shouldSuccess.js,yes,,0,,0,,0,,1,4:12
agussyahrilmubarok/course-assignments,https://github.com/agussyahrilmubarok/course-assignments,fc-msa-gocoupon/k6/__tmp__/v3/106-testIssueCoupon_shouldSucces_concurrencyTest-1k.js,yes,,0,,1,27:1,0,,0,
agussyahrilmubarok/course-assignments,https://github.com/agussyahrilmubarok/course-assignments,fc-msa-gocoupon/k6/__tmp__/v1/106-testIssueCoupon_shouldSucces_concurrencyTest-1k.js,yes,,0,,1,33:1,0,,0,
agussyahrilmubarok/course-assignments,https://github.com/agussyahrilmubarok/course-assignments,fc-msa-gocoupon/k6/v4/08-testFindCouponByCode_shouldSuccess.js,yes,,0,,0,,0,,1,4:12
agussyahrilmubarok/course-assignments,https://github.com/agussyahrilmubarok/course-assignments,fc-msa-gocoupon/k6/__tmp__/v2/103-testIssueCoupon_shouldSucces_spikeTest.js,yes,,0,,0,,0,,0,
agussyahrilmubarok/course-assignments,https://github.com/agussyahrilmubarok/course-assignments,fc-msa-gocoupon/k6/__tmp__/v3/103-testIssueCoupon_shouldSucces_spikeTest.js,yes,,0,,0,,0,,0,
agussyahrilmubarok/course-assignments,https://github.com/agussyahrilmubarok/course-assignments,fc-msa-gocoupon/k6/__tmp__/v1/103-testIssueCoupon_shouldSucces_spikeTest.js,yes,,0,,0,,0,,0,
agussyahrilmubarok/course-assignments,https://github.com/agussyahrilmubarok/course-assignments,fc-msa-gocoupon/k6/__tmp__/v1/102-testIssueCoupon_shouldSucces_stressTest.js,yes,,0,,0,,0,,0,
agussyahrilmubarok/course-assignments,https://github.com/agussyahrilmubarok/course-assignments,fc-msa-gocoupon/k6/v3/02-testGetCouponPolicies_shouldSuccess.js,yes,,0,,0,,0,,1,4:12
agussyahrilmubarok/course-assignments,https://github.com/agussyahrilmubarok/course-assignments,fc-msa-gocoupon/k6/v2/02-testGetCouponPolicies_shouldSuccess.js,yes,,0,,0,,0,,1,4:12
agussyahrilmubarok/course-assignments,https://github.com/agussyahrilmubarok/course-assignments,fc-msa-gocoupon/k6/v1/01-testCouponPolicyDummy_shouldSuccess.js,yes,,0,,0,,0,,1,4:12
agussyahrilmubarok/course-assignments,https://github.com/agussyahrilmubarok/course-assignments,fc-msa-gocoupon/k6/v3/03-testIssueCoupon_invalidPeriod.js,yes,,0,,0,,0,,1,4:12
agussyahrilmubarok/course-assignments,https://github.com/agussyahrilmubarok/course-assignments,fc-msa-gocoupon/k6/__tmp__/v1/08-testFindCouponByCode_shouldSuccess.js,yes,,0,,0,,0,,1,4:12
agussyahrilmubarok/course-assignments,https://github.com/agussyahrilmubarok/course-assignments,fc-msa-gocoupon/k6/__tmp__/v2/105-testIssueCoupon_shouldSucces_concurrencyTest-100.js,yes,,0,,1,27:1,0,,0,
agussyahrilmubarok/course-assignments,https://github.com/agussyahrilmubarok/course-assignments,fc-msa-gocoupon/k6/v3/010-testFindCouponByCouponPolicyCode_shouldSuccess.js,yes,,0,,0,,0,,1,4:12
agussyahrilmubarok/course-assignments,https://github.com/agussyahrilmubarok/course-assignments,fc-msa-gocoupon/k6/v2/010-testFindCouponByCouponPolicyCode_shouldSuccess.js,yes,,0,,0,,0,,1,4:12
agussyahrilmubarok/course-assignments,https://github.com/agussyahrilmubarok/course-assignments,fc-msa-gocoupon/k6/v4/010-testFindCouponByCouponPolicyCode_shouldSuccess.js,yes,,0,,0,,0,,1,4:12
agussyahrilmubarok/course-assignments,https://github.com/agussyahrilmubarok/course-assignments,fc-msa-gocoupon/k6/__tmp__/v2/01-testCouponPolicyDummy_shouldSuccess.js,yes,,0,,0,,0,,1,4:12
agussyahrilmubarok/course-assignments,https://github.com/agussyahrilmubarok/course-assignments,fc-msa-gocoupon/k6/__tmp__/v3/01-testCouponPolicyDummy_shouldSuccess.js,yes,,0,,0,,0,,1,4:12
agussyahrilmubarok/course-assignments,https://github.com/agussyahrilmubarok/course-assignments,fc-msa-gocoupon/k6/__tmp__/v1/01-testCouponPolicyDummy_shouldSuccess.js,yes,,0,,0,,0,,1,4:12
agussyahrilmubarok/course-assignments,https://github.com/agussyahrilmubarok/course-assignments,fc-msa-gocoupon/k6/v2/05-testIssueCoupon_shouldSucces.js,yes,,0,,0,,0,,1,4:12
agussyahrilmubarok/course-assignments,https://github.com/agussyahrilmubarok/course-assignments,fc-msa-gocoupon/k6/v4/05-testIssueCoupon_shouldSucces.js,yes,,0,,0,,0,,1,4:12
agussyahrilmubarok/course-assignments,https://github.com/agussyahrilmubarok/course-assignments,fc-msa-gocoupon/k6/v2/06-testUseCoupon_shouldSuccess.js,yes,,0,,0,,0,,1,4:12
agussyahrilmubarok/course-assignments,https://github.com/agussyahrilmubarok/course-assignments,fc-msa-gocoupon/k6/v4/06-testUseCoupon_shouldSuccess.js,yes,,0,,0,,0,,1,4:12
agussyahrilmubarok/course-assignments,https://github.com/agussyahrilmubarok/course-assignments,fc-msa-gocoupon/k6/v3/06-testUseCoupon_shouldSuccess.js,yes,,0,,0,,0,,1,4:12
agussyahrilmubarok/course-assignments,https://github.com/agussyahrilmubarok/course-assignments,fc-msa-gocoupon/k6/v3/101-testIssueCoupon_whenHave10QoutaAnd100Request.js,yes,,0,,1,17:1,0,,0,
agussyahrilmubarok/course-assignments,https://github.com/agussyahrilmubarok/course-assignments,fc-msa-gocoupon/k6/v2/101-testIssueCoupon_whenHave10QoutaAnd100Request.js,yes,,0,,1,17:1,0,,0,
agussyahrilmubarok/course-assignments,https://github.com/agussyahrilmubarok/course-assignments,fc-msa-gocoupon/k6/__tmp__/v1/010-testFindCouponByCouponPolicyCode_shouldSuccess.js,yes,,0,,0,,0,,1,4:12
agussyahrilmubarok/course-assignments,https://github.com/agussyahrilmubarok/course-assignments,fc-msa-gocoupon/k6/__tmp__/v2/101-testIssueCoupon_shouldSucces_loadTesting.js,yes,,0,,0,,0,,0,
agussyahrilmubarok/course-assignments,https://github.com/agussyahrilmubarok/course-assignments,fc-msa-gocoupon/k6/v3/08-testFindCouponByCode_shouldSuccess.js,yes,,0,,0,,0,,1,4:12
agussyahrilmubarok/course-assignments,https://github.com/agussyahrilmubarok/course-assignments,fc-msa-gocoupon/k6/v1/02-testGetCouponPolicies_shouldSuccess.js,yes,,0,,0,,0,,1,4:12
agussyahrilmubarok/course-assignments,https://github.com/agussyahrilmubarok/course-assignments,fc-msa-gocoupon/k6/v2/01-testCouponPolicyDummy_shouldSuccess.js,yes,,0,,0,,0,,1,4:12
agussyahrilmubarok/course-assignments,https://github.com/agussyahrilmubarok/course-assignments,fc-msa-gocoupon/k6/v4/02-testGetCouponPolicies_shouldSuccess.js,yes,,0,,0,,0,,1,4:12
agussyahrilmubarok/course-assignments,https://github.com/agussyahrilmubarok/course-assignments,fc-msa-gocoupon/k6/v3/01-testCouponPolicyDummy_shouldSuccess.js,yes,,0,,0,,0,,1,4:12
agussyahrilmubarok/course-assignments,https://github.com/agussyahrilmubarok/course-assignments,fc-msa-gocoupon/k6/__tmp__/v1/05-testIssueCoupon_shouldSucces.js,yes,,0,,0,,0,,1,4:12
agussyahrilmubarok/course-assignments,https://github.com/agussyahrilmubarok/course-assignments,fc-msa-gocoupon/k6/__tmp__/v1/04-testIssueCoupon_qoutaExceeded.js,yes,,0,,0,,0,,1,4:12
agussyahrilmubarok/course-assignments,https://github.com/agussyahrilmubarok/course-assignments,fc-msa-gocoupon/k6/__tmp__/v1/03-testIssueCoupon_invalidPeriod.js,yes,,0,,0,,0,,1,4:12
agussyahrilmubarok/course-assignments,https://github.com/agussyahrilmubarok/course-assignments,fc-msa-gocoupon/k6/__tmp__/v1/07-testCancelCoupon_shouldSuccess.js,yes,,0,,0,,0,,1,4:12
agussyahrilmubarok/course-assignments,https://github.com/agussyahrilmubarok/course-assignments,fc-msa-gocoupon/k6/__tmp__/v1/09-testFindCouponByUser_shouldSuccess.js,yes,,0,,0,,0,,1,4:12
agussyahrilmubarok/course-assignments,https://github.com/agussyahrilmubarok/course-assignments,fc-msa-gocoupon/k6/v2/09-testFindCouponByUser_shouldSuccess.js,yes,,0,,0,,0,,1,4:12
agussyahrilmubarok/course-assignments,https://github.com/agussyahrilmubarok/course-assignments,fc-msa-gocoupon/k6/v3/09-testFindCouponByUser_shouldSuccess.js,yes,,0,,0,,0,,1,4:12
agussyahrilmubarok/course-assignments,https://github.com/agussyahrilmubarok/course-assignments,fc-msa-gocoupon/k6/__tmp__/v1/06-testUseCoupon_shouldSuccess.js,yes,,0,,0,,0,,1,4:12
agussyahrilmubarok/course-assignments,https://github.com/agussyahrilmubarok/course-assignments,fc-msa-gocoupon/k6/__tmp__/v2/08-testFindCouponByCode_shouldSuccess.js,yes,,0,,0,,0,,1,4:12
agussyahrilmubarok/course-assignments,https://github.com/agussyahrilmubarok/course-assignments,fc-msa-gocoupon/k6/__tmp__/v3/05-testIssueCoupon_shouldSucces.js,yes,,0,,0,,0,,1,4:12
agussyahrilmubarok/course-assignments,https://github.com/agussyahrilmubarok/course-assignments,fc-msa-gocoupon/k6/__tmp__/v2/03-testIssueCoupon_invalidPeriod.js,yes,,0,,0,,0,,1,4:12
agussyahrilmubarok/course-assignments,https://github.com/agussyahrilmubarok/course-assignments,fc-msa-gocoupon/k6/__tmp__/v2/07-testCancelCoupon_shouldSuccess.js,yes,,0,,0,,0,,1,4:12
agussyahrilmubarok/course-assignments,https://github.com/agussyahrilmubarok/course-assignments,fc-msa-gocoupon/k6/__tmp__/v2/04-testIssueCoupon_qoutaExceeded.js,yes,,0,,0,,0,,1,4:12
agussyahrilmubarok/course-assignments,https://github.com/agussyahrilmubarok/course-assignments,fc-msa-gocoupon/k6/__tmp__/v3/04-testIssueCoupon_qoutaExceeded.js,yes,,0,,0,,0,,1,4:12
agussyahrilmubarok/course-assignments,https://github.com/agussyahrilmubarok/course-assignments,fc-msa-gocoupon/k6/__tmp__/v3/02-testGetCouponPolicies_shouldSuccess.js,yes,,0,,0,,0,,1,4:12
agussyahrilmubarok/course-assignments,https://github.com/agussyahrilmubarok/course-assignments,fc-msa-gocoupon/k6/__tmp__/v2/02-testGetCouponPolicies_shouldSuccess.js,yes,,0,,0,,0,,1,4:12
agussyahrilmubarok/course-assignments,https://github.com/agussyahrilmubarok/course-assignments,fc-msa-gocoupon/k6/__tmp__/v3/03-testIssueCoupon_invalidPeriod.js,yes,,0,,0,,0,,1,4:12
agussyahrilmubarok/course-assignments,https://github.com/agussyahrilmubarok/course-assignments,fc-msa-gocoupon/k6/__tmp__/v3/010-testFindCouponByCouponPolicyCode_shouldSuccess.js,yes,,0,,0,,0,,1,4:12
agussyahrilmubarok/course-assignments,https://github.com/agussyahrilmubarok/course-assignments,fc-msa-gocoupon/k6/__tmp__/v2/010-testFindCouponByCouponPolicyCode_shouldSuccess.js,yes,,0,,0,,0,,1,4:12
agussyahrilmubarok/course-assignments,https://github.com/agussyahrilmubarok/course-assignments,fc-msa-gocoupon/k6/__tmp__/v2/05-testIssueCoupon_shouldSucces.js,yes,,0,,0,,0,,1,4:12
agussyahrilmubarok/course-assignments,https://github.com/agussyahrilmubarok/course-assignments,fc-msa-gocoupon/k6/__tmp__/v2/06-testUseCoupon_shouldSuccess.js,yes,,0,,0,,0,,1,4:12
agussyahrilmubarok/course-assignments,https://github.com/agussyahrilmubarok/course-assignments,fc-msa-gocoupon/k6/__tmp__/v3/06-testUseCoupon_shouldSuccess.js,yes,,0,,0,,0,,1,4:12
agussyahrilmubarok/course-assignments,https://github.com/agussyahrilmubarok/course-assignments,fc-msa-gocoupon/k6/__tmp__/v3/08-testFindCouponByCode_shouldSuccess.js,yes,,0,,0,,0,,1,4:12
agussyahrilmubarok/course-assignments,https://github.com/agussyahrilmubarok/course-assignments,fc-msa-gocoupon/k6/__tmp__/v1/02-testGetCouponPolicies_shouldSuccess.js,yes,,0,,0,,0,,1,4:12
agussyahrilmubarok/course-assignments,https://github.com/agussyahrilmubarok/course-assignments,fc-msa-gocoupon/k6/__tmp__/v2/09-testFindCouponByUser_shouldSuccess.js,yes,,0,,0,,0,,1,4:12
agussyahrilmubarok/course-assignments,https://github.com/agussyahrilmubarok/course-assignments,fc-msa-gocoupon/k6/__tmp__/v3/09-testFindCouponByUser_shouldSuccess.js,yes,,0,,0,,0,,1,4:12
eixfix/smcc-load-test,https://github.com/eixfix/smcc-load-test,smoke/bootstrap.ts,yes,,0,,0,,0,,0,
eixfix/smcc-load-test,https://github.com/eixfix/smcc-load-test,scripts/build.mjs,yes,,0,,0,,0,,0,
zapier/prom-aggregation-gateway,https://github.com/zapier/prom-aggregation-gateway,benchmarking/no_labels.js,yes,,0,,0,,0,,0,
LauroDF/FinalChallenge,https://github.com/LauroDF/FinalChallenge,projeto-ServeRest-k6/support/utils/Delete-User.js,yes,,0,,0,,0,,1,4:14
LauroDF/FinalChallenge,https://github.com/LauroDF/FinalChallenge,projeto-ServeRest-k6/support/utils/Fluxo.js,yes,,0,,0,,0,,1,11:14
LauroDF/FinalChallenge,https://github.com/LauroDF/FinalChallenge,projeto-cinema-k6/support/base/baseChecks.js,yes,,0,,0,,3,5:9; 11:9; 17:9,0,
LauroDF/FinalChallenge,https://github.com/LauroDF/FinalChallenge,projeto-ServeRest-k6/support/utils/Post-User.js,yes,,0,,0,,0,,1,5:14
LauroDF/FinalChallenge,https://github.com/LauroDF/FinalChallenge,projeto-ServeRest-k6/support/base/baseChecks.js,yes,,0,,0,,5,5:9; 10:9; 15:9; 20:9; 25:9,0,
LauroDF/FinalChallenge,https://github.com/LauroDF/FinalChallenge,projeto-ServeRest-k6/support/utils/Login-User.js,yes,,0,,0,,0,,1,6:14
LauroDF/FinalChallenge,https://github.com/LauroDF/FinalChallenge,projeto-ServeRest-k6/tests/test.js,yes,,0,,0,,0,,1,5:14
LauroDF/FinalChallenge,https://github.com/LauroDF/FinalChallenge,projeto-cinema-k6/tests/teste-clean-movies-faker.js,yes,,0,,0,,0,,1,13:14
LauroDF/FinalChallenge,https://github.com/LauroDF/FinalChallenge,projeto-ServeRest-k6/tests/test-Delete.js,yes,,0,,0,,0,,1,6:14
LauroDF/FinalChallenge,https://github.com/LauroDF/FinalChallenge,projeto-cinema-k6/tests/teste-tickets-faker.js,yes,,0,,0,,0,,1,13:14
LauroDF/FinalChallenge,https://github.com/LauroDF/FinalChallenge,projeto-cinema-k6/tests/POST-DELETE-movies.js,yes,,0,,0,,0,,1,13:14
LauroDF/FinalChallenge,https://github.com/LauroDF/FinalChallenge,projeto-ServeRest-k6/tests/teste-faker.js,yes,,0,,0,,0,,1,6:14
LauroDF/FinalChallenge,https://github.com/LauroDF/FinalChallenge,projeto-cinema-k6/tests/GET-ID-movies.js,yes,,0,,0,,0,,1,13:14
LauroDF/FinalChallenge,https://github.com/LauroDF/FinalChallenge,projeto-cinema-k6/tests/GET-movies.js,yes,,0,,0,,0,,1,13:14
LauroDF/FinalChallenge,https://github.com/LauroDF/FinalChallenge,projeto-cinema-k6/tests/teste-movies-faker.js,yes,,0,,0,,0,,1,13:14
LauroDF/FinalChallenge,https://github.com/LauroDF/FinalChallenge,projeto-cinema-k6/tests/PUT-ID-movies.js,yes,,0,,0,,0,,1,13:14
Informatievlaanderen/registry-testing,https://github.com/Informatievlaanderen/registry-testing,src/streetname/list.js,yes,,0,,0,,0,,0,
Informatievlaanderen/registry-testing,https://github.com/Informatievlaanderen/registry-testing,src/building/detail.js,yes,,0,,0,,0,,0,
Informatievlaanderen/registry-testing,https://github.com/Informatievlaanderen/registry-testing,src/main.js,yes,,0,,0,,0,,0,
Informatievlaanderen/registry-testing,https://github.com/Informatievlaanderen/registry-testing,src/address/list-niscode.js,yes,,0,,0,,0,,0,
Informatievlaanderen/registry-testing,https://github.com/Informatievlaanderen/registry-testing,src/postal/main.js,yes,,0,,0,,0,,0,
Informatievlaanderen/registry-testing,https://github.com/Informatievlaanderen/registry-testing,src/address/detail.js,yes,,0,,0,,0,,0,
Informatievlaanderen/registry-testing,https://github.com/Informatievlaanderen/registry-testing,src/municipality/main.js,yes,,0,,0,,0,,0,
Informatievlaanderen/registry-testing,https://github.com/Informatievlaanderen/registry-testing,src/buildingunit/list-status.js,yes,,0,,0,,0,,0,
Informatievlaanderen/registry-testing,https://github.com/Informatievlaanderen/registry-testing,src/buildingunit/list.js,yes,,0,,0,,0,,0,
Informatievlaanderen/registry-testing,https://github.com/Informatievlaanderen/registry-testing,src/streetname/list-municipality-name.js,yes,,0,,0,,0,,0,
Informatievlaanderen/registry-testing,https://github.com/Informatievlaanderen/registry-testing,src/address/main.js,yes,,0,,0,,0,,0,
Informatievlaanderen/registry-testing,https://github.com/Informatievlaanderen/registry-testing,src/streetname/list-municipality-niscode.js,yes,,0,,0,,0,,0,
Informatievlaanderen/registry-testing,https://github.com/Informatievlaanderen/registry-testing,src/address/search.js,yes,,0,,0,,0,,0,
Informatievlaanderen/registry-testing,https://github.com/Informatievlaanderen/registry-testing,src/address/list-status.js,yes,,0,,0,,0,,0,
Informatievlaanderen/registry-testing,https://github.com/Informatievlaanderen/registry-testing,src/streetname/list-streetname-name.js,yes,,0,,0,,0,,0,
Informatievlaanderen/registry-testing,https://github.com/Informatievlaanderen/registry-testing,src/address/list.js,yes,,0,,0,,0,,0,
Informatievlaanderen/registry-testing,https://github.com/Informatievlaanderen/registry-testing,src/streetname/list-status.js,yes,,0,,0,,0,,0,
Informatievlaanderen/registry-testing,https://github.com/Informatievlaanderen/registry-testing,src/postal/detail.js,yes,,0,,0,,0,,0,
Informatievlaanderen/registry-testing,https://github.com/Informatievlaanderen/registry-testing,src/building/list.js,yes,,0,,0,,0,,0,
Informatievlaanderen/registry-testing,https://github.com/Informatievlaanderen/registry-testing,src/addressmatch/main.js,yes,,0,,0,,0,,0,
Informatievlaanderen/registry-testing,https://github.com/Informatievlaanderen/registry-testing,src/building/list-status.js,yes,,0,,0,,0,,0,
Informatievlaanderen/registry-testing,https://github.com/Informatievlaanderen/registry-testing,src/municipality/detail.js,yes,,0,,0,,0,,0,
Informatievlaanderen/registry-testing,https://github.com/Informatievlaanderen/registry-testing,src/parcel/main.js,yes,,0,,0,,0,,0,
Informatievlaanderen/registry-testing,https://github.com/Informatievlaanderen/registry-testing,src/parcel/list-address-id.js,yes,,0,,0,,0,,0,
Informatievlaanderen/registry-testing,https://github.com/Informatievlaanderen/registry-testing,src/parcel/list-status.js,yes,,0,,0,,0,,0,
Informatievlaanderen/registry-testing,https://github.com/Informatievlaanderen/registry-testing,src/buildingunit/detail.js,yes,,0,,0,,0,,0,
Informatievlaanderen/registry-testing,https://github.com/Informatievlaanderen/registry-testing,src/postal/list-municipality-name.js,yes,,0,,0,,0,,0,
Informatievlaanderen/registry-testing,https://github.com/Informatievlaanderen/registry-testing,src/parcel/detail.js,yes,,0,,0,,0,,0,
Informatievlaanderen/registry-testing,https://github.com/Informatievlaanderen/registry-testing,src/buildingunit/list-address-id.js,yes,,0,,0,,0,,0,
Informatievlaanderen/registry-testing,https://github.com/Informatievlaanderen/registry-testing,src/municipality/list.js,yes,,0,,0,,0,,0,
Informatievlaanderen/registry-testing,https://github.com/Informatievlaanderen/registry-testing,src/address/list-multi-parameter.js,yes,,0,,0,,0,,0,
Informatievlaanderen/registry-testing,https://github.com/Informatievlaanderen/registry-testing,src/buildingunit/main.js,yes,,0,,0,,0,,0,
Informatievlaanderen/registry-testing,https://github.com/Informatievlaanderen/registry-testing,src/streetname/main.js,yes,,0,,0,,0,,0,
Informatievlaanderen/registry-testing,https://github.com/Informatievlaanderen/registry-testing,src/building/main.js,yes,,0,,0,,0,,0,
Informatievlaanderen/registry-testing,https://github.com/Informatievlaanderen/registry-testing,src/streetname/detail.js,yes,,0,,0,,0,,0,
Informatievlaanderen/registry-testing,https://github.com/Informatievlaanderen/registry-testing,src/parcel/list.js,yes,,0,,0,,0,,0,
Informatievlaanderen/registry-testing,https://github.com/Informatievlaanderen/registry-testing,src/postal/list.js,yes,,0,,0,,0,,0,
Informatievlaanderen/registry-testing,https://github.com/Informatievlaanderen/registry-testing,src/municipality/list-status.js,yes,,0,,0,,0,,0,
petechain23/K6,https://github.com/petechain23/K6,01-Practices/solace/loadTestSolace.js,yes,,0,,0,,0,,1,8:14
petechain23/K6,https://github.com/petechain23/K6,05-OMNI_Modularize_2/draft/edit.js,yes,,0,,0,,52,31:18; 46:18; 60:18; 74:18; 86:18; 95:18; 107:18; 119:18; 131:18; 144:18; 157:18; 169:18; 180:18; 191:18; 203:18; 215:18; 227:18; 239:18; 251:18; 263:18; 275:18; 286:18; 297:18; 309:18; 321:18; 333:18; 345:18; 357:18; 370:18; 381:18; 392:18; 403:18; 414:18; 425:18; 436:18; 447:18; 458:18; 469:18; 480:18; 491:18; 502:18; 513:18; 525:18; 539:18; 554:18; 566:18; 578:18; 590:18; 602:18; 614:18; 625:18; 636:18,1,4:14
petechain23/K6,https://github.com/petechain23/K6,03-OMNI/orders.js,yes,,0,,0,,1,244:20,0,
petechain23/K6,https://github.com/petechain23/K6,05-OMNI_Modularize_2/v2/flows/pages/ordersEdit.js,yes,,0,,0,,2,233:13; 254:13,0,
petechain23/K6,https://github.com/petechain23/K6,05-OMNI_Modularize_2/v2/flows/pages/ordersFilter.js,yes,,0,,0,,1,138:13,0,
petechain23/K6,https://github.com/petechain23/K6,05-OMNI_Modularize_2/v2/flows/pages/ordersSearch.js,yes,,0,,0,,2,84:9; 100:9,0,
petechain23/K6,https://github.com/petechain23/K6,05-OMNI_Modularize_2/v2/flows/pages/ordersEdit(v1).js,yes,,0,,0,,2,180:13; 201:13,0,
petechain23/K6,https://github.com/petechain23/K6,05-OMNI_Modularize_2/v2/flows/pages/ordersScrolling.js,yes,,0,,0,,1,92:13,0,
petechain23/K6,https://github.com/petechain23/K6,05-OMNI_Modularize_2/v2/flows/pages/ordersPLScrolling.js,yes,,0,,0,,1,78:13,0,
petechain23/K6,https://github.com/petechain23/K6,05-OMNI_Modularize_2/v2/flows/pages/ordersPromoGetList.js,yes,,0,,0,,2,69:9; 137:9,0,
petechain23/K6,https://github.com/petechain23/K6,05-OMNI_Modularize_2/v2/flows/pages/ordersUpdateToDelivered.js,yes,,0,,0,,0,,0,
petechain23/K6,https://github.com/petechain23/K6,05-OMNI_Modularize_2/v2/flows/pages/performanceDistributor.js,yes,,0,,0,,8,77:28; 99:36; 132:33; 155:36; 194:28; 216:36; 249:33; 272:36,0,
petechain23/K6,https://github.com/petechain23/K6,01-Practices/Thresholds/sample.js,yes,,0,,1,23:1,0,,0,
petechain23/K6,https://github.com/petechain23/K6,04-OMNI_Modularize/orders_edit.js,yes,,0,,0,,3,238:18; 240:7; 255:24,0,
petechain23/K6,https://github.com/petechain23/K6,05-OMNI_Modularize_2/draft/inventory.js,yes,,0,,0,,1,7:21,0,
petechain23/K6,https://github.com/petechain23/K6,05-OMNI_Modularize_2/draft/orders_update_status(no edit).js,yes,,0,,0,,7,36:18; 42:18; 48:18; 54:18; 72:30; 93:21; 115:20,0,
petechain23/K6,https://github.com/petechain23/K6,05-OMNI_Modularize_2/v2/flows/pages/ordersCreate(v1).js,yes,,0,,0,,0,,0,
petechain23/K6,https://github.com/petechain23/K6,05-OMNI_Modularize_2/v2/flows/main(parrale).js,yes,,0,,0,,0,,1,31:14
petechain23/K6,https://github.com/petechain23/K6,scripts/load.js,yes,,0,,0,,0,,1,4:14
petechain23/K6,https://github.com/petechain23/K6,05-OMNI_Modularize_2/pages/login.js,yes,,0,,0,,0,,0,
petechain23/K6,https://github.com/petechain23/K6,05-OMNI_Modularize_2/pages/orders_update_status.js,yes,,0,,0,,6,37:18; 51:18; 65:18; 78:18; 92:28; 120:19,0,
petechain23/K6,https://github.com/petechain23/K6,05-OMNI_Modularize_2/draft/orders.js,yes,,0,,0,,0,,0,
petechain23/K6,https://github.com/petechain23/K6,05-OMNI_Modularize_2/v2/flows/pages/ordersExportOrg.js,yes,,0,,0,,0,,0,
petechain23/K6,https://github.com/petechain23/K6,05-OMNI_Modularize_2/v1/ordersUpdateToDelivered.js,yes,,0,,0,,0,,0,
petechain23/K6,https://github.com/petechain23/K6,05-OMNI_Modularize_2/v2/flows/pages/logout.js,yes,,0,,0,,0,,0,
petechain23/K6,https://github.com/petechain23/K6,05-OMNI_Modularize_2/draft/distributors.js,yes,,0,,0,,0,,0,
petechain23/K6,https://github.com/petechain23/K6,05-OMNI_Modularize_2/v2/flows/pages/ordersExport.js,yes,,0,,0,,0,,0,
petechain23/K6,https://github.com/petechain23/K6,04-OMNI_Modularize/orders_create.js,yes,,0,,0,,3,207:18; 209:7; 224:24,0,
petechain23/K6,https://github.com/petechain23/K6,05-OMNI_Modularize_2/v2/flows/pages/ordersEditRetry.js,yes,,0,,0,,2,163:9; 206:9,0,
petechain23/K6,https://github.com/petechain23/K6,01-Practices/login_sample.js,yes,,0,,0,,4,149:18; 151:7; 166:24; 179:22,1,64:14
petechain23/K6,https://github.com/petechain23/K6,05-OMNI_Modularize_2/draft/maincopy.js,yes,,0,,0,,0,,1,36:14
petechain23/K6,https://github.com/petechain23/K6,01-Practices/Executors/ramping-vus.js,yes,,0,,0,,0,,1,19:14
petechain23/K6,https://github.com/petechain23/K6,05-OMNI_Modularize_2/draft/orders_invoice.js,yes,,0,,0,,0,,0,
petechain23/K6,https://github.com/petechain23/K6,05-OMNI_Modularize_2/v2/flows/pages/distributors.js,yes,,0,,0,,7,1003:9; 1049:9; 1087:9; 1321:32; 1739:34; 1879:26; 2215:5,0,
petechain23/K6,https://github.com/petechain23/K6,05-OMNI_Modularize_2/pages/orders_edit.js,yes,,0,,0,,0,,0,
petechain23/K6,https://github.com/petechain23/K6,02-Modularize/coinflip.js,yes,,0,,0,,2,11:19; 20:15,0,
petechain23/K6,https://github.com/petechain23/K6,03-OMNI/inventory.js,yes,,0,,0,,113,31:18; 46:18; 60:18; 74:18; 86:18; 98:18; 107:18; 119:18; 131:18; 143:18; 156:18; 168:18; 180:18; 195:18; 209:18; 221:18; 234:18; 247:18; 259:18; 277:18; 289:18; 303:18; 315:18; 329:18; 343:18; 357:18; 371:18; 385:18; 397:18; 411:18; 423:18; 437:18; 450:18; 464:18; 476:18; 490:18; 502:18; 516:18; 530:18; 544:18; 558:18; 570:18; 584:18; 596:18; 610:18; 623:18; 636:18; 650:18; 664:18; 678:18; 690:18; 704:18; 716:18; 729:18; 743:18; 758:18; 772:18; 787:18; 802:18; 817:18; 832:18; 847:18; 862:18; 874:18; 889:18; 903:18; 918:18; 932:18; 941:18; 950:18; 962:18; 974:18; 986:18; 998:18; 1007:18; 1016:18; 1028:18; 1040:18; 1052:18; 1064:18; 1076:18; 1085:18; 1094:18; 1106:18; 1118:18; 1130:18; 1142:18; 1151:18; 1160:18; 1172:18; 1184:18; 1196:18; 1209:18; 1221:18; 1234:18; 1246:18; 1259:18; 1272:18; 1287:18; 1307:18; 1328:18; 1340:18; 1350:18; 1364:18; 1373:18; 1382:18; 1394:18; 1406:18; 1415:18; 1424:18; 1436:18; 1448:18; 1463:18,1,4:14
petechain23/K6,https://github.com/petechain23/K6,05-OMNI_Modularize_2/v2/flows/pages/ordersCreate(MM).js,yes,,0,,0,,0,,0,
petechain23/K6,https://github.com/petechain23/K6,05-OMNI_Modularize_2/v2/flows/pages/depotVariantsExternal.js,yes,,0,,0,,0,,0,
petechain23/K6,https://github.com/petechain23/K6,05-OMNI_Modularize_2/pages/promotion.js,yes,,0,,0,,1,22:17,0,
petechain23/K6,https://github.com/petechain23/K6,01-Practices/thresholds.js,yes,,0,,1,23:1,0,,0,
petechain23/K6,https://github.com/petechain23/K6,05-OMNI_Modularize_2/v2/flows/pages/ordersInvoice.js,yes,,0,,0,,5,84:17; 91:13; 97:13; 103:13; 120:13,0,
petechain23/K6,https://github.com/petechain23/K6,04-OMNI_Modularize/orders_dont_edit.js,yes,,0,,0,,3,116:24; 118:13; 133:30,0,
petechain23/K6,https://github.com/petechain23/K6,05-OMNI_Modularize_2/v2/main.js,yes,,0,,0,,0,,1,91:14
petechain23/K6,https://github.com/petechain23/K6,01-Practices/solace/solace2/stock_update.js,yes,,0,,0,,0,,1,4:14
petechain23/K6,https://github.com/petechain23/K6,05-OMNI_Modularize_2/pages/orders_get.js,yes,,0,,0,,0,,0,
petechain23/K6,https://github.com/petechain23/K6,05-OMNI_Modularize_2/draft/orders_edit.js,yes,,0,,0,,0,,0,
petechain23/K6,https://github.com/petechain23/K6,04-OMNI_Modularize/orders.js,yes,,0,,0,,0,,0,
petechain23/K6,https://github.com/petechain23/K6,01-Practices/Executors/per-vu-iterations.js,yes,,0,,0,,0,,1,19:14
petechain23/K6,https://github.com/petechain23/K6,04-OMNI_Modularize/login.js,yes,,0,,0,,2,18:18; 20:7,0,
petechain23/K6,https://github.com/petechain23/K6,05-OMNI_Modularize_2/pages/orders_update_status_delivered_only.js,yes,,0,,0,,4,33:18; 51:19; 63:28; 84:23,0,
petechain23/K6,https://github.com/petechain23/K6,01-Practices/setup_tes.js,yes,,0,,0,,0,,0,
petechain23/K6,https://github.com/petechain23/K6,05-OMNI_Modularize_2/v2/flows/pages/outletsSearch.js,yes,,0,,0,,0,,0,
petechain23/K6,https://github.com/petechain23/K6,01-Practices/Executors/constant-vus.js,yes,,0,,0,,0,,1,19:14
petechain23/K6,https://github.com/petechain23/K6,05-OMNI_Modularize_2/v2/flows/main.js,yes,,0,,0,,0,,1,40:14
petechain23/K6,https://github.com/petechain23/K6,01-Practices/Executors/shared-iterations.js,yes,,0,,0,,0,,1,19:14
petechain23/K6,https://github.com/petechain23/K6,05-OMNI_Modularize_2/v2/flows/utils.js,yes,,0,,0,,0,,0,
petechain23/K6,https://github.com/petechain23/K6,01-Practices/solace/solace2/order_imcoming.js,yes,,0,,0,,0,,1,4:14
petechain23/K6,https://github.com/petechain23/K6,scripts/script.js,yes,,0,,1,10:1,0,,1,5:14
petechain23/K6,https://github.com/petechain23/K6,05-OMNI_Modularize_2/v2/flows/pages/depotVariants.js,yes,,0,,0,,0,,0,
petechain23/K6,https://github.com/petechain23/K6,05-OMNI_Modularize_2/pages/orders_invoice_only.js,yes,,0,,0,,6,33:18; 47:18; 61:18; 74:18; 88:28; 104:18,0,
petechain23/K6,https://github.com/petechain23/K6,04-OMNI_Modularize/login_dont_edit.js,yes,,0,,0,,3,39:18; 41:7; 56:22,0,
petechain23/K6,https://github.com/petechain23/K6,05-OMNI_Modularize_2/v2/flows/pages/login.js,yes,,0,,0,,0,,0,
petechain23/K6,https://github.com/petechain23/K6,05-OMNI_Modularize_2/draft/performance.js,yes,,0,,0,,69,32:18; 47:18; 61:18; 75:18; 86:18; 97:18; 105:18; 116:18; 127:18; 138:18; 150:18; 161:18; 179:18; 191:18; 199:18; 210:18; 221:18; 232:18; 240:18; 251:18; 262:18; 273:18; 284:18; 295:18; 306:18; 317:18; 328:18; 339:18; 351:18; 363:18; 375:18; 386:18; 397:18; 408:18; 419:18; 430:18; 441:18; 452:18; 463:18; 475:18; 487:18; 499:18; 510:18; 521:18; 532:18; 543:18; 554:18; 565:18; 576:18; 587:18; 599:18; 611:18; 623:18; 634:18; 645:18; 656:18; 667:18; 678:18; 689:18; 700:18; 711:18; 723:18; 735:18; 746:18; 757:18; 769:18; 780:18; 791:18; 803:18,1,4:14
petechain23/K6,https://github.com/petechain23/K6,03-OMNI/login.js,yes,,0,,0,,0,,0,
petechain23/K6,https://github.com/petechain23/K6,05-OMNI_Modularize_2/main.js,yes,,0,,0,,0,,1,91:14
petechain23/K6,https://github.com/petechain23/K6,01-Practices/TestLifeCycle/bbb.js,yes,,0,,1,23:17,0,,1,11:14
petechain23/K6,https://github.com/petechain23/K6,01-Practices/Modules/login.js,yes,,0,,0,,0,,0,
petechain23/K6,https://github.com/petechain23/K6,05-OMNI_Modularize_2/v2/flows/pages/ordersUpdate.js,yes,,0,,0,,0,,0,
petechain23/K6,https://github.com/petechain23/K6,05-OMNI_Modularize_2/pages/export.js,yes,,0,,0,,0,,0,
petechain23/K6,https://github.com/petechain23/K6,05-OMNI_Modularize_2/pages/orders.js,yes,,0,,0,,0,,0,
petechain23/K6,https://github.com/petechain23/K6,01-Practices/load_data.js,yes,,0,,0,,0,,0,
petechain23/K6,https://github.com/petechain23/K6,05-OMNI_Modularize_2/draft/main.js,yes,,0,,0,,0,,1,25:14
petechain23/K6,https://github.com/petechain23/K6,01-Practices/Modules/createOrder.js,yes,,0,,0,,0,,0,
petechain23/K6,https://github.com/petechain23/K6,05-OMNI_Modularize_2/v1/ordersCreate copy.js,yes,,0,,0,,0,,0,
petechain23/K6,https://github.com/petechain23/K6,02-Modularize/contacts.js,yes,,0,,0,,2,11:19; 20:15,0,
petechain23/K6,https://github.com/petechain23/K6,05-OMNI_Modularize_2/v2/flows/pages/ordersCreate.js,yes,,0,,0,,0,,0,
petechain23/K6,https://github.com/petechain23/K6,03-OMNI/invoices.js,yes,,0,,0,,0,,0,
petechain23/K6,https://github.com/petechain23/K6,05-OMNI_Modularize_2/v2/flows/main_test.js,yes,,0,,0,,0,,1,39:14
petechain23/K6,https://github.com/petechain23/K6,03-OMNI/setup_test.js,yes,,0,,0,,0,,0,
jimmyhogerty/Project-Ecom,https://github.com/jimmyhogerty/Project-Ecom,server/k6LocalTesting/k6styles.js,yes,,0,,0,,0,,1,7:14
jimmyhogerty/Project-Ecom,https://github.com/jimmyhogerty/Project-Ecom,server/k6LocalTesting/k6products.js,yes,,0,,0,,0,,1,7:14
lucasonzta/deznity-core,https://github.com/lucasonzta/deznity-core,scripts/setup-cicd.ts,yes,,0,,0,,0,,0,
GHesericsu/cloudStay-PhotoGallery,https://github.com/GHesericsu/cloudStay-PhotoGallery,loadtest.js,yes,,0,,1,38:1,0,,0,
data-altinn-no/k6-tests,https://github.com/data-altinn-no/k6-tests,testCreateHarvestDelete.js,yes,,0,,0,,0,,0,
data-altinn-no/k6-tests,https://github.com/data-altinn-no/k6-tests,testMetadataEvidenceCodes.js,yes,,0,,0,,0,,0,
data-altinn-no/k6-tests,https://github.com/data-altinn-no/k6-tests,assert.js,yes,,0,,0,,1,6:10,0,
data-altinn-no/k6-tests,https://github.com/data-altinn-no/k6-tests,testRequirements.js,yes,,0,,0,,8,38:19; 45:19; 57:19; 65:19; 79:19; 87:19; 100:19; 107:19,0,
data-altinn-no/k6-tests,https://github.com/data-altinn-no/k6-tests,testAccredidationList.js,yes,,0,,0,,0,,0,
dhalexkim/k6-demo,https://github.com/dhalexkim/k6-demo,scripts/http/examples/example03.js,yes,,0,,0,,4,17:19; 21:13; 22:13; 28:9,0,
dhalexkim/k6-demo,https://github.com/dhalexkim/k6-demo,scripts/hars/02login.js,yes,,0,,0,,0,,1,9:14
dhalexkim/k6-demo,https://github.com/dhalexkim/k6-demo,scripts/http/modules/pages.js,yes,,0,,0,,4,5:15; 10:5; 17:15; 21:5,0,
dhalexkim/k6-demo,https://github.com/dhalexkim/k6-demo,scripts/http/examples/exampleLogin.ts,yes,,0,,0,,0,,0,
dhalexkim/k6-demo,https://github.com/dhalexkim/k6-demo,scripts/http/examples/example01.js,yes,,0,,0,,2,34:13; 50:9,0,
dhalexkim/k6-demo,https://github.com/dhalexkim/k6-demo,scripts/hars/01visit.js,yes,,0,,0,,0,,1,9:14
dhalexkim/k6-demo,https://github.com/dhalexkim/k6-demo,scripts/hars/01Login.js,yes,,0,,0,,0,,1,9:14
dhalexkim/k6-demo,https://github.com/dhalexkim/k6-demo,scripts/http/examples/example02.js,yes,,0,,0,,2,42:5; 58:11,0,
duberton/eks-experiment,https://github.com/duberton/eks-experiment,k6/loadtest.js,yes,,0,,0,,0,,1,5:14
UKHO/erp-facade,https://github.com/UKHO/erp-facade,Performance Script/Scripts/S100/S100WebhookLoadTestWith2rps.js,yes,,14,8:14; 8:25; 10:25; 10:36; 11:26; 11:37; 12:30; 12:41; 14:29; 14:40; 15:30; 15:41; 16:34; 16:45,0,,0,,0,
yangahh/concert-ticket-reservation,https://github.com/yangahh/concert-ticket-reservation,docs/k6/get_seats_script_150tps.js,yes,,0,,0,,1,14:19,0,
yangahh/concert-ticket-reservation,https://github.com/yangahh/concert-ticket-reservation,docs/k6/reservation_script.js,yes,,0,,0,,1,14:19,0,
yangahh/concert-ticket-reservation,https://github.com/yangahh/concert-ticket-reservation,docs/k6/concert_script.js,yes,,0,,0,,0,,1,6:14
yangahh/concert-ticket-reservation,https://github.com/yangahh/concert-ticket-reservation,docs/k6/issue_queue_token_script.js,yes,,0,,0,,0,,0,
yangahh/concert-ticket-reservation,https://github.com/yangahh/concert-ticket-reservation,docs/k6/get_seats_script_200tps.js,yes,,0,,0,,1,14:19,0,
yangahh/concert-ticket-reservation,https://github.com/yangahh/concert-ticket-reservation,docs/k6/get_queue_token_position_script.js,yes,,0,,0,,1,13:19,0,
yangahh/concert-ticket-reservation,https://github.com/yangahh/concert-ticket-reservation,docs/k6/index_test_seat_script.js,yes,,0,,0,,0,,1,6:14
yangahh/concert-ticket-reservation,https://github.com/yangahh/concert-ticket-reservation,docs/k6/index_test_concert_script.js,yes,,0,,0,,0,,1,6:14
kucukaslan/clickhouse,https://github.com/kucukaslan/clickhouse,loadtests/spike.js,yes,,0,,0,,3,68:19; 125:23; 165:21,0,
kucukaslan/clickhouse,https://github.com/kucukaslan/clickhouse,loadtests/smoke.js,yes,,0,,0,,3,56:19; 103:23; 136:21,0,
kucukaslan/clickhouse,https://github.com/kucukaslan/clickhouse,loadtests/stress.js,yes,,0,,0,,3,63:19; 115:23; 153:21,0,
kucukaslan/clickhouse,https://github.com/kucukaslan/clickhouse,loadtests/load.js,yes,,0,,0,,3,62:19; 135:23; 169:21,0,
Qwitter/Qwitter-Testing,https://github.com/Qwitter/Qwitter-Testing,Stress/scripts/auth/change-email.js,yes,,0,,0,,0,,1,9:12
Qwitter/Qwitter-Testing,https://github.com/Qwitter/Qwitter-Testing,Stress/scripts/auth/username-suggestions.js,yes,,0,,0,,0,,1,9:12
Qwitter/Qwitter-Testing,https://github.com/Qwitter/Qwitter-Testing,Stress/scripts/auth/login.js,yes,,0,,0,,0,,1,10:12
Qwitter/Qwitter-Testing,https://github.com/Qwitter/Qwitter-Testing,Stress/scripts/login.js,yes,,0,,0,,0,,1,4:12
Qwitter/Qwitter-Testing,https://github.com/Qwitter/Qwitter-Testing,Stress/scripts/tweets.js,yes,,0,,0,,0,,1,10:12
Qwitter/Qwitter-Testing,https://github.com/Qwitter/Qwitter-Testing,Stress/scripts/tweet/get-media.js,yes,,0,,0,,0,,0,
Qwitter/Qwitter-Testing,https://github.com/Qwitter/Qwitter-Testing,Stress/scripts/tweet/post-tweet.js,yes,,0,,0,,0,,0,
Qwitter/Qwitter-Testing,https://github.com/Qwitter/Qwitter-Testing,Stress/scripts/profile/get-profile.js,yes,,0,,0,,0,,1,8:12
Qwitter/Qwitter-Testing,https://github.com/Qwitter/Qwitter-Testing,Stress/scripts/tweet/post-tweet-like.js,yes,,0,,0,,0,,0,
Qwitter/Qwitter-Testing,https://github.com/Qwitter/Qwitter-Testing,Stress/scripts/conversation/search-conversation.js,yes,,0,,0,,0,,0,
Qwitter/Qwitter-Testing,https://github.com/Qwitter/Qwitter-Testing,Stress/scripts/tweet/get-user-like.js,yes,,0,,0,,0,,0,
Qwitter/Qwitter-Testing,https://github.com/Qwitter/Qwitter-Testing,Stress/scripts/conversation/get-details-conversation.js,yes,,0,,0,,0,,0,
Qwitter/Qwitter-Testing,https://github.com/Qwitter/Qwitter-Testing,Stress/scripts/auth/check-password.js,yes,,0,,0,,0,,1,9:12
Qwitter/Qwitter-Testing,https://github.com/Qwitter/Qwitter-Testing,Stress/scripts/auth/change-password.js,yes,,0,,0,,0,,1,9:12
Qwitter/Qwitter-Testing,https://github.com/Qwitter/Qwitter-Testing,Stress/scripts/tweet/get-teweet-retweets.js,yes,,0,,0,,0,,0,
Qwitter/Qwitter-Testing,https://github.com/Qwitter/Qwitter-Testing,Stress/scripts/tweet/tweet.js,yes,,0,,0,,0,,0,
Qwitter/Qwitter-Testing,https://github.com/Qwitter/Qwitter-Testing,Stress/scripts/conversation/get-conversation.js,yes,,0,,0,,0,,0,
Qwitter/Qwitter-Testing,https://github.com/Qwitter/Qwitter-Testing,Stress/scripts/tweet/replies.js,yes,,0,,0,,0,,0,
Qwitter/Qwitter-Testing,https://github.com/Qwitter/Qwitter-Testing,Stress/scripts/conversation/edit-conversation.js,yes,,0,,0,,0,,0,
Qwitter/Qwitter-Testing,https://github.com/Qwitter/Qwitter-Testing,Stress/scripts/auth/update-password.js,yes,,0,,0,,0,,1,9:12
Qwitter/Qwitter-Testing,https://github.com/Qwitter/Qwitter-Testing,Stress/scripts/tweet/get-tweet-replies.js,yes,,0,,0,,0,,0,
Qwitter/Qwitter-Testing,https://github.com/Qwitter/Qwitter-Testing,Stress/scripts/tweet/get-tweet.js,yes,,0,,0,,0,,0,
Qwitter/Qwitter-Testing,https://github.com/Qwitter/Qwitter-Testing,Stress/scripts/tweet/get-tweet-like.js,yes,,0,,0,,0,,0,
Qwitter/Qwitter-Testing,https://github.com/Qwitter/Qwitter-Testing,Stress/scripts/tweet/post-user-like.js,yes,,0,,0,,0,,0,
Qwitter/Qwitter-Testing,https://github.com/Qwitter/Qwitter-Testing,Stress/scripts/tweet/hashtags.js,yes,,0,,0,,0,,0,
Qwitter/Qwitter-Testing,https://github.com/Qwitter/Qwitter-Testing,Stress/scripts/conversation/post-conversation.js,yes,,0,,0,,0,,0,
Qwitter/Qwitter-Testing,https://github.com/Qwitter/Qwitter-Testing,Stress/scripts/conversation/send-conversation.js,yes,,0,,0,,0,,0,
Qwitter/Qwitter-Testing,https://github.com/Qwitter/Qwitter-Testing,Stress/scripts/conversation/get-users-conversation.js,yes,,0,,0,,0,,0,
Qwitter/Qwitter-Testing,https://github.com/Qwitter/Qwitter-Testing,Stress/scripts/conversation/post-users-conversation.js,yes,,0,,0,,0,,0,
Qwitter/Qwitter-Testing,https://github.com/Qwitter/Qwitter-Testing,Stress/scripts/auth/google.js,yes,,0,,0,,0,,1,8:12
Qwitter/Qwitter-Testing,https://github.com/Qwitter/Qwitter-Testing,Stress/scripts/auth/check-existence.js,yes,,0,,0,,0,,1,9:12
Qwitter/Qwitter-Testing,https://github.com/Qwitter/Qwitter-Testing,Stress/scripts/conversation.js,yes,,0,,0,,0,,1,13:12
Qwitter/Qwitter-Testing,https://github.com/Qwitter/Qwitter-Testing,Stress/scripts/notifications.js,yes,,0,,0,,0,,1,9:12
Qwitter/Qwitter-Testing,https://github.com/Qwitter/Qwitter-Testing,Stress/scripts/profile/put-profile.js,yes,,0,,0,,0,,1,9:12
Qwitter/Qwitter-Testing,https://github.com/Qwitter/Qwitter-Testing,Stress/scripts/profile/patch-username.js,yes,,0,,0,,0,,1,9:12
Qwitter/Qwitter-Testing,https://github.com/Qwitter/Qwitter-Testing,Stress/scripts/trends.js,yes,,0,,0,,0,,1,8:12
Felipe-builder/k6s-study,https://github.com/Felipe-builder/k6s-study,modulo3/1.pratica.js,yes,,0,,0,,0,,0,
Felipe-builder/k6s-study,https://github.com/Felipe-builder/k6s-study,modulo3/4.pratica.js,yes,,0,,0,,0,,0,
Felipe-builder/k6s-study,https://github.com/Felipe-builder/k6s-study,modulo3/2.pratica.js,yes,,0,,0,,0,,0,
Felipe-builder/k6s-study,https://github.com/Felipe-builder/k6s-study,modulo2/6-metrics-2.js,yes,,0,,1,18:1,0,,1,7:14
Felipe-builder/k6s-study,https://github.com/Felipe-builder/k6s-study,modulo3/8.pratica.js,yes,,0,,0,,0,,0,
Felipe-builder/k6s-study,https://github.com/Felipe-builder/k6s-study,modulo2/5-metrics.js,yes,,0,,0,,0,,1,56:14
Felipe-builder/k6s-study,https://github.com/Felipe-builder/k6s-study,modulo2/9-groups.js,yes,,0,,0,,2,20:18; 27:18,0,
Felipe-builder/k6s-study,https://github.com/Felipe-builder/k6s-study,modulo2/7-thresholds.js,yes,,0,,0,,0,,0,
Felipe-builder/k6s-study,https://github.com/Felipe-builder/k6s-study,modulo2/12.2-scenarios.js,yes,,0,,0,,0,,1,37:14
Felipe-builder/k6s-study,https://github.com/Felipe-builder/k6s-study,modulo2/12.1-scenarios.js,yes,,0,,0,,0,,1,37:14
Felipe-builder/k6s-study,https://github.com/Felipe-builder/k6s-study,modulo2/12.3-scenarios.js,yes,,0,,0,,0,,1,38:14
Felipe-builder/k6s-study,https://github.com/Felipe-builder/k6s-study,modulo2/12.4-scenarios.js,yes,,0,,0,,0,,1,41:14
Felipe-builder/k6s-study,https://github.com/Felipe-builder/k6s-study,modulo3/5.pratica.js,yes,,0,,0,,0,,0,
Felipe-builder/k6s-study,https://github.com/Felipe-builder/k6s-study,modulo2/10-tags.js,yes,,0,,0,,0,,0,
Felipe-builder/k6s-study,https://github.com/Felipe-builder/k6s-study,modulo2/4-cheks.js,yes,,0,,0,,0,,1,6:14
Felipe-builder/k6s-study,https://github.com/Felipe-builder/k6s-study,modulo3/6.pratica.js,yes,,0,,2,42:17; 46:17,2,48:5; 50:5,1,18:14
Felipe-builder/k6s-study,https://github.com/Felipe-builder/k6s-study,modulo3/3.pratica.js,yes,,0,,0,,0,,0,
Felipe-builder/k6s-study,https://github.com/Felipe-builder/k6s-study,modulo2/11-env-variable.js,yes,,0,,0,,0,,0,
Felipe-builder/k6s-study,https://github.com/Felipe-builder/k6s-study,modulo2/8-modules.js,yes,,0,,0,,0,,1,6:14
Felipe-builder/k6s-study,https://github.com/Felipe-builder/k6s-study,modulo3/7.pratica.js,yes,,0,,0,,0,,0,
Felipe-builder/k6s-study,https://github.com/Felipe-builder/k6s-study,modulo1/5-aula/sugestion-test.js,yes,,0,,1,22:1,0,,0,
Felipe-builder/k6s-study,https://github.com/Felipe-builder/k6s-study,modulo1/5-aula/breakpoint_test.js,yes,,0,,1,36:1,0,,1,29:14
mountebank-testing/mountebank,https://github.com/mountebank-testing/mountebank,mbTest/perf/loadTest.js,yes,,0,,0,,0,,0,
arn-ob/script-load-testing,https://github.com/arn-ob/script-load-testing,specs/testing_v1/notice-service/hp-skill-notice-service-type-notice.js,yes,,0,,0,,0,,1,5:12
arn-ob/script-load-testing,https://github.com/arn-ob/script-load-testing,specs/parallel/academic/notice-indent-segment-101.js,yes,,0,,0,,0,,1,5:12
arn-ob/script-load-testing,https://github.com/arn-ob/script-load-testing,specs/others/order.js,yes,,1,16:17,0,,0,,1,20:12
arn-ob/script-load-testing,https://github.com/arn-ob/script-load-testing,specs/others/abcd.js,yes,,0,,0,,0,,1,34:14
arn-ob/script-load-testing,https://github.com/arn-ob/script-load-testing,specs/testing_v1/skillup-service/hp-skillup-premium-content.js,yes,,0,,0,,0,,1,5:12
arn-ob/script-load-testing,https://github.com/arn-ob/script-load-testing,specs/others/orderPurchase.js,yes,,1,22:17,0,,2,53:20; 88:27,1,26:12
arn-ob/script-load-testing,https://github.com/arn-ob/script-load-testing,specs/testing_v1/k12-course-service/hp-k12-course-program.js,yes,,0,,0,,0,,1,5:12
arn-ob/script-load-testing,https://github.com/arn-ob/script-load-testing,specs/parallel/academic/k12-routing-program-id.js,yes,,0,,0,,0,,1,5:12
arn-ob/script-load-testing,https://github.com/arn-ob/script-load-testing,specs/testing_v1/cart-service/hp-skill-cart-carts.js,yes,,0,,0,,0,,1,5:12
arn-ob/script-load-testing,https://github.com/arn-ob/script-load-testing,specs/parallel/academic/notices-indent-segment-142.js,yes,,0,,0,,0,,1,5:12
arn-ob/script-load-testing,https://github.com/arn-ob/script-load-testing,specs/testing_v1/getExamList.js,yes,,1,13:17,0,,0,,1,16:12
arn-ob/script-load-testing,https://github.com/arn-ob/script-load-testing,specs/others/k12enroll.js,yes,,1,15:17,0,,0,,1,19:12
arn-ob/script-load-testing,https://github.com/arn-ob/script-load-testing,specs/testing_v1/skillup-service/hp-skill-api-premium-content.js,yes,,0,,0,,0,,1,8:12
arn-ob/script-load-testing,https://github.com/arn-ob/script-load-testing,specs/testing_v1/discovery-service/discovery-program-free-product.js,yes,,0,,0,,0,,1,5:12
arn-ob/script-load-testing,https://github.com/arn-ob/script-load-testing,specs/others/comment-new.js,yes,,0,,0,,1,55:22,1,27:12
arn-ob/script-load-testing,https://github.com/arn-ob/script-load-testing,specs/parallel/homepage/discovery-tax-products-job.js,yes,,0,,0,,0,,1,5:12
arn-ob/script-load-testing,https://github.com/arn-ob/script-load-testing,specs/parallel/academic/k12-course-catalogs-product.js,yes,,0,,0,,0,,1,6:12
arn-ob/script-load-testing,https://github.com/arn-ob/script-load-testing,specs/parallel/academic/flow-vertical-k12.js,yes,,0,,0,,0,,1,7:12
arn-ob/script-load-testing,https://github.com/arn-ob/script-load-testing,specs/testing_v1/discovery-service/discovery-product-variants.js,yes,,0,,0,,0,,1,5:12
arn-ob/script-load-testing,https://github.com/arn-ob/script-load-testing,specs/parallel/lx-details/lx-details.js,yes,,0,,0,,0,,1,5:12
arn-ob/script-load-testing,https://github.com/arn-ob/script-load-testing,specs/testing_v1/cart-service/cart-service-carts.js,yes,,0,,0,,0,,1,5:12
arn-ob/script-load-testing,https://github.com/arn-ob/script-load-testing,specs/others/hudai.js,yes,,0,,0,,0,,1,12:12
arn-ob/script-load-testing,https://github.com/arn-ob/script-load-testing,specs/parallel/skill/discovery-program-free-product.js,yes,,0,,0,,0,,1,5:12
arn-ob/script-load-testing,https://github.com/arn-ob/script-load-testing,specs/others/superchat.js,yes,,1,18:18,0,,0,,1,22:12
arn-ob/script-load-testing,https://github.com/arn-ob/script-load-testing,specs/testing_v1/login.js,yes,,1,15:17,0,,2,55:28; 77:28,1,20:12
arn-ob/script-load-testing,https://github.com/arn-ob/script-load-testing,specs/parallel/skill/my-enrolments-platform-skill.js,yes,,0,,0,,0,,1,5:12
arn-ob/script-load-testing,https://github.com/arn-ob/script-load-testing,specs/testing_v1/discovery-service/hp-skill-discovery-products-ghore-boshe.js,yes,,0,,0,,0,,1,5:12
arn-ob/script-load-testing,https://github.com/arn-ob/script-load-testing,specs/testing_v1/k12-course-service/hp-k12-programe-batch_id.js,yes,,0,,0,,0,,1,5:12
arn-ob/script-load-testing,https://github.com/arn-ob/script-load-testing,specs/others/validate.js,yes,,1,22:17,0,,0,,1,6:12
arn-ob/script-load-testing,https://github.com/arn-ob/script-load-testing,specs/others/progress.js,yes,,0,,0,,0,,1,20:12
arn-ob/script-load-testing,https://github.com/arn-ob/script-load-testing,specs/parallel/skill/discovery-program-bundle-items.js,yes,,0,,0,,0,,1,5:12
arn-ob/script-load-testing,https://github.com/arn-ob/script-load-testing,specs/others/liveclass.js,yes,,1,26:17,0,,3,57:26; 83:36; 107:31,1,30:12
arn-ob/script-load-testing,https://github.com/arn-ob/script-load-testing,specs/others/getAccessToken.js,yes,,1,16:17,0,,0,,1,20:12
arn-ob/script-load-testing,https://github.com/arn-ob/script-load-testing,specs/others/enroll.js,yes,,1,17:17,0,,0,,1,21:12
arn-ob/script-load-testing,https://github.com/arn-ob/script-load-testing,specs/others/catalogPDP.js,yes,,0,,0,,0,,1,44:12
arn-ob/script-load-testing,https://github.com/arn-ob/script-load-testing,specs/testing_v1/notice-service/hp-skill-notice-service-notices-ind-segment.js,yes,,0,,0,,0,,1,5:12
arn-ob/script-load-testing,https://github.com/arn-ob/script-load-testing,specs/testing_v1/skillup-service/hp-skill-skill-courses-syllabus.js,yes,,0,,0,,0,,1,5:12
arn-ob/script-load-testing,https://github.com/arn-ob/script-load-testing,specs/testing_v1/k12-course-service/hp-k12-programs-enrolled.js,yes,,0,,0,,0,,1,5:12
arn-ob/script-load-testing,https://github.com/arn-ob/script-load-testing,specs/parallel/skill/hp-skill-skill-courses-syllabus.js,yes,,0,,0,,0,,1,5:12
arn-ob/script-load-testing,https://github.com/arn-ob/script-load-testing,specs/parallel/academic/my-enrolments-platform-k12.js,yes,,0,,0,,0,,1,5:12
arn-ob/script-load-testing,https://github.com/arn-ob/script-load-testing,specs/testing_v1/catalog-service/hp-skill-catalog-service-renewal-message.js,yes,,0,,0,,0,,1,5:12
arn-ob/script-load-testing,https://github.com/arn-ob/script-load-testing,specs/parallel/academic/discovery-tax-vertical-admission.js,yes,,0,,0,,0,,1,5:12
arn-ob/script-load-testing,https://github.com/arn-ob/script-load-testing,specs/others/orderPurchaseDup.js,yes,,1,22:17,1,37:1,2,52:20; 82:27,1,26:12
arn-ob/script-load-testing,https://github.com/arn-ob/script-load-testing,specs/testing_v1/k12-course-service/hp-k12-program-134-segments.js,yes,,0,,0,,0,,1,5:12
arn-ob/script-load-testing,https://github.com/arn-ob/script-load-testing,specs/testing_v1/notice-service/hp-skill-notice-ident-101.js,yes,,0,,0,,0,,1,5:12
arn-ob/script-load-testing,https://github.com/arn-ob/script-load-testing,specs/parallel/homepage/discovery-tax-products-skill.js,yes,,0,,0,,0,,1,5:12
arn-ob/script-load-testing,https://github.com/arn-ob/script-load-testing,specs/others/signup.js,yes,,0,,0,,3,60:21; 76:22; 84:21,1,14:12
arn-ob/script-load-testing,https://github.com/arn-ob/script-load-testing,specs/others/skill.js,yes,,0,,0,,0,,1,10:12
arn-ob/script-load-testing,https://github.com/arn-ob/script-load-testing,specs/others/routine.js,yes,,0,,0,,0,,1,19:12
arn-ob/script-load-testing,https://github.com/arn-ob/script-load-testing,specs/testing_v1/k12-course-service/hp-k12-routing-program-id.js,yes,,0,,0,,0,,1,5:12
arn-ob/script-load-testing,https://github.com/arn-ob/script-load-testing,specs/testing_v1/order-service/hp-order-service-order.js,yes,,0,,0,,0,,1,5:12
arn-ob/script-load-testing,https://github.com/arn-ob/script-load-testing,specs/testing_v1/discovery-service/hp-discovry-product-variants.js,yes,,0,,0,,0,,1,5:12
arn-ob/script-load-testing,https://github.com/arn-ob/script-load-testing,specs/others/getExamList.js,yes,,1,16:17,0,,0,,1,20:12
arn-ob/script-load-testing,https://github.com/arn-ob/script-load-testing,specs/others/catalog.js,yes,,1,16:17,0,,0,,1,20:12
arn-ob/script-load-testing,https://github.com/arn-ob/script-load-testing,specs/parallel/homepage/discovery-service-tax-skill.js,yes,,0,,0,,0,,1,6:12
arn-ob/script-load-testing,https://github.com/arn-ob/script-load-testing,specs/parallel/academic/discovery-tax-vertical-k12.js,yes,,0,,0,,0,,1,5:12
arn-ob/script-load-testing,https://github.com/arn-ob/script-load-testing,specs/others/getStartExam.js,yes,,1,16:17,0,,0,,1,20:12
arn-ob/script-load-testing,https://github.com/arn-ob/script-load-testing,specs/parallel/routing/k12-course-service-v2-routine.js,yes,,0,,0,,0,,1,5:12
arn-ob/script-load-testing,https://github.com/arn-ob/script-load-testing,specs/testing_v1/catalog-service/catalog-service-recommendations.js,yes,,0,,0,,0,,1,5:12
arn-ob/script-load-testing,https://github.com/arn-ob/script-load-testing,specs/parallel/homepage/discovery-tax-products-admission.js,yes,,0,,0,,0,,1,5:12
arn-ob/script-load-testing,https://github.com/arn-ob/script-load-testing,specs/others/comment.js,yes,,1,18:18,0,,0,,1,22:12
arn-ob/script-load-testing,https://github.com/arn-ob/script-load-testing,specs/others/routine2.js,yes,,0,,0,,0,,1,29:12
arn-ob/script-load-testing,https://github.com/arn-ob/script-load-testing,specs/parallel/academic/catalog-service-v2-renewal-message.js,yes,,0,,0,,0,,1,5:12
arn-ob/script-load-testing,https://github.com/arn-ob/script-load-testing,specs/others/conversation.js,yes,,1,14:17,0,,0,,1,18:12
arn-ob/script-load-testing,https://github.com/arn-ob/script-load-testing,specs/parallel/skill/skillup-courses-process.js,yes,,0,,0,,0,,1,5:12
arn-ob/script-load-testing,https://github.com/arn-ob/script-load-testing,specs/parallel/skill/discovery-product-variants.js,yes,,0,,0,,0,,1,5:12
arn-ob/script-load-testing,https://github.com/arn-ob/script-load-testing,specs/others/watch.js,yes,,0,,0,,0,,1,20:12
arn-ob/script-load-testing,https://github.com/arn-ob/script-load-testing,specs/testing_v1/catalog-service/hp-catalog-service-bundle-sku.js,yes,,0,,0,,0,,1,5:12
arn-ob/script-load-testing,https://github.com/arn-ob/script-load-testing,specs/parallel/routing/routing-custom-list.js,yes,,0,,0,,0,,1,5:12
arn-ob/script-load-testing,https://github.com/arn-ob/script-load-testing,specs/parallel/skill/catalog-service-recommendations.js,yes,,0,,0,,0,,1,5:12
arn-ob/script-load-testing,https://github.com/arn-ob/script-load-testing,specs/others/orderDup.js,yes,,1,16:17,0,,0,,1,20:12
arn-ob/script-load-testing,https://github.com/arn-ob/script-load-testing,specs/testing_v1/flow-service/hp-flow-service-flow-vertical-k12.js,yes,,0,,0,,0,,1,5:12
arn-ob/script-load-testing,https://github.com/arn-ob/script-load-testing,specs/testing_v1/k12-course-service/hp-k12-programe-admission.js,yes,,0,,0,,0,,1,5:12
arn-ob/script-load-testing,https://github.com/arn-ob/script-load-testing,specs/others/getStartExamStart.js,yes,,1,16:17,0,,0,,1,20:12
arn-ob/script-load-testing,https://github.com/arn-ob/script-load-testing,specs/testing_v1/discovery-service/hp-discovery-api-product-ssc-23.js,yes,,0,,0,,0,,1,5:12
arn-ob/script-load-testing,https://github.com/arn-ob/script-load-testing,specs/others/login.js,yes,,1,15:17,0,,2,51:28; 73:28,1,20:12
arn-ob/script-load-testing,https://github.com/arn-ob/script-load-testing,specs/testing_v1/skillup-service/hp-skill-instructior-limit.js,yes,,0,,0,,0,,1,5:12
arn-ob/script-load-testing,https://github.com/arn-ob/script-load-testing,specs/testing_v1/discovery-service/discovery-program.js,yes,,0,,0,,0,,1,5:12
arn-ob/script-load-testing,https://github.com/arn-ob/script-load-testing,specs/testing_v1/payment-service/hp-payment-init.js,yes,,0,,0,,0,,1,5:12
arn-ob/script-load-testing,https://github.com/arn-ob/script-load-testing,specs/others/skillEnroll.js,yes,,1,13:17,0,,0,,0,
arn-ob/script-load-testing,https://github.com/arn-ob/script-load-testing,specs/parallel/skill/cart-service-carts.js,yes,,0,,0,,0,,1,5:12
arn-ob/script-load-testing,https://github.com/arn-ob/script-load-testing,specs/test/test.js,yes,,0,,0,,0,,0,
ttu/securing-web-api,https://github.com/ttu/securing-web-api,scenarios/scenario_3.js,yes,,0,,0,,0,,1,25:14
ttu/securing-web-api,https://github.com/ttu/securing-web-api,scenarios/scenario_2.js,yes,,0,,0,,0,,1,29:14
ttu/securing-web-api,https://github.com/ttu/securing-web-api,scenarios/scenario_6.js,yes,,0,,0,,0,,1,22:14
ttu/securing-web-api,https://github.com/ttu/securing-web-api,scenarios/scenario_1.js,yes,,0,,0,,0,,1,33:14
ttu/securing-web-api,https://github.com/ttu/securing-web-api,scenarios/scenario_5.js,yes,,0,,0,,0,,1,21:14
ttu/securing-web-api,https://github.com/ttu/securing-web-api,scenarios/scenario_4.js,yes,,0,,0,,0,,1,25:14
ttu/securing-web-api,https://github.com/ttu/securing-web-api,scenarios/example_rate_limit.js,yes,,0,,0,,0,,1,20:14
ttu/securing-web-api,https://github.com/ttu/securing-web-api,scenarios/example_stale.js,yes,,0,,0,,0,,1,17:14
DFE-Digital/academies-api,https://github.com/DFE-Digital/academies-api,Dfe.Academies.Performance/scripts/v1/keyStagePerformance.js,yes,,0,,0,,0,,0,
DFE-Digital/academies-api,https://github.com/DFE-Digital/academies-api,Dfe.Academies.Performance/scripts/v3/trusts.js,yes,,0,,0,,0,,0,
DFE-Digital/academies-api,https://github.com/DFE-Digital/academies-api,Dfe.Academies.Performance/scripts/utils/utils.js,yes,,0,,0,,0,,0,
DFE-Digital/academies-api,https://github.com/DFE-Digital/academies-api,Dfe.Academies.Performance/scripts/v4/trusts.js,yes,,0,,0,,0,,0,
DFE-Digital/academies-api,https://github.com/DFE-Digital/academies-api,Dfe.Academies.Performance/scripts/v2/baselineTracker.js,yes,,0,,0,,0,,0,
DFE-Digital/academies-api,https://github.com/DFE-Digital/academies-api,Dfe.Academies.Performance/scripts/v4/establishments.js,yes,,0,,0,,0,,0,
DFE-Digital/academies-api,https://github.com/DFE-Digital/academies-api,Dfe.Academies.Performance/scripts/v2/fssProjects.js,yes,,0,,0,,0,,0,
hanghae-plus-5th/hhplus-e-commerce,https://github.com/hanghae-plus-5th/hhplus-e-commerce,k6/product/getTopProducts.js,yes,,0,,0,,0,,0,
hanghae-plus-5th/hhplus-e-commerce,https://github.com/hanghae-plus-5th/hhplus-e-commerce,k6/order/order.js,yes,,0,,0,,2,10:20; 33:15,0,
hanghae-plus-5th/hhplus-e-commerce,https://github.com/hanghae-plus-5th/hhplus-e-commerce,k6/user/getUserPoint.js,yes,,0,,0,,2,10:20; 24:15,0,
hanghae-plus-5th/hhplus-e-commerce,https://github.com/hanghae-plus-5th/hhplus-e-commerce,k6/user/pointCharge.js,yes,,0,,0,,2,10:20; 24:15,0,
hanghae-plus-5th/hhplus-e-commerce,https://github.com/hanghae-plus-5th/hhplus-e-commerce,k6/cart/addCart.js,yes,,0,,0,,2,10:20; 24:15,0,
hanghae-plus-5th/hhplus-e-commerce,https://github.com/hanghae-plus-5th/hhplus-e-commerce,k6/cart/getCart.js,yes,,0,,0,,2,10:20; 24:15,0,
hanghae-plus-5th/hhplus-e-commerce,https://github.com/hanghae-plus-5th/hhplus-e-commerce,k6/scenario/scenario.js,yes,,0,,0,,6,11:20; 25:13; 34:10; 38:10; 42:9; 55:9,0,
hanghae-plus-5th/hhplus-e-commerce,https://github.com/hanghae-plus-5th/hhplus-e-commerce,k6/product/getProduct.js,yes,,0,,0,,0,,0,
hanghae-plus-5th/hhplus-e-commerce,https://github.com/hanghae-plus-5th/hhplus-e-commerce,k6/product/getProducts.js,yes,,0,,0,,0,,0,
opencloud-eu/cdperf,https://github.com/opencloud-eu/cdperf,packages/k6-tdk/config/vitest.mocks.ts,yes,,0,,0,,0,,0,
opencloud-eu/cdperf,https://github.com/opencloud-eu/cdperf,packages/k6-tests/config/vitest.mocks.ts,yes,,0,,0,,0,,0,
KontonGu/HAS-GPU,https://github.com/KontonGu/HAS-GPU,konton_test/resnet/client/fn-k6.js,yes,,1,19:15,0,,0,,1,8:14
KontonGu/HAS-GPU,https://github.com/KontonGu/HAS-GPU,konton_test/resnet/client/k6.js,yes,,1,19:15,0,,0,,1,8:14
KontonGu/HAS-GPU,https://github.com/KontonGu/HAS-GPU,konton_test/resnet/client/fn-k6-test.js,yes,,1,18:15,0,,0,,1,10:14
KontonGu/HAS-GPU,https://github.com/KontonGu/HAS-GPU,konton_test/resnet/client/has_stage_burst.js,yes,,1,48:15,0,,0,,1,10:12
KontonGu/HAS-GPU,https://github.com/KontonGu/HAS-GPU,konton_test/resnet/client/has_random_burst.js,yes,,1,126:15,0,,0,,1,10:12
ngatiamwai/Shoppie,https://github.com/ngatiamwai/Shoppie,Shopify-backend/K6/breakpointTest.js,yes,,0,,1,12:1,0,,1,4:14
ngatiamwai/Shoppie,https://github.com/ngatiamwai/Shoppie,Shopify-backend/K6/smokeTest.js,yes,,0,,1,9:1,0,,1,4:14
ngatiamwai/Shoppie,https://github.com/ngatiamwai/Shoppie,Shopify-backend/K6/loadTest.js,yes,,0,,1,13:1,0,,1,4:14
LariGTonetto/QAm28,https://github.com/LariGTonetto/QAm28,requests/products.request.js,yes,,0,,0,,0,,0,
LariGTonetto/QAm28,https://github.com/LariGTonetto/QAm28,requests/user.request.js,yes,,0,,0,,0,,0,
LariGTonetto/QAm28,https://github.com/LariGTonetto/QAm28,requests/customers.request.js,yes,,0,,0,,0,,0,
LariGTonetto/QAm28,https://github.com/LariGTonetto/QAm28,requests/login.request.js,yes,,0,,0,,0,,0,
LariGTonetto/QAm28,https://github.com/LariGTonetto/QAm28,simulations/user.test.js,yes,,0,,0,,0,,0,
LariGTonetto/QAm28,https://github.com/LariGTonetto/QAm28,simulations/products.test.js,yes,,0,,0,,0,,0,
LariGTonetto/QAm28,https://github.com/LariGTonetto/QAm28,simulations/customers.test.js,yes,,0,,0,,0,,0,
MateusNeres26/EBAC-QA,https://github.com/MateusNeres26/EBAC-QA,Mod28/requests/products.request.js,yes,,0,,0,,0,,0,
MateusNeres26/EBAC-QA,https://github.com/MateusNeres26/EBAC-QA,Mod28/requests/user.request.js,yes,,0,,0,,0,,0,
MateusNeres26/EBAC-QA,https://github.com/MateusNeres26/EBAC-QA,Mod28/requests/customers.request.js,yes,,0,,0,,0,,0,
MateusNeres26/EBAC-QA,https://github.com/MateusNeres26/EBAC-QA,Mod28/requests/login.request.js,yes,,0,,0,,0,,0,
MateusNeres26/EBAC-QA,https://github.com/MateusNeres26/EBAC-QA,Mod28/simulations/user.test.js,yes,,0,,0,,0,,0,
MateusNeres26/EBAC-QA,https://github.com/MateusNeres26/EBAC-QA,Mod28/simulations/products.test.js,yes,,0,,0,,0,,0,
MateusNeres26/EBAC-QA,https://github.com/MateusNeres26/EBAC-QA,Mod28/simulations/customers.test.js,yes,,0,,0,,0,,0,
SaifAutomatron/k6,https://github.com/SaifAutomatron/k6,fundamentals/groups_tags.js,yes,,0,,0,,4,15:19; 19:13; 20:13; 26:9,0,
trangle-sioux/k6-performance,https://github.com/trangle-sioux/k6-performance,tests/section3/group/groups.js,yes,,0,,0,,4,15:19; 19:13; 20:13; 26:9,0,
trangle-sioux/k6-performance,https://github.com/trangle-sioux/k6-performance,tests/section6/k6-test-api.js,yes,,0,,0,,8,39:15; 56:11; 80:11; 96:11; 116:11; 132:11; 156:11; 178:11,0,
trangle-sioux/k6-performance,https://github.com/trangle-sioux/k6-performance,test-api.k6.io-0.0.5/k6_tests/ws_demo.js,yes,,0,,0,,0,,1,12:12
trangle-sioux/k6-performance,https://github.com/trangle-sioux/k6-performance,tests/section6/k6-test-api-tags.js,yes,,0,,0,,6,41:15; 61:11; 107:11; 149:11; 176:11; 201:11,0,
trangle-sioux/k6-performance,https://github.com/trangle-sioux/k6-performance,tests/browser.js,yes,,0,,0,,2,21:5; 32:5,1,4:14
trangle-sioux/k6-performance,https://github.com/trangle-sioux/k6-performance,my-test.js,yes,,0,,0,,0,,1,4:14
trangle-sioux/k6-performance,https://github.com/trangle-sioux/k6-performance,tests/section3/abort.js,yes,,0,,1,17:1,0,,1,5:14
trangle-sioux/k6-performance,https://github.com/trangle-sioux/k6-performance,tests/section4/http-get.js,yes,,0,,0,,2,6:15; 11:11,0,
trangle-sioux/k6-performance,https://github.com/trangle-sioux/k6-performance,tests/stages/my-test.js,yes,,0,,0,,0,,1,4:14
trangle-sioux/k6-performance,https://github.com/trangle-sioux/k6-performance,tests/section3/scenario.js,yes,,0,,0,,0,,0,
trangle-sioux/k6-performance,https://github.com/trangle-sioux/k6-performance,tests/section4/http-post.js,yes,,0,,0,,5,13:5; 23:15; 41:5; 50:11; 68:11,0,
trangle-sioux/k6-performance,https://github.com/trangle-sioux/k6-performance,tests/test-types/breakpoint-test.js,yes,,0,,1,13:1,0,,1,4:14
trangle-sioux/k6-performance,https://github.com/trangle-sioux/k6-performance,tests/section4/http-put.js,yes,,0,,0,,6,12:5; 22:15; 40:5; 49:11; 67:11; 81:11,0,
trangle-sioux/k6-performance,https://github.com/trangle-sioux/k6-performance,tests/section5/external-json.js,yes,,0,,0,,0,,0,
trangle-sioux/k6-performance,https://github.com/trangle-sioux/k6-performance,tests/section3/group/groups-duration-metric.js,yes,,0,,0,,4,16:19; 20:13; 21:13; 27:9,0,
trangle-sioux/k6-performance,https://github.com/trangle-sioux/k6-performance,tests/section3/custom-metrics.js,yes,,0,,1,17:1,2,18:15; 22:11,0,
trangle-sioux/k6-performance,https://github.com/trangle-sioux/k6-performance,tests/section6/specify-project.js,yes,,0,,1,12:1,0,,1,4:14
trangle-sioux/k6-performance,https://github.com/trangle-sioux/k6-performance,tests/section4/http-delete.js,yes,,0,,0,,8,12:5; 22:15; 40:5; 49:11; 67:11; 81:11; 98:11; 113:11,0,
trangle-sioux/k6-performance,https://github.com/trangle-sioux/k6-performance,tests/section6/first-script.js,yes,,0,,1,9:1,0,,1,4:14
trangle-sioux/k6-performance,https://github.com/trangle-sioux/k6-performance,tests/test-types/load-test.js,yes,,0,,1,21:1,3,22:5; 24:5; 26:5,1,4:14
trangle-sioux/k6-performance,https://github.com/trangle-sioux/k6-performance,tests/section4/http-patch.js,yes,,0,,0,,7,13:5; 23:15; 41:5; 50:11; 68:11; 82:11; 99:11,0,
trangle-sioux/k6-performance,https://github.com/trangle-sioux/k6-performance,tests/section5/random-sleep.js,yes,,0,,1,10:1,0,,1,5:14
trangle-sioux/k6-performance,https://github.com/trangle-sioux/k6-performance,tests/section3/lifecycle.js,yes,,0,,0,,0,,1,4:14
trangle-sioux/k6-performance,https://github.com/trangle-sioux/k6-performance,tests/test-types/stress-test.js,yes,,0,,1,21:1,3,22:5; 24:5; 26:5,1,4:14
trangle-sioux/k6-performance,https://github.com/trangle-sioux/k6-performance,tests/section5/random-item.js,yes,,0,,0,,2,8:15; 13:11,0,
trangle-sioux/k6-performance,https://github.com/trangle-sioux/k6-performance,tests/simple/my-test.js,yes,,0,,1,11:1,0,,1,4:14
trangle-sioux/k6-performance,https://github.com/trangle-sioux/k6-performance,tests/test-types/spike-test.js,yes,,0,,1,17:1,0,,1,4:14
trangle-sioux/k6-performance,https://github.com/trangle-sioux/k6-performance,tests/section3/expected-response.js,yes,,0,,0,,4,17:19; 21:13; 22:13; 28:9,0,
trangle-sioux/k6-performance,https://github.com/trangle-sioux/k6-performance,tests/section7/insecure-request.js,yes,,0,,1,6:1,0,,0,
trangle-sioux/k6-performance,https://github.com/trangle-sioux/k6-performance,tests/test-types/smoke-test.js,yes,,0,,1,9:1,3,10:5; 12:5; 14:5,1,4:14
trangle-sioux/k6-performance,https://github.com/trangle-sioux/k6-performance,tests/section3/tags/custom-tags.js,yes,,0,,0,,0,,0,
trangle-sioux/k6-performance,https://github.com/trangle-sioux/k6-performance,tests/test-types/soak-test.js,yes,,0,,1,21:1,3,22:5; 24:5; 26:5,1,4:14
inspire12/performance-testing-architecture,https://github.com/inspire12/performance-testing-architecture,k6-testing/js/week3/get-async.js,yes,,0,,0,,2,33:21; 36:3,1,8:12
inspire12/performance-testing-architecture,https://github.com/inspire12/performance-testing-architecture,k6-testing/js/week3/get-join.js,yes,,0,,0,,2,33:21; 36:3,1,8:12
inspire12/performance-testing-architecture,https://github.com/inspire12/performance-testing-architecture,k6-testing/js/week3/get-sync.js,yes,,0,,0,,2,33:21; 36:3,1,8:12
inspire12/performance-testing-architecture,https://github.com/inspire12/performance-testing-architecture,k6-testing/js/week1/get-test.js,yes,,0,,0,,2,33:21; 36:3,1,8:12
inspire12/performance-testing-architecture,https://github.com/inspire12/performance-testing-architecture,k6-testing/js/week1/load-test.js,yes,,0,,0,,4,58:21; 63:3; 69:3; 75:3,1,14:12
inspire12/performance-testing-architecture,https://github.com/inspire12/performance-testing-architecture,k6-testing/js/week1/get-test-local.js,yes,,0,,0,,2,33:21; 36:3,1,8:12
inspire12/performance-testing-architecture,https://github.com/inspire12/performance-testing-architecture,k6-testing/js/week1/load-test-local.js,yes,,0,,0,,4,58:21; 63:3; 69:3; 75:3,1,14:12
inspire12/performance-testing-architecture,https://github.com/inspire12/performance-testing-architecture,k6-testing/js/week2/get-test.js,yes,,0,,0,,2,33:21; 36:3,1,8:12
tmc/hackathon-starter,https://github.com/tmc/hackathon-starter,load-generation/basic-load-generation.js,yes,,0,,0,,0,,1,5:12
tmc/hackathon-starter,https://github.com/tmc/hackathon-starter,load-generation/basic-web-interaction.js,yes,,0,,0,,0,,1,4:12
tmc/d2labs,https://github.com/tmc/d2labs,load-generation/basic-load-generation.js,yes,,0,,0,,0,,1,5:12
tmc/d2labs,https://github.com/tmc/d2labs,load-generation/basic-web-interaction.js,yes,,0,,0,,0,,1,4:12
skgmfbs/ItHink,https://github.com/skgmfbs/ItHink,k6example/example/expected-response-initial-code.js,yes,,0,,0,,4,16:19; 20:13; 21:13; 27:9,0,
paulojr83/k6-typescript,https://github.com/paulojr83/k6-typescript,src/actions/user-management.actions.ts,yes,,0,,0,,0,,0,
paulojr83/k6-typescript,https://github.com/paulojr83/k6-typescript,src/tests/soak.test.ts,yes,,0,,0,,0,,0,
paulojr83/k6-typescript,https://github.com/paulojr83/k6-typescript,src/tests/create-crocs.seed.ts,yes,,0,,0,,0,,0,
woocommerce/woocommerce,https://github.com/woocommerce/woocommerce,plugins/woocommerce/tests/performance/requests/shopper/cart-remove-item.js,yes,,0,,0,,0,,0,
woocommerce/woocommerce,https://github.com/woocommerce/woocommerce,plugins/woocommerce/tests/performance/requests/api/orders.js,yes,,0,,0,,12,77:14; 85:3; 103:4; 117:4; 127:15; 135:4; 145:15; 153:4; 169:14; 177:3; 204:14; 214:3,0,
woocommerce/woocommerce,https://github.com/woocommerce/woocommerce,plugins/woocommerce/tests/performance/requests/shopper/my-account-orders.js,yes,,0,,0,,0,,0,
woocommerce/woocommerce,https://github.com/woocommerce/woocommerce,plugins/woocommerce/tests/performance/requests/merchant/orders-search.js,yes,,0,,0,,3,63:3; 78:3; 93:3,0,
woocommerce/woocommerce,https://github.com/woocommerce/woocommerce,plugins/woocommerce/tests/performance/requests/merchant/orders-heartbeat.js,yes,,0,,0,,4,67:4; 82:10; 100:14; 109:3,0,
woocommerce/woocommerce,https://github.com/woocommerce/woocommerce,plugins/woocommerce/tests/performance/requests/merchant/add-order.js,yes,,0,,0,,7,5:1; 5:1; 240:21; 447:21; 690:21; 848:20; 1035:20,0,
woocommerce/woocommerce,https://github.com/woocommerce/woocommerce,plugins/woocommerce/tests/performance/requests/shopper/my-account.js,yes,,0,,0,,3,74:14; 88:3; 109:3,0,
woocommerce/woocommerce,https://github.com/woocommerce/woocommerce,plugins/woocommerce/tests/performance/requests/shopper/shop-page.js,yes,,0,,0,,0,,0,
woocommerce/woocommerce,https://github.com/woocommerce/woocommerce,plugins/woocommerce/tests/performance/requests/shopper/cart.js,yes,,0,,0,,0,,0,
woocommerce/woocommerce,https://github.com/woocommerce/woocommerce,plugins/woocommerce/tests/performance/requests/shopper/category-page.js,yes,,0,,0,,0,,0,
woocommerce/woocommerce,https://github.com/woocommerce/woocommerce,plugins/woocommerce/tests/performance/requests/merchant/add-product.js,yes,,0,,0,,10,75:3; 159:4; 171:4; 184:4; 202:15; 227:4; 243:15; 256:4; 368:15; 376:4,0,
woocommerce/woocommerce,https://github.com/woocommerce/woocommerce,plugins/woocommerce/tests/performance/requests/merchant/home-wc-admin.js,yes,,0,,0,,7,53:3; 92:4; 104:4; 117:4; 142:4; 167:4; 194:4,0,
woocommerce/woocommerce,https://github.com/woocommerce/woocommerce,plugins/woocommerce/tests/performance/requests/merchant/orders.js,yes,,0,,0,,7,73:3; 117:4; 129:4; 142:4; 159:15; 167:4; 192:4,0,
woocommerce/woocommerce,https://github.com/woocommerce/woocommerce,plugins/woocommerce/tests/performance/requests/shopper/checkout-guest.js,yes,,0,,0,,2,88:26; 128:20,0,
woocommerce/woocommerce,https://github.com/woocommerce/woocommerce,plugins/woocommerce/tests/performance/requests/merchant/coupons.js,yes,,0,,0,,5,51:3; 95:3; 108:3; 123:14; 131:3,0,
woocommerce/woocommerce,https://github.com/woocommerce/woocommerce,plugins/woocommerce/tests/performance/requests/shopper/search-product.js,yes,,0,,0,,0,,0,
woocommerce/woocommerce,https://github.com/woocommerce/woocommerce,plugins/woocommerce/tests/performance/requests/shopper/checkout-customer-login.js,yes,,0,,0,,4,99:26; 139:20; 178:26; 218:20,0,
woocommerce/woocommerce,https://github.com/woocommerce/woocommerce,plugins/woocommerce/tests/performance/requests/merchant/products.js,yes,,0,,0,,6,51:3; 94:3; 106:3; 119:3; 134:14; 142:3,0,
woocommerce/woocommerce,https://github.com/woocommerce/woocommerce,plugins/woocommerce/tests/performance/requests/merchant/my-account-merchant.js,yes,,0,,0,,4,46:3; 71:14; 85:3; 108:3,0,
woocommerce/woocommerce,https://github.com/woocommerce/woocommerce,plugins/woocommerce/tests/performance/utils.js,yes,,0,,0,,2,26:2; 46:19,0,
woocommerce/woocommerce,https://github.com/woocommerce/woocommerce,plugins/woocommerce/tests/performance/requests/merchant/wp-login.js,yes,,0,,0,,3,44:3; 69:14; 83:3,0,
woocommerce/woocommerce,https://github.com/woocommerce/woocommerce,plugins/woocommerce/tests/performance/requests/shopper/single-product.js,yes,,0,,0,,0,,0,
woocommerce/woocommerce,https://github.com/woocommerce/woocommerce,plugins/woocommerce/tests/performance/requests/merchant/orders-filter.js,yes,,0,,0,,2,65:3; 79:3,0,
woocommerce/woocommerce,https://github.com/woocommerce/woocommerce,plugins/woocommerce/tests/performance/requests/shopper/home.js,yes,,0,,0,,0,,0,
woocommerce/woocommerce,https://github.com/woocommerce/woocommerce,plugins/woocommerce/tests/performance/requests/shopper/cart-apply-coupon.js,yes,,0,,0,,3,48:20; 111:20; 129:24,0,
woocommerce/woocommerce,https://github.com/woocommerce/woocommerce,plugins/woocommerce/tests/performance/setup/cart-checkout-shortcode.js,yes,,0,,0,,2,97:25; 98:29,0,
notmattpress/poocommerce,https://github.com/notmattpress/poocommerce,plugins/woocommerce/tests/performance/requests/shopper/cart-remove-item.js,yes,,0,,0,,0,,0,
notmattpress/poocommerce,https://github.com/notmattpress/poocommerce,plugins/woocommerce/tests/performance/requests/api/orders.js,yes,,0,,0,,12,77:14; 85:3; 103:4; 117:4; 127:15; 135:4; 145:15; 153:4; 169:14; 177:3; 204:14; 214:3,0,
notmattpress/poocommerce,https://github.com/notmattpress/poocommerce,plugins/woocommerce/tests/performance/requests/shopper/my-account-orders.js,yes,,0,,0,,0,,0,
notmattpress/poocommerce,https://github.com/notmattpress/poocommerce,plugins/woocommerce/tests/performance/requests/merchant/orders-search.js,yes,,0,,0,,3,63:3; 78:3; 93:3,0,
notmattpress/poocommerce,https://github.com/notmattpress/poocommerce,plugins/woocommerce/tests/performance/requests/merchant/orders-heartbeat.js,yes,,0,,0,,4,67:4; 82:10; 100:14; 109:3,0,
notmattpress/poocommerce,https://github.com/notmattpress/poocommerce,plugins/woocommerce/tests/performance/requests/merchant/add-order.js,yes,,0,,0,,7,5:1; 5:1; 240:21; 447:21; 690:21; 848:20; 1035:20,0,
notmattpress/poocommerce,https://github.com/notmattpress/poocommerce,plugins/woocommerce/tests/performance/requests/shopper/my-account.js,yes,,0,,0,,3,74:14; 88:3; 109:3,0,
notmattpress/poocommerce,https://github.com/notmattpress/poocommerce,plugins/woocommerce/tests/performance/requests/shopper/shop-page.js,yes,,0,,0,,0,,0,
notmattpress/poocommerce,https://github.com/notmattpress/poocommerce,plugins/woocommerce/tests/performance/requests/shopper/cart.js,yes,,0,,0,,0,,0,
notmattpress/poocommerce,https://github.com/notmattpress/poocommerce,plugins/woocommerce/tests/performance/requests/shopper/category-page.js,yes,,0,,0,,0,,0,
notmattpress/poocommerce,https://github.com/notmattpress/poocommerce,plugins/woocommerce/tests/performance/requests/shopper/home.js,yes,,0,,0,,0,,0,
notmattpress/poocommerce,https://github.com/notmattpress/poocommerce,plugins/woocommerce/tests/performance/requests/shopper/checkout-customer-login.js,yes,,0,,0,,4,99:26; 139:20; 178:26; 218:20,0,
notmattpress/poocommerce,https://github.com/notmattpress/poocommerce,plugins/woocommerce/tests/performance/requests/shopper/cart-apply-coupon.js,yes,,0,,0,,3,48:20; 111:20; 129:24,0,
notmattpress/poocommerce,https://github.com/notmattpress/poocommerce,plugins/woocommerce/tests/performance/requests/merchant/add-product.js,yes,,0,,0,,10,75:3; 159:4; 171:4; 184:4; 202:15; 227:4; 243:15; 256:4; 368:15; 376:4,0,
notmattpress/poocommerce,https://github.com/notmattpress/poocommerce,plugins/woocommerce/tests/performance/requests/merchant/products.js,yes,,0,,0,,6,51:3; 94:3; 106:3; 119:3; 134:14; 142:3,0,
notmattpress/poocommerce,https://github.com/notmattpress/poocommerce,plugins/woocommerce/tests/performance/requests/merchant/my-account-merchant.js,yes,,0,,0,,4,46:3; 71:14; 85:3; 108:3,0,
notmattpress/poocommerce,https://github.com/notmattpress/poocommerce,plugins/woocommerce/tests/performance/requests/shopper/checkout-guest.js,yes,,0,,0,,2,88:26; 128:20,0,
notmattpress/poocommerce,https://github.com/notmattpress/poocommerce,plugins/woocommerce/tests/performance/requests/shopper/single-product.js,yes,,0,,0,,0,,0,
notmattpress/poocommerce,https://github.com/notmattpress/poocommerce,plugins/woocommerce/tests/performance/utils.js,yes,,0,,0,,2,26:2; 46:19,0,
notmattpress/poocommerce,https://github.com/notmattpress/poocommerce,plugins/woocommerce/tests/performance/requests/merchant/orders-filter.js,yes,,0,,0,,2,65:3; 79:3,0,
notmattpress/poocommerce,https://github.com/notmattpress/poocommerce,plugins/woocommerce/tests/performance/requests/merchant/home-wc-admin.js,yes,,0,,0,,7,53:3; 92:4; 104:4; 117:4; 142:4; 167:4; 194:4,0,
notmattpress/poocommerce,https://github.com/notmattpress/poocommerce,plugins/woocommerce/tests/performance/requests/merchant/coupons.js,yes,,0,,0,,5,51:3; 95:3; 108:3; 123:14; 131:3,0,
notmattpress/poocommerce,https://github.com/notmattpress/poocommerce,plugins/woocommerce/tests/performance/requests/shopper/search-product.js,yes,,0,,0,,0,,0,
notmattpress/poocommerce,https://github.com/notmattpress/poocommerce,plugins/woocommerce/tests/performance/requests/merchant/orders.js,yes,,0,,0,,7,73:3; 117:4; 129:4; 142:4; 159:15; 167:4; 192:4,0,
notmattpress/poocommerce,https://github.com/notmattpress/poocommerce,plugins/woocommerce/tests/performance/requests/merchant/wp-login.js,yes,,0,,0,,3,44:3; 69:14; 83:3,0,
notmattpress/poocommerce,https://github.com/notmattpress/poocommerce,plugins/woocommerce/tests/performance/setup/cart-checkout-shortcode.js,yes,,0,,0,,2,97:25; 98:29,0,
UrumiAI/starshop,https://github.com/UrumiAI/starshop,plugins/woocommerce/tests/performance/requests/shopper/cart-remove-item.js,yes,,0,,0,,0,,0,
UrumiAI/starshop,https://github.com/UrumiAI/starshop,plugins/woocommerce/tests/performance/requests/api/orders.js,yes,,0,,0,,12,77:14; 85:3; 103:4; 117:4; 127:15; 135:4; 145:15; 153:4; 169:14; 177:3; 204:14; 214:3,0,
UrumiAI/starshop,https://github.com/UrumiAI/starshop,plugins/woocommerce/tests/performance/requests/shopper/my-account-orders.js,yes,,0,,0,,0,,0,
UrumiAI/starshop,https://github.com/UrumiAI/starshop,plugins/woocommerce/tests/performance/requests/merchant/orders-search.js,yes,,0,,0,,3,63:3; 78:3; 93:3,0,
UrumiAI/starshop,https://github.com/UrumiAI/starshop,plugins/woocommerce/tests/performance/requests/merchant/orders-heartbeat.js,yes,,0,,0,,4,67:4; 82:10; 100:14; 109:3,0,
UrumiAI/starshop,https://github.com/UrumiAI/starshop,plugins/woocommerce/tests/performance/requests/merchant/add-order.js,yes,,0,,0,,7,5:1; 5:1; 240:21; 447:21; 690:21; 848:20; 1035:20,0,
UrumiAI/starshop,https://github.com/UrumiAI/starshop,plugins/woocommerce/tests/performance/requests/shopper/my-account.js,yes,,0,,0,,3,74:14; 88:3; 109:3,0,
UrumiAI/starshop,https://github.com/UrumiAI/starshop,plugins/woocommerce/tests/performance/requests/shopper/shop-page.js,yes,,0,,0,,0,,0,
UrumiAI/starshop,https://github.com/UrumiAI/starshop,plugins/woocommerce/tests/performance/requests/shopper/cart.js,yes,,0,,0,,0,,0,
UrumiAI/starshop,https://github.com/UrumiAI/starshop,plugins/woocommerce/tests/performance/requests/shopper/category-page.js,yes,,0,,0,,0,,0,
UrumiAI/starshop,https://github.com/UrumiAI/starshop,plugins/woocommerce/tests/performance/requests/merchant/add-product.js,yes,,0,,0,,10,75:3; 159:4; 171:4; 184:4; 202:15; 227:4; 243:15; 256:4; 368:15; 376:4,0,
UrumiAI/starshop,https://github.com/UrumiAI/starshop,plugins/woocommerce/tests/performance/requests/merchant/home-wc-admin.js,yes,,0,,0,,7,53:3; 92:4; 104:4; 117:4; 142:4; 167:4; 194:4,0,
UrumiAI/starshop,https://github.com/UrumiAI/starshop,plugins/woocommerce/tests/performance/requests/merchant/orders.js,yes,,0,,0,,7,73:3; 117:4; 129:4; 142:4; 159:15; 167:4; 192:4,0,
UrumiAI/starshop,https://github.com/UrumiAI/starshop,plugins/woocommerce/tests/performance/requests/shopper/checkout-guest.js,yes,,0,,0,,2,88:26; 128:20,0,
UrumiAI/starshop,https://github.com/UrumiAI/starshop,plugins/woocommerce/tests/performance/requests/merchant/coupons.js,yes,,0,,0,,5,51:3; 95:3; 108:3; 123:14; 131:3,0,
UrumiAI/starshop,https://github.com/UrumiAI/starshop,plugins/woocommerce/tests/performance/requests/shopper/search-product.js,yes,,0,,0,,0,,0,
UrumiAI/starshop,https://github.com/UrumiAI/starshop,plugins/woocommerce/tests/performance/requests/shopper/checkout-customer-login.js,yes,,0,,0,,4,99:26; 139:20; 178:26; 218:20,0,
UrumiAI/starshop,https://github.com/UrumiAI/starshop,plugins/woocommerce/tests/performance/requests/merchant/products.js,yes,,0,,0,,6,51:3; 94:3; 106:3; 119:3; 134:14; 142:3,0,
UrumiAI/starshop,https://github.com/UrumiAI/starshop,plugins/woocommerce/tests/performance/requests/merchant/my-account-merchant.js,yes,,0,,0,,4,46:3; 71:14; 85:3; 108:3,0,
UrumiAI/starshop,https://github.com/UrumiAI/starshop,plugins/woocommerce/tests/performance/utils.js,yes,,0,,0,,2,26:2; 46:19,0,
UrumiAI/starshop,https://github.com/UrumiAI/starshop,plugins/woocommerce/tests/performance/requests/merchant/wp-login.js,yes,,0,,0,,3,44:3; 69:14; 83:3,0,
UrumiAI/starshop,https://github.com/UrumiAI/starshop,plugins/woocommerce/tests/performance/requests/shopper/single-product.js,yes,,0,,0,,0,,0,
UrumiAI/starshop,https://github.com/UrumiAI/starshop,plugins/woocommerce/tests/performance/requests/merchant/orders-filter.js,yes,,0,,0,,2,65:3; 79:3,0,
UrumiAI/starshop,https://github.com/UrumiAI/starshop,plugins/woocommerce/tests/performance/requests/shopper/home.js,yes,,0,,0,,0,,0,
UrumiAI/starshop,https://github.com/UrumiAI/starshop,plugins/woocommerce/tests/performance/requests/shopper/cart-apply-coupon.js,yes,,0,,0,,3,48:20; 111:20; 129:24,0,
UrumiAI/starshop,https://github.com/UrumiAI/starshop,plugins/woocommerce/tests/performance/setup/cart-checkout-shortcode.js,yes,,0,,0,,2,97:25; 98:29,0,
carlbray/mountebank,https://github.com/carlbray/mountebank,mbTest/perf/loadTest.js,yes,,0,,0,,0,,0,
ibnc/mountebankMongo,https://github.com/ibnc/mountebankMongo,test/perf/loadTest.js,yes,,0,,0,,0,,0,
any4ai/AnyCrawl,https://github.com/any4ai/AnyCrawl,scripts/k6.js,yes,,0,,0,,0,,0,
bcgov/healthgateway,https://github.com/bcgov/healthgateway,Testing/k6/covid/federalpvc/k6_pvcpdf.js,yes,,0,,1,36:1,6,41:5; 41:30; 45:33; 50:24; 76:24; 105:20,0,
bcgov/healthgateway,https://github.com/bcgov/healthgateway,Testing/k6/covid/vaccinecard/k6_card.js,yes,,0,,0,,3,40:29; 45:20; 66:20,0,
bcgov/healthgateway,https://github.com/bcgov/healthgateway,Testing/k6/inc/common.js,yes,,0,,0,,2,504:13; 509:17,0,
buildfarm/buildfarm,https://github.com/buildfarm/buildfarm,contrib/k6/missingblobs.js,yes,,0,,0,,0,,0,
buildfarm/buildfarm,https://github.com/buildfarm/buildfarm,contrib/k6/getcapabilities.js,yes,,0,,0,,0,,0,
s00d/nuxt-i18n-micro,https://github.com/s00d/nuxt-i18n-micro,k6-script.js,yes,,0,,0,,0,,0,
voluntarily/vly2,https://github.com/voluntarily/vly2,x/perf/k6/api_people.js,yes,,0,,0,,0,,0,
voluntarily/vly2,https://github.com/voluntarily/vly2,x/perf/k6/api_orgs.js,yes,,0,,0,,0,,0,
voluntarily/vly2,https://github.com/voluntarily/vly2,x/perf/k6/all.js,yes,,0,,0,,6,38:23; 48:5; 63:19; 74:19; 85:20; 87:32,0,
voluntarily/vly2,https://github.com/voluntarily/vly2,x/perf/k6/page_search.js,yes,,0,,0,,0,,0,
voluntarily/vly2,https://github.com/voluntarily/vly2,x/perf/k6/page_home.js,yes,,0,,0,,0,,0,
voluntarily/vly2,https://github.com/voluntarily/vly2,x/perf/k6/page_landing.js,yes,,0,,0,,0,,0,
voluntarily/vly2,https://github.com/voluntarily/vly2,x/perf/k6/api_health.js,yes,,0,,0,,0,,0,
firmansyah-github/quarkus-generated-test,https://github.com/firmansyah-github/quarkus-generated-test,src/main/k6/factor.articles.k6.collection.js,yes,,0,,0,,14,416:7; 421:7; 482:7; 487:7; 548:7; 553:7; 615:7; 620:7; 681:7; 686:7; 747:7; 752:7; 813:7; 818:7,1,15:12
firmansyah-github/quarkus-generated-test,https://github.com/firmansyah-github/quarkus-generated-test,src/main/k6/factor.tags.k6.collection.js,yes,,0,,0,,14,285:7; 290:7; 338:7; 343:7; 391:7; 396:7; 445:7; 450:7; 498:7; 503:7; 551:7; 556:7; 604:7; 609:7,1,15:12
firmansyah-github/quarkus-generated-test,https://github.com/firmansyah-github/quarkus-generated-test,src/main/k6/libs/shim/core.js,yes,,0,,0,,3,505:7; 518:9; 1261:5,1,241:23
firmansyah-github/quarkus-generated-test,https://github.com/firmansyah-github/quarkus-generated-test,src/main/k6/factor.favorite_relationship.k6.collection.js,yes,,0,,0,,14,493:7; 498:7; 544:7; 549:7; 595:7; 600:7; 647:7; 652:7; 698:7; 703:7; 749:7; 754:7; 800:7; 805:7,1,15:12
firmansyah-github/quarkus-generated-test,https://github.com/firmansyah-github/quarkus-generated-test,src/main/k6/factor.all.k6.collection.js,yes,,0,,0,,98,536:7; 541:7; 602:7; 607:7; 668:7; 673:7; 735:7; 740:7; 801:7; 806:7; 867:7; 872:7; 933:7; 938:7; 1363:7; 1368:7; 1424:7; 1429:7; 1485:7; 1490:7; 1547:7; 1552:7; 1608:7; 1613:7; 1669:7; 1674:7; 1730:7; 1735:7; 2112:7; 2117:7; 2163:7; 2168:7; 2214:7; 2219:7; 2266:7; 2271:7; 2317:7; 2322:7; 2368:7; 2373:7; 2419:7; 2424:7; 2718:7; 2723:7; 2769:7; 2774:7; 2820:7; 2825:7; 2872:7; 2877:7; 2923:7; 2928:7; 2974:7; 2979:7; 3025:7; 3030:7; 3389:7; 3394:7; 3440:7; 3445:7; 3491:7; 3496:7; 3543:7; 3548:7; 3594:7; 3599:7; 3645:7; 3650:7; 3696:7; 3701:7; 3860:7; 3865:7; 3913:7; 3918:7; 3966:7; 3971:7; 4020:7; 4025:7; 4073:7; 4078:7; 4126:7; 4131:7; 4179:7; 4184:7; 4385:7; 4390:7; 4446:7; 4451:7; 4507:7; 4512:7; 4569:7; 4574:7; 4630:7; 4635:7; 4691:7; 4696:7; 4752:7; 4757:7,1,16:12
firmansyah-github/quarkus-generated-test,https://github.com/firmansyah-github/quarkus-generated-test,src/main/k6/factor.user.k6.collection.js,yes,,0,,0,,0,,1,16:12
firmansyah-github/quarkus-generated-test,https://github.com/firmansyah-github/quarkus-generated-test,src/main/k6/factor.follow_relationship.k6.collection.js,yes,,0,,0,,14,420:7; 425:7; 471:7; 476:7; 522:7; 527:7; 574:7; 579:7; 625:7; 630:7; 676:7; 681:7; 727:7; 732:7,1,15:12
firmansyah-github/quarkus-generated-test,https://github.com/firmansyah-github/quarkus-generated-test,src/main/k6/factor.tag_relationship.k6.collection.js,yes,,0,,0,,14,485:7; 490:7; 536:7; 541:7; 587:7; 592:7; 639:7; 644:7; 690:7; 695:7; 741:7; 746:7; 792:7; 797:7,1,15:12
firmansyah-github/quarkus-generated-test,https://github.com/firmansyah-github/quarkus-generated-test,src/main/k6/factor.comments.k6.collection.js,yes,,0,,0,,14,536:7; 541:7; 597:7; 602:7; 658:7; 663:7; 720:7; 725:7; 781:7; 786:7; 842:7; 847:7; 903:7; 908:7,1,15:12
firmansyah-github/quarkus-generated-test,https://github.com/firmansyah-github/quarkus-generated-test,src/main/k6/factor.users.k6.collection.js,yes,,0,,0,,14,325:7; 330:7; 386:7; 391:7; 447:7; 452:7; 509:7; 514:7; 570:7; 575:7; 631:7; 636:7; 692:7; 697:7,1,15:12
habyyb/CD-AdvancedDigitalIQ,https://github.com/habyyb/CD-AdvancedDigitalIQ,src/loadgenerator/K6_performance.js,yes,,0,,0,,4,188:21; 194:24; 200:32; 213:30,0,
chankoo/load-testing-practices,https://github.com/chankoo/load-testing-practices,k6/k6-script-chat.js,yes,,0,,0,,0,,1,6:12
chankoo/load-testing-practices,https://github.com/chankoo/load-testing-practices,k6/k6-script-short-link.js,yes,,0,,0,,4,19:22; 20:24; 39:21; 40:23,1,4:12
chankoo/load-testing-practices,https://github.com/chankoo/load-testing-practices,k6/k6-script.js,yes,,0,,0,,2,25:22; 26:24,1,5:12
kithekadk/Employee-management-system,https://github.com/kithekadk/Employee-management-system,backend/src/k6_performance/smoketest.js,yes,,0,,1,12:1,0,,0,
Interstellarss/faas-share-test,https://github.com/Interstellarss/faas-share-test,profiling/k6-c.js,yes,,1,64:17,0,,0,,1,9:14
Interstellarss/faas-share-test,https://github.com/Interstellarss/faas-share-test,profiling/advanced-k6.js,yes,,0,,2,52:17; 57:17,0,,0,
Interstellarss/faas-share-test,https://github.com/Interstellarss/faas-share-test,profiling/k6-tmp.js,yes,,1,108:17,5,125:17; 129:17; 133:17; 137:17; 141:17,0,,0,
Interstellarss/faas-share-test,https://github.com/Interstellarss/faas-share-test,profiling/k6-tmp4.js,yes,,1,110:17,5,127:17; 131:17; 135:17; 139:17; 143:17,0,,0,
Interstellarss/faas-share-test,https://github.com/Interstellarss/faas-share-test,profiling/k6-tmp2.js,yes,,1,134:17,5,151:17; 155:17; 159:17; 163:17; 167:17,0,,1,5:14
Interstellarss/faas-share-test,https://github.com/Interstellarss/faas-share-test,profiling/k6-paddle.js,yes,,1,35:17,0,,0,,1,9:14
Interstellarss/faas-share-test,https://github.com/Interstellarss/faas-share-test,profiling/k6-tmp3.js,yes,,1,140:17,5,157:17; 161:17; 165:17; 169:17; 173:17,0,,0,
Interstellarss/faas-share-test,https://github.com/Interstellarss/faas-share-test,MLPerf-based-workloads/resnet/client/k6.js,yes,,1,19:15,0,,0,,1,8:14
Interstellarss/faas-share-test,https://github.com/Interstellarss/faas-share-test,MLPerf-based-workloads/rnnt/client/k6-rnnt.js,yes,,1,19:18,0,,0,,1,8:14
Interstellarss/faas-share-test,https://github.com/Interstellarss/faas-share-test,profiling/k6_pod_group.js,yes,,0,,0,,3,36:11; 39:11; 42:11,0,
Interstellarss/faas-share-test,https://github.com/Interstellarss/faas-share-test,profiling/k6-mps.js,yes,,1,64:17,0,,0,,1,9:14
Interstellarss/faas-share-test,https://github.com/Interstellarss/faas-share-test,profiling/k6-gemini.js,yes,,0,,1,14:1,0,,1,5:14
Interstellarss/faas-share-test,https://github.com/Interstellarss/faas-share-test,MLPerf-based-workloads/retinanet/client/k6.js,yes,,1,19:15,0,,0,,1,8:14
Interstellarss/faas-share-test,https://github.com/Interstellarss/faas-share-test,profiling/k6_shuffle.js,yes,,0,,1,15:1,0,,1,8:14
Interstellarss/faas-share-test,https://github.com/Interstellarss/faas-share-test,profiling/k6_pod.js,yes,,0,,1,26:1,0,,1,7:14
Interstellarss/faas-share-test,https://github.com/Interstellarss/faas-share-test,ResNet/request/k6.js,yes,,1,19:15,0,,0,,1,8:14
Interstellarss/faas-share-test,https://github.com/Interstellarss/faas-share-test,MLPerf-based-workloads/3dunet/client/k6-3dunet.js,yes,,1,20:16,0,,0,,1,8:14
truonghd113hd/testCI,https://github.com/truonghd113hd/testCI,scripts/authFlow.js,yes,,0,,0,,1,218:17,0,
truonghd113hd/testCI,https://github.com/truonghd113hd/testCI,scripts/UAT-Zenia.js,yes,,0,,0,,2,107:18; 156:20,0,
truonghd113hd/testCI,https://github.com/truonghd113hd/testCI,scripts/health-check.js,yes,,0,,0,,2,20:19; 32:27,1,4:14
truonghd113hd/testCI,https://github.com/truonghd113hd/testCI,scripts/authFlowNextJS.js,yes,,0,,0,,3,50:23; 77:25; 99:23,0,
truonghd113hd/testCI,https://github.com/truonghd113hd/testCI,scripts/single-user-test.js,yes,,0,,0,,2,37:26; 64:27,0,
truonghd113hd/testCI,https://github.com/truonghd113hd/testCI,scripts/light-test-nextjs.js,yes,,0,,0,,0,,0,
truonghd113hd/testCI,https://github.com/truonghd113hd/testCI,scripts/ci-test.js,yes,,0,,0,,3,36:22; 74:26; 101:25,0,
truonghd113hd/testCI,https://github.com/truonghd113hd/testCI,scripts/advanced-test-UAT-Zenia.js,yes,,0,,0,,0,,0,
truonghd113hd/testCI,https://github.com/truonghd113hd/testCI,scripts/advanced-test.js,yes,,0,,0,,3,51:19; 82:22; 160:25,0,
truonghd113hd/testCI,https://github.com/truonghd113hd/testCI,src/modules/__tests__/LoadTest/script.js,yes,,0,,0,,3,25:20; 54:24; 67:23,0,
truonghd113hd/testCI,https://github.com/truonghd113hd/testCI,scripts/cloud-test.js,yes,,0,,0,,2,36:21; 43:5,0,
henriquescarv/cromoswap-be,https://github.com/henriquescarv/cromoswap-be,validations/k6/auth-flux.js,yes,,0,,0,,2,36:23; 51:20,1,5:12
henriquescarv/cromoswap-be,https://github.com/henriquescarv/cromoswap-be,validations/k6/home-screen.js,yes,,0,,0,,1,30:17,1,4:12
henriquescarv/cromoswap-be,https://github.com/henriquescarv/cromoswap-be,validations/k6/user-profile.js,yes,,0,,0,,4,25:20; 32:24; 40:22; 55:24,1,6:12
henriquescarv/cromoswap-be,https://github.com/henriquescarv/cromoswap-be,validations/k6/album-screen.js,yes,,0,,0,,2,21:25; 72:31,1,4:12
govuk-one-login/performance-testing,https://github.com/govuk-one-login/performance-testing,deploy/scripts/src/mobile/sts/utils/assertions.ts,yes,,0,,0,,0,,0,
govuk-one-login/performance-testing,https://github.com/govuk-one-login/performance-testing,deploy/scripts/src/cri-orange/address.ts,yes,,0,,0,,0,,0,
govuk-one-login/performance-testing,https://github.com/govuk-one-login/performance-testing,deploy/scripts/src/mobile/testSteps/frontend.ts,yes,,0,,0,,0,,0,
govuk-one-login/performance-testing,https://github.com/govuk-one-login/performance-testing,deploy/scripts/src/fraud/ticf.ts,yes,,0,,0,,0,,0,
govuk-one-login/performance-testing,https://github.com/govuk-one-login/performance-testing,deploy/scripts/src/cri-kiwi/ipvr.ts,yes,,0,,0,,0,,0,
govuk-one-login/performance-testing,https://github.com/govuk-one-login/performance-testing,deploy/scripts/src/mobile/status-list/utils/issueResponseValidation.ts,yes,,0,,0,,0,,0,
govuk-one-login/performance-testing,https://github.com/govuk-one-login/performance-testing,deploy/scripts/src/mobile/testSteps/backend.ts,yes,,0,,0,,0,,0,
govuk-one-login/performance-testing,https://github.com/govuk-one-login/performance-testing,deploy/scripts/src/examples/dev-platform.ts,yes,,0,,0,,0,,0,
govuk-one-login/performance-testing,https://github.com/govuk-one-login/performance-testing,deploy/scripts/src/cri-kiwi/f2f-cic.ts,yes,,0,,0,,0,,0,
govuk-one-login/performance-testing,https://github.com/govuk-one-login/performance-testing,deploy/scripts/src/cri-lime/hmrc-kbv.ts,yes,,0,,0,,0,,0,
govuk-one-login/performance-testing,https://github.com/govuk-one-login/performance-testing,deploy/scripts/src/cri-kiwi/utils/authorization.ts,yes,,0,,0,,0,,0,
govuk-one-login/performance-testing,https://github.com/govuk-one-login/performance-testing,deploy/scripts/src/bravo/vc-storage.ts,yes,,0,,0,,0,,0,
govuk-one-login/performance-testing,https://github.com/govuk-one-login/performance-testing,deploy/scripts/src/common/utils/authorization/authorization.ts,yes,,0,,0,,0,,0,
govuk-one-login/performance-testing,https://github.com/govuk-one-login/performance-testing,deploy/scripts/src/common/utils/checks/assertions.ts,yes,,0,,0,,0,,0,
govuk-one-login/performance-testing,https://github.com/govuk-one-login/performance-testing,deploy/scripts/src/common/utils/request/timing.ts,yes,,0,,0,,0,,0,
govuk-one-login/performance-testing,https://github.com/govuk-one-login/performance-testing,deploy/scripts/src/common/utils/sleep/sleepBetween.ts,yes,,0,,0,,0,,0,
govuk-one-login/performance-testing,https://github.com/govuk-one-login/performance-testing,deploy/scripts/src/mobile/utils/assertions.ts,yes,,0,,0,,0,,0,
govuk-one-login/performance-testing,https://github.com/govuk-one-login/performance-testing,deploy/scripts/src/common/unit-tests.ts,yes,,0,,0,,0,,0,
govuk-one-login/performance-testing,https://github.com/govuk-one-login/performance-testing,deploy/scripts/src/mobile/utils/test-client.ts,yes,,0,,0,,0,,0,
govuk-one-login/performance-testing,https://github.com/govuk-one-login/performance-testing,deploy/scripts/src/mobile/backend-e2e.test.ts,yes,,0,,0,,0,,0,
govuk-one-login/performance-testing,https://github.com/govuk-one-login/performance-testing,deploy/scripts/src/cimit/test.ts,yes,,0,,0,,0,,0,
govuk-one-login/performance-testing,https://github.com/govuk-one-login/performance-testing,deploy/scripts/src/fraud/test.ts,yes,,0,,0,,0,,0,
govuk-one-login/performance-testing,https://github.com/govuk-one-login/performance-testing,deploy/scripts/src/authentication/test.ts,yes,,0,,0,,0,,0,
govuk-one-login/performance-testing,https://github.com/govuk-one-login/performance-testing,deploy/scripts/src/common/test.ts,yes,,0,,0,,0,,0,
govuk-one-login/performance-testing,https://github.com/govuk-one-login/performance-testing,deploy/scripts/src/mobile/frontend-e2e.test.ts,yes,,0,,0,,0,,0,
govuk-one-login/performance-testing,https://github.com/govuk-one-login/performance-testing,deploy/scripts/src/sis/test.ts,yes,,0,,0,,0,,0,
govuk-one-login/performance-testing,https://github.com/govuk-one-login/performance-testing,deploy/scripts/src/olh/test.ts,yes,,0,,0,,0,,0,
govuk-one-login/performance-testing,https://github.com/govuk-one-login/performance-testing,deploy/scripts/src/mobile/fe-be-combine-e2e.test.ts,yes,,0,,0,,0,,0,
LukhasAI/Lukhas,https://github.com/LukhasAI/Lukhas,load/spike.js,yes,,0,,0,,0,,0,
TQS-03/deti-tqs-03,https://github.com/TQS-03/deti-tqs-03,loadTests/reserveStation.js,yes,,0,,0,,2,40:19; 87:22,0,
TQS-03/deti-tqs-03,https://github.com/TQS-03/deti-tqs-03,loadTests/createStation.js,yes,,0,,0,,0,,0,
TQS-03/deti-tqs-03,https://github.com/TQS-03/deti-tqs-03,loadTests/addUser.js,yes,,0,,0,,0,,0,
likesistemas/nginx,https://github.com/likesistemas/nginx,k6/index.js,yes,,0,,0,,2,30:3; 30:9,0,
weaviate/xk6-weaviate,https://github.com/weaviate/xk6-weaviate,examples/object-operations.js,yes,,0,,0,,9,78:7; 106:5; 133:5; 144:5; 155:5; 179:5; 191:5; 200:7; 213:5,0,
weaviate/xk6-weaviate,https://github.com/weaviate/xk6-weaviate,examples/client-config.js,yes,,0,,0,,0,,0,
weaviate/xk6-weaviate,https://github.com/weaviate/xk6-weaviate,examples/batch-operations.js,yes,,0,,0,,0,,0,
mattbdean/Helium,https://github.com/mattbdean/Helium,load-testing/src/index.ts,yes,,0,,0,,0,,0,
mattbdean/Helium,https://github.com/mattbdean/Helium,load-testing/scenarios/default.js,yes,,0,,1,35:1,8,12:5; 27:28; 30:28; 38:30; 48:31; 52:15; 56:30; 77:19,0,
claranceliberi/stress-test-vm,https://github.com/claranceliberi/stress-test-vm,stress.js,yes,,0,,0,,0,,0,
elrison/teste-desempenho-teastore,https://github.com/elrison/teste-desempenho-teastore,k6-teastore/teste-carga-simples.js,yes,,0,,0,,0,,1,12:14
elrison/teste-desempenho-teastore,https://github.com/elrison/teste-desempenho-teastore,k6-teastore/cenario-100-vus.js,yes,,0,,0,,6,13:23; 16:25; 24:22; 27:26; 30:25; 35:26,1,6:14
elrison/teste-desempenho-teastore,https://github.com/elrison/teste-desempenho-teastore,k6-teastore/cenario-500-vus.js,yes,,0,,0,,6,13:23; 16:25; 24:22; 27:26; 30:25; 35:26,1,6:14
elrison/teste-desempenho-teastore,https://github.com/elrison/teste-desempenho-teastore,k6-teastore/cenario-1000-vus.js,yes,,0,,0,,6,13:23; 16:25; 24:22; 27:26; 30:25; 35:26,1,6:14
elrison/teste-desempenho-teastore,https://github.com/elrison/teste-desempenho-teastore,k6-teastore/cenarios-complexos.js,yes,,0,,0,,6,13:23; 16:25; 24:22; 27:26; 30:25; 35:26,1,6:14
Kong/kong_ai_gateway-portkey-litellm-benchmark,https://github.com/Kong/kong_ai_gateway-portkey-litellm-benchmark,k6/wiremock.js,yes,,0,,0,,2,27:11; 30:5,1,6:14
Kong/kong_ai_gateway-portkey-litellm-benchmark,https://github.com/Kong/kong_ai_gateway-portkey-litellm-benchmark,k6/portkey.js,yes,,0,,0,,2,37:11; 40:5,1,6:14
Kong/kong_ai_gateway-portkey-litellm-benchmark,https://github.com/Kong/kong_ai_gateway-portkey-litellm-benchmark,k6/kong.js,yes,,0,,0,,2,30:9; 32:3,1,6:14
Kong/kong_ai_gateway-portkey-litellm-benchmark,https://github.com/Kong/kong_ai_gateway-portkey-litellm-benchmark,k6/litellm.js,yes,,0,,0,,2,31:11; 35:5,1,6:14
gthaka/k6-basic-auth-sample,https://github.com/gthaka/k6-basic-auth-sample,script.js,yes,,0,,0,,0,,0,
usesofia/research-golang-and-postgres-performance,https://github.com/usesofia/research-golang-and-postgres-performance,populate.js,yes,,0,,0,,3,38:24; 138:24; 178:24,1,5:14
usesofia/research-golang-and-postgres-performance,https://github.com/usesofia/research-golang-and-postgres-performance,cash-flow.js,yes,,0,,1,13:1,0,,1,5:14
kjspo56/roma-board,https://github.com/kjspo56/roma-board,backend/scripts/sample.js,yes,,0,,1,20:1,0,,1,4:14
Maverick0351a/oscillinklatticedb,https://github.com/Maverick0351a/oscillinklatticedb,bench/k6_route_compose.js,yes,,0,,1,12:1,2,13:14; 16:3,1,4:14
cjchanx/SENG533-Project,https://github.com/cjchanx/SENG533-Project,cleanup.js,yes,,0,,1,10:1,0,,1,4:14
cjchanx/SENG533-Project,https://github.com/cjchanx/SENG533-Project,test_get.js,yes,,0,,1,10:1,0,,1,4:14
cjchanx/SENG533-Project,https://github.com/cjchanx/SENG533-Project,test_post.js,yes,,0,,1,10:1,0,,1,4:14
TheMech4nic/Multi_Vendor_Data_Fetch,https://github.com/TheMech4nic/Multi_Vendor_Data_Fetch,loadtest/script.js,yes,,0,,0,,2,50:19; 83:21,0,
CrispinManda/Talky-the-Project.,https://github.com/CrispinManda/Talky-the-Project.,backend/src/k6_performance/getprojects.js,yes,,0,,1,9:1,0,,1,4:14
CrispinManda/Talky-the-Project.,https://github.com/CrispinManda/Talky-the-Project.,backend/src/k6_performance/script.js,yes,,0,,1,4:1,0,,0,
CrispinManda/Talky-the-Project.,https://github.com/CrispinManda/Talky-the-Project.,backend/src/k6_performance/spiketest.js,yes,,0,,1,15:1,0,,0,
CrispinManda/Talky-the-Project.,https://github.com/CrispinManda/Talky-the-Project.,backend/src/k6_performance/login_user.js,yes,,0,,0,,0,,1,4:14
CrispinManda/Talky-the-Project.,https://github.com/CrispinManda/Talky-the-Project.,backend/src/k6_performance/stresstest.js,yes,,0,,1,17:1,0,,0,
CrispinManda/Talky-the-Project.,https://github.com/CrispinManda/Talky-the-Project.,backend/src/k6_performance/register_user.js,yes,,0,,0,,0,,1,4:14
CrispinManda/Talky-the-Project.,https://github.com/CrispinManda/Talky-the-Project.,backend/src/k6_performance/smoketest.js,yes,,0,,1,12:1,0,,0,
rpp32-sdc-sand/SanDC,https://github.com/rpp32-sdc-sand/SanDC,sdc/sdc-overview/qnaDb/qnaTests/postAnsTest.js,yes,,0,,0,,0,,1,4:12
getcord/cord,https://github.com/getcord/cord,ops/aws/src/radical-stack/ec2/zero.ts,yes,,0,,0,,0,,0,
getcord/cord,https://github.com/getcord/cord,scripts/load_test/load_test.cjs,yes,,0,,0,,0,,0,
gabrielnascimento2048/k6_pipeline_azure_devOps,https://github.com/gabrielnascimento2048/k6_pipeline_azure_devOps,scenarios/script.js,yes,,0,,0,,0,,0,
ethanshi2026/Dr_Lin_Class,https://github.com/ethanshi2026/Dr_Lin_Class,exercise_11/load/k6/coach_scenario_debug.js,yes,,0,,1,12:1,0,,1,4:12
ethanshi2026/Dr_Lin_Class,https://github.com/ethanshi2026/Dr_Lin_Class,exercise_11/load/k6/coach_scenario.js,yes,,0,,1,12:1,0,,1,4:12
rickdgeerling/nestjs-library,https://github.com/rickdgeerling/nestjs-library,k6/browse-books.js,yes,,0,,1,11:1,9,13:15; 24:3; 25:16; 31:7; 37:7; 41:7; 44:7; 52:7; 55:7,1,5:14
saint1991/samples,https://github.com/saint1991/samples,k6/src/libs/apis/schema.ts,yes,,0,,0,,0,,0,
Gapminder/small-waffle,https://github.com/Gapminder/small-waffle,load-testing/browser-based.js,yes,,0,,0,,0,,0,
f-lab-edu/baller,https://github.com/f-lab-edu/baller,script/k6/script.js,yes,,0,,0,,0,,1,5:12
f-lab-edu/baller,https://github.com/f-lab-edu/baller,script/k6/sse-test.js,yes,,0,,0,,0,,1,4:14
f-lab-edu/baller,https://github.com/f-lab-edu/baller,script/k6/polling-test.js,yes,,0,,0,,0,,1,4:14
ONLYOFFICE/DocSpace-stress-tests,https://github.com/ONLYOFFICE/DocSpace-stress-tests,FolderMy/openedit.js,yes,,0,,0,,3,86:9; 104:17; 114:5,1,15:14
ONLYOFFICE/DocSpace-stress-tests,https://github.com/ONLYOFFICE/DocSpace-stress-tests,Rooms/CRUD.js,yes,,0,,0,,0,,0,
ONLYOFFICE/DocSpace-stress-tests,https://github.com/ONLYOFFICE/DocSpace-stress-tests,FolderMy/file.js,yes,,0,,0,,0,,1,10:14
ONLYOFFICE/DocSpace-stress-tests,https://github.com/ONLYOFFICE/DocSpace-stress-tests,FolderMy/folder.js,yes,,0,,0,,0,,1,11:14
ONLYOFFICE/DocSpace-stress-tests,https://github.com/ONLYOFFICE/DocSpace-stress-tests,FolderMy/filehandler.js,yes,,0,,0,,0,,0,
ONLYOFFICE/DocSpace-stress-tests,https://github.com/ONLYOFFICE/DocSpace-stress-tests,FolderMy/CRUD.js,yes,,0,,0,,0,,0,
RemoteState/load-testing-tutorial,https://github.com/RemoteState/load-testing-tutorial,performanceTests/singleAPILoadTest.js,yes,,0,,0,,0,,0,
RemoteState/load-testing-tutorial,https://github.com/RemoteState/load-testing-tutorial,performanceTests/groupLoadTest.js,yes,,0,,0,,2,29:23; 41:23,0,
Umbra-Team/Umbra,https://github.com/Umbra-Team/Umbra,load-testing/api-crud-operations-k6.js,yes,,0,,1,51:1,5,61:15; 81:28; 94:18; 111:28; 123:28,1,4:14
TRSAlliance/trs-obsidian,https://github.com/TRSAlliance/trs-obsidian,load.k6.js,yes,,0,,0,,0,,1,6:14
ducnt114/go-getting-started,https://github.com/ducnt114/go-getting-started,loadtest.js,yes,,0,,0,,0,,1,5:12
JBxrajas/k6-performance-tests,https://github.com/JBxrajas/k6-performance-tests,examples/03-checks.js,yes,,0,,0,,0,,1,4:14
JBxrajas/k6-performance-tests,https://github.com/JBxrajas/k6-performance-tests,exercises/exercise-3.js,yes,,0,,0,,0,,0,
JBxrajas/k6-performance-tests,https://github.com/JBxrajas/k6-performance-tests,examples/01-ramp.js,yes,,0,,1,15:1,0,,1,7:14
JBxrajas/k6-performance-tests,https://github.com/JBxrajas/k6-performance-tests,exercises/exercise-2.js,yes,,0,,0,,4,59:22; 74:27; 89:26; 96:30,0,
JBxrajas/k6-performance-tests,https://github.com/JBxrajas/k6-performance-tests,examples/05-stages.js,yes,,0,,1,19:1,0,,0,
JBxrajas/k6-performance-tests,https://github.com/JBxrajas/k6-performance-tests,examples/04-thresholds.js,yes,,0,,1,24:1,0,,0,
JBxrajas/k6-performance-tests,https://github.com/JBxrajas/k6-performance-tests,examples/02-http-requests.js,yes,,0,,1,10:1,2,12:23; 27:24,1,5:14
JBxrajas/k6-performance-tests,https://github.com/JBxrajas/k6-performance-tests,exercises/exercise-1.js,yes,,0,,0,,0,,1,28:14
JBxrajas/k6-performance-tests,https://github.com/JBxrajas/k6-performance-tests,scenarios/api-load-test.js,yes,,0,,0,,3,26:18; 36:14; 52:14,0,
JBxrajas/k6-performance-tests,https://github.com/JBxrajas/k6-performance-tests,scenarios/stress-test.js,yes,,0,,0,,0,,0,
JBxrajas/k6-performance-tests,https://github.com/JBxrajas/k6-performance-tests,scenarios/spike-test.js,yes,,0,,0,,0,,0,
mstoykov/issue-1291,https://github.com/mstoykov/issue-1291,benchmark.js,yes,,0,,0,,0,,0,
epoch8/amplitude-collector,https://github.com/epoch8/amplitude-collector,perf/script.js,yes,,0,,0,,0,,1,6:14
CryptoJym/ai-agent-village-monitor,https://github.com/CryptoJym/ai-agent-village-monitor,packages/server/load/k6-http.js,yes,,0,,0,,5,33:18; 37:20; 42:17; 43:15; 48:16,1,4:14
PatelKaran0104/aws-terraform-infrastructure-stack,https://github.com/PatelKaran0104/aws-terraform-infrastructure-stack,stressTesting.js.js,yes,,0,,0,,0,,0,
Krithikeswaranmk/final_helyxon,https://github.com/Krithikeswaranmk/final_helyxon,.history/src/services/langchainLocalService_20250610092951.ts,yes,,0,,0,,0,,0,
Krithikeswaranmk/final_helyxon,https://github.com/Krithikeswaranmk/final_helyxon,.history/src/services/langchainLocalService_20250610093942.ts,yes,,0,,0,,0,,0,
Krithikeswaranmk/final_helyxon,https://github.com/Krithikeswaranmk/final_helyxon,.history/src/services/langchainLocalService_20250610195317.ts,yes,,0,,0,,0,,0,
Krithikeswaranmk/final_helyxon,https://github.com/Krithikeswaranmk/final_helyxon,.history/src/services/langchainLocalService_20250609130055.ts,yes,,0,,0,,0,,0,
Krithikeswaranmk/final_helyxon,https://github.com/Krithikeswaranmk/final_helyxon,src/services/langchainLocalService.ts,yes,,0,,0,,0,,0,
Krithikeswaranmk/final_helyxon,https://github.com/Krithikeswaranmk/final_helyxon,.history/src/services/langchainLocalService_20250609130139.ts,yes,,0,,0,,0,,0,
Krithikeswaranmk/final_helyxon,https://github.com/Krithikeswaranmk/final_helyxon,.history/src/services/langchainLocalService_20250609130158.ts,yes,,0,,0,,0,,0,
Krithikeswaranmk/final_helyxon,https://github.com/Krithikeswaranmk/final_helyxon,.history/src/services/langchainLocalService_20250609130216.ts,yes,,0,,0,,0,,0,
Krithikeswaranmk/final_helyxon,https://github.com/Krithikeswaranmk/final_helyxon,.history/src/services/langchainLocalService_20250609130249.ts,yes,,0,,0,,0,,0,
Krithikeswaranmk/final_helyxon,https://github.com/Krithikeswaranmk/final_helyxon,.history/src/services/langchainLocalService_20250610092310.ts,yes,,0,,0,,0,,0,
Krithikeswaranmk/final_helyxon,https://github.com/Krithikeswaranmk/final_helyxon,.history/src/services/langchainLocalService_20250610092334.ts,yes,,0,,0,,0,,0,
Krithikeswaranmk/final_helyxon,https://github.com/Krithikeswaranmk/final_helyxon,.history/src/services/langchainLocalService_20250610092401.ts,yes,,0,,0,,0,,0,
Krithikeswaranmk/final_helyxon,https://github.com/Krithikeswaranmk/final_helyxon,.history/src/services/langchainLocalService_20250610092435.ts,yes,,0,,0,,0,,0,
Krithikeswaranmk/final_helyxon,https://github.com/Krithikeswaranmk/final_helyxon,.history/src/services/langchainLocalService_20250610092447.ts,yes,,0,,0,,0,,0,
Krithikeswaranmk/final_helyxon,https://github.com/Krithikeswaranmk/final_helyxon,.history/src/services/langchainLocalService_20250610092543.ts,yes,,0,,0,,0,,0,
Krithikeswaranmk/final_helyxon,https://github.com/Krithikeswaranmk/final_helyxon,.history/src/services/langchainLocalService_20250610092851.ts,yes,,0,,0,,0,,0,
Krithikeswaranmk/final_helyxon,https://github.com/Krithikeswaranmk/final_helyxon,.history/src/services/langchainLocalService_20250610092616.ts,yes,,0,,0,,0,,0,
Krithikeswaranmk/final_helyxon,https://github.com/Krithikeswaranmk/final_helyxon,.history/src/services/langchainLocalService_20250610092629.ts,yes,,0,,0,,0,,0,
Krithikeswaranmk/final_helyxon,https://github.com/Krithikeswaranmk/final_helyxon,.history/src/services/langchainLocalService_20250610092922.ts,yes,,0,,0,,0,,0,
Krithikeswaranmk/final_helyxon,https://github.com/Krithikeswaranmk/final_helyxon,.history/src/services/langchainLocalService_20250610093022.ts,yes,,0,,0,,0,,0,
Krithikeswaranmk/final_helyxon,https://github.com/Krithikeswaranmk/final_helyxon,.history/src/services/langchainLocalService_20250610093344.ts,yes,,0,,0,,0,,0,
Krithikeswaranmk/final_helyxon,https://github.com/Krithikeswaranmk/final_helyxon,.history/src/services/langchainLocalService_20250610093359.ts,yes,,0,,0,,0,,0,
Krithikeswaranmk/final_helyxon,https://github.com/Krithikeswaranmk/final_helyxon,.history/src/services/langchainLocalService_20250610093417.ts,yes,,0,,0,,0,,0,
Krithikeswaranmk/final_helyxon,https://github.com/Krithikeswaranmk/final_helyxon,.history/src/services/langchainLocalService_20250610093510.ts,yes,,0,,0,,0,,0,
Krithikeswaranmk/final_helyxon,https://github.com/Krithikeswaranmk/final_helyxon,.history/src/services/langchainLocalService_20250610093440.ts,yes,,0,,0,,0,,0,
Krithikeswaranmk/final_helyxon,https://github.com/Krithikeswaranmk/final_helyxon,.history/src/services/langchainLocalService_20250610093537.ts,yes,,0,,0,,0,,0,
Krithikeswaranmk/final_helyxon,https://github.com/Krithikeswaranmk/final_helyxon,.history/src/services/langchainLocalService_20250610093603.ts,yes,,0,,0,,0,,0,
Krithikeswaranmk/final_helyxon,https://github.com/Krithikeswaranmk/final_helyxon,.history/src/services/langchainLocalService_20250610093924.ts,yes,,0,,0,,0,,0,
Krithikeswaranmk/final_helyxon,https://github.com/Krithikeswaranmk/final_helyxon,.history/src/services/langchainLocalService_20250610094009.ts,yes,,0,,0,,0,,0,
Krithikeswaranmk/final_helyxon,https://github.com/Krithikeswaranmk/final_helyxon,.history/src/services/langchainLocalService_20250610094105.ts,yes,,0,,0,,0,,0,
Krithikeswaranmk/final_helyxon,https://github.com/Krithikeswaranmk/final_helyxon,.history/src/services/langchainLocalService_20250610094403.ts,yes,,0,,0,,0,,0,
Krithikeswaranmk/final_helyxon,https://github.com/Krithikeswaranmk/final_helyxon,.history/src/services/langchainLocalService_20250610094502.ts,yes,,0,,0,,0,,0,
Krithikeswaranmk/final_helyxon,https://github.com/Krithikeswaranmk/final_helyxon,.history/src/services/langchainLocalService_20250610195141.ts,yes,,0,,0,,0,,0,
Krithikeswaranmk/final_helyxon,https://github.com/Krithikeswaranmk/final_helyxon,.history/src/services/langchainLocalService_20250610195146.ts,yes,,0,,0,,0,,0,
Krithikeswaranmk/final_helyxon,https://github.com/Krithikeswaranmk/final_helyxon,.history/src/services/langchainLocalService_20250610195149.ts,yes,,0,,0,,0,,0,
Krithikeswaranmk/final_helyxon,https://github.com/Krithikeswaranmk/final_helyxon,.history/src/services/langchainLocalService_20250610195157.ts,yes,,0,,0,,0,,0,
Krithikeswaranmk/final_helyxon,https://github.com/Krithikeswaranmk/final_helyxon,.history/src/services/langchainLocalService_20250610195151.ts,yes,,0,,0,,0,,0,
Krithikeswaranmk/final_helyxon,https://github.com/Krithikeswaranmk/final_helyxon,.history/src/services/langchainLocalService_20250610195204.ts,yes,,0,,0,,0,,0,
Krithikeswaranmk/final_helyxon,https://github.com/Krithikeswaranmk/final_helyxon,.history/src/services/langchainLocalService_20250610195205.ts,yes,,0,,0,,0,,0,
Krithikeswaranmk/final_helyxon,https://github.com/Krithikeswaranmk/final_helyxon,.history/src/services/langchainLocalService_20250610195324.ts,yes,,0,,0,,0,,0,
Krithikeswaranmk/final_helyxon,https://github.com/Krithikeswaranmk/final_helyxon,.history/src/services/langchainLocalService_20250610195318.ts,yes,,0,,0,,0,,0,
Krithikeswaranmk/final_helyxon,https://github.com/Krithikeswaranmk/final_helyxon,.history/src/services/langchainLocalService_20250610195306.ts,yes,,0,,0,,0,,0,
Krithikeswaranmk/final_helyxon,https://github.com/Krithikeswaranmk/final_helyxon,.history/src/services/langchainLocalService_20250610195213.ts,yes,,0,,0,,0,,0,
Krithikeswaranmk/final_helyxon,https://github.com/Krithikeswaranmk/final_helyxon,.history/src/services/langchainLocalService_20250610195326.ts,yes,,0,,0,,0,,0,
Krithikeswaranmk/final_helyxon,https://github.com/Krithikeswaranmk/final_helyxon,.history/src/services/langchainLocalService_20250610195256.ts,yes,,0,,0,,0,,0,
Krithikeswaranmk/final_helyxon,https://github.com/Krithikeswaranmk/final_helyxon,.history/src/services/langchainLocalService_20250610211646.ts,yes,,0,,0,,0,,0,
Krithikeswaranmk/final_helyxon,https://github.com/Krithikeswaranmk/final_helyxon,.history/src/services/langchainLocalService_20250610211613.ts,yes,,0,,0,,0,,0,
Krithikeswaranmk/final_helyxon,https://github.com/Krithikeswaranmk/final_helyxon,.history/src/services/langchainLocalService_20250610211746.ts,yes,,0,,0,,0,,0,
Krithikeswaranmk/final_helyxon,https://github.com/Krithikeswaranmk/final_helyxon,.history/src/services/langchainLocalService_20250610211734.ts,yes,,0,,0,,0,,0,
Krithikeswaranmk/final_helyxon,https://github.com/Krithikeswaranmk/final_helyxon,.history/src/services/langchainLocalService_20250610211700.ts,yes,,0,,0,,0,,0,
Krithikeswaranmk/final_helyxon,https://github.com/Krithikeswaranmk/final_helyxon,.history/src/services/langchainLocalService_20250610211715.ts,yes,,0,,0,,0,,0,
Krithikeswaranmk/final_helyxon,https://github.com/Krithikeswaranmk/final_helyxon,.history/src/services/langchainLocalService_20250610211800.ts,yes,,0,,0,,0,,0,
Krithikeswaranmk/final_helyxon,https://github.com/Krithikeswaranmk/final_helyxon,.history/src/services/langchainLocalService_20250610211826.ts,yes,,0,,0,,0,,0,
Krithikeswaranmk/final_helyxon,https://github.com/Krithikeswaranmk/final_helyxon,.history/src/services/langchainLocalService_20250610211815.ts,yes,,0,,0,,0,,0,
Krithikeswaranmk/final_helyxon,https://github.com/Krithikeswaranmk/final_helyxon,.history/src/services/langchainLocalService_20250610211629.ts,yes,,0,,0,,0,,0,
Krithikeswaranmk/final_helyxon,https://github.com/Krithikeswaranmk/final_helyxon,.history/src/services/langchainLocalService_20250610211840.ts,yes,,0,,0,,0,,0,
estebandonis/ProyectoFinal-IngenieriaDeSoftware-backend,https://github.com/estebandonis/ProyectoFinal-IngenieriaDeSoftware-backend,funcionalTesting/loadTest.js,yes,,0,,1,21:1,0,,0,
estebandonis/ProyectoFinal-IngenieriaDeSoftware-backend,https://github.com/estebandonis/ProyectoFinal-IngenieriaDeSoftware-backend,funcionalTesting/stressTest.js,yes,,0,,1,23:1,0,,1,4:12
MrsblR/Autoscaling,https://github.com/MrsblR/Autoscaling,autoscaling-cloudrun-pulumi/scripts/loadtest.js,yes,,0,,0,,0,,0,
herbertfaria/Api_Comparison_Performance,https://github.com/herbertfaria/Api_Comparison_Performance,Code/testes-carga/net.js,yes,,0,,0,,0,,0,
herbertfaria/Api_Comparison_Performance,https://github.com/herbertfaria/Api_Comparison_Performance,Code/testes-carga/index.js,yes,,0,,0,,0,,1,5:14
herbertfaria/Api_Comparison_Performance,https://github.com/herbertfaria/Api_Comparison_Performance,Code/testes-carga/nodejs.js,yes,,0,,0,,0,,0,
herbertfaria/Api_Comparison_Performance,https://github.com/herbertfaria/Api_Comparison_Performance,Code/testes-carga/teste-fastApi.js,yes,,0,,0,,0,,0,
herbertfaria/Api_Comparison_Performance,https://github.com/herbertfaria/Api_Comparison_Performance,Code/testes-carga/post_test.js,yes,,2,10:14; 10:25,0,,0,,1,5:14
jm-multiverse/secret-recipe,https://github.com/jm-multiverse/secret-recipe,loadTest.js,yes,,0,,0,,10,39:28; 54:25; 77:32; 96:32; 109:30; 120:30; 131:30; 142:32; 153:26; 164:32,1,4:12
SamikshyaS/loadTest,https://github.com/SamikshyaS/loadTest,websiteurl.js,yes,,0,,0,,0,,1,3:14
SamikshyaS/loadTest,https://github.com/SamikshyaS/loadTest,TrendexWebsite.js,yes,,0,,1,4:1,0,,0,
SamikshyaS/loadTest,https://github.com/SamikshyaS/loadTest,assetsProfile.js,yes,,0,,0,,0,,1,4:14
mussebekabil/messaging-app,https://github.com/mussebekabil/messaging-app,k6-scripts/main-page.js,yes,,0,,0,,0,,1,5:14
mussebekabil/messaging-app,https://github.com/mussebekabil/messaging-app,k6-scripts/api-create-message.js,yes,,0,,0,,0,,1,5:14
mussebekabil/messaging-app,https://github.com/mussebekabil/messaging-app,k6-scripts/api-create-reply.js,yes,,0,,0,,0,,1,5:14
mussebekabil/messaging-app,https://github.com/mussebekabil/messaging-app,k6-scripts/single-message-page.js,yes,,0,,0,,0,,1,5:14
mussebekabil/messaging-app,https://github.com/mussebekabil/messaging-app,k6-scripts/api-get-all-messages.js,yes,,0,,0,,0,,1,5:14
Tojaman/KDEV4-TRACKY-BE,https://github.com/Tojaman/KDEV4-TRACKY-BE,stressTest/scripts/script2.js,yes,,0,,0,,0,,0,
azophy/loadtest-tools-benchmark,https://github.com/azophy/loadtest-tools-benchmark,tester/k6/script-static-multireq.js,yes,,0,,0,,2,8:15; 11:16,0,
azophy/loadtest-tools-benchmark,https://github.com/azophy/loadtest-tools-benchmark,tester/k6/script-dynamic-multireq.js,yes,,0,,0,,2,12:15; 15:16,0,
azophy/loadtest-tools-benchmark,https://github.com/azophy/loadtest-tools-benchmark,tester/k6/script-dynamic-singlereq.js,yes,,0,,0,,0,,0,
azophy/loadtest-tools-benchmark,https://github.com/azophy/loadtest-tools-benchmark,tester/k6/script-static-singlereq.js,yes,,0,,0,,0,,0,
juzu400/avito-internship,https://github.com/juzu400/avito-internship,load_write.js,yes,,0,,0,,0,,1,4:14
juzu400/avito-internship,https://github.com/juzu400/avito-internship,load_read.js,yes,,0,,0,,2,12:18; 17:18,1,4:14
WinnerOleg/ChessProfi,https://github.com/WinnerOleg/ChessProfi,testing-strategy.ts,yes,,0,,0,,0,,0,
joanlopez/xk6-aws,https://github.com/joanlopez/xk6-aws,examples/s3.js,yes,,0,,0,,4,20:2; 28:2; 35:2; 44:2,0,
joanlopez/xk6-aws,https://github.com/joanlopez/xk6-aws,examples/kinesis.js,yes,,0,,0,,4,26:2; 55:2; 67:2; 76:2,0,
joanlopez/xk6-aws,https://github.com/joanlopez/xk6-aws,examples/eventbridge.js,yes,,0,,0,,6,22:2; 30:2; 49:2; 63:2; 81:2; 92:2,0,
ozontech/seq-db,https://github.com/ozontech/seq-db,benchmarks/k6/seq-db-aggs-min-by-status.js,yes,,0,,0,,0,,1,7:12
thomas-chiang/k6_sharing,https://github.com/thomas-chiang/k6_sharing,3.3.metric&custom-metrics.js,yes,,0,,1,21:1,2,22:15; 26:11,0,
thomas-chiang/k6_sharing,https://github.com/thomas-chiang/k6_sharing,6.1.k6-cloud.js,yes,,0,,1,15:1,0,,1,7:14
thomas-chiang/k6_sharing,https://github.com/thomas-chiang/k6_sharing,6.2.k6-cloud-good-practice.js,yes,,0,,0,,6,39:15; 59:11; 105:11; 147:11; 174:11; 199:11,0,
thomas-chiang/k6_sharing,https://github.com/thomas-chiang/k6_sharing,3.1.assertions&validation.js,yes,,0,,0,,0,,0,
thomas-chiang/k6_sharing,https://github.com/thomas-chiang/k6_sharing,5.6.SharedArray.js,yes,,0,,0,,0,,0,
thomas-chiang/k6_sharing,https://github.com/thomas-chiang/k6_sharing,3.4.tag&custom-tags.js,yes,,0,,0,,0,,0,
thomas-chiang/k6_sharing,https://github.com/thomas-chiang/k6_sharing,4.http-CURD.js,yes,,0,,0,,9,25:15; 35:20; 44:3; 72:17; 85:17; 87:5; 96:17; 111:20; 113:32,1,5:14
thomas-chiang/k6_sharing,https://github.com/thomas-chiang/k6_sharing,3.5.group.js,yes,,0,,0,,4,16:19; 20:13; 21:13; 27:9,0,
thomas-chiang/k6_sharing,https://github.com/thomas-chiang/k6_sharing,5.4.random-item.js,yes,,0,,0,,2,6:15; 11:11,0,
thomas-chiang/k6_sharing,https://github.com/thomas-chiang/k6_sharing,3.6.(optional)http_req_duration{expected_response is true}.js,yes,,0,,0,,4,17:19; 21:13; 22:13; 28:9,0,
thomas-chiang/k6_sharing,https://github.com/thomas-chiang/k6_sharing,7.1.bad-ssl.js,yes,,0,,1,4:1,0,,0,
thomas-chiang/k6_sharing,https://github.com/thomas-chiang/k6_sharing,5.2.random-sleep.js,yes,,0,,1,10:1,0,,1,5:14
thomas-chiang/k6_sharing,https://github.com/thomas-chiang/k6_sharing,3.7.lifecycle.js,yes,,0,,0,,0,,1,4:14
thomas-chiang/k6_sharing,https://github.com/thomas-chiang/k6_sharing,1.first-script.js,yes,,0,,1,9:1,0,,1,4:14
thomas-chiang/k6_sharing,https://github.com/thomas-chiang/k6_sharing,3.2.threshold.js,yes,,0,,0,,0,,0,
thomas-chiang/k6_sharing,https://github.com/thomas-chiang/k6_sharing,3.8.abort-test.js,yes,,0,,1,17:1,0,,1,5:14
thomas-chiang/k6_sharing,https://github.com/thomas-chiang/k6_sharing,2.2.load-test.js,yes,,0,,1,12:1,3,13:5; 16:5; 19:5,1,4:14
thomas-chiang/k6_sharing,https://github.com/thomas-chiang/k6_sharing,2.6.soak-test.js,yes,,0,,1,12:1,3,13:5; 16:5; 19:5,1,4:14
thomas-chiang/k6_sharing,https://github.com/thomas-chiang/k6_sharing,2.4.spike-test.js,yes,,0,,1,11:1,3,12:5; 14:5; 16:5,1,4:14
thomas-chiang/k6_sharing,https://github.com/thomas-chiang/k6_sharing,2.3.stress-test.js,yes,,0,,1,12:1,3,13:5; 15:5; 17:5,1,4:14
thomas-chiang/k6_sharing,https://github.com/thomas-chiang/k6_sharing,2.1.smoke-test.js,yes,,0,,1,9:1,3,10:5; 13:5; 16:5,1,4:14
thomas-chiang/k6_sharing,https://github.com/thomas-chiang/k6_sharing,2.5.breakpoint-test.js,yes,,0,,1,10:1,3,11:5; 14:5; 17:5,1,4:14
yudas-programador/Pruebas-de-integracion,https://github.com/yudas-programador/Pruebas-de-integracion,carga_dashboard.js,yes,,0,,0,,0,,1,4:12
yudas-programador/Pruebas-de-integracion,https://github.com/yudas-programador/Pruebas-de-integracion,cargas.js,yes,,0,,0,,0,,1,4:12
yudas-programador/Pruebas-de-integracion,https://github.com/yudas-programador/Pruebas-de-integracion,spike_test.js,yes,,0,,0,,0,,1,4:12
yudas-programador/Pruebas-de-integracion,https://github.com/yudas-programador/Pruebas-de-integracion,stress_test.js,yes,,0,,0,,0,,1,4:12
yudas-programador/Pruebas-de-integracion,https://github.com/yudas-programador/Pruebas-de-integracion,soak_test.js,yes,,0,,0,,0,,1,4:12
yudas-programador/Pruebas-de-integracion,https://github.com/yudas-programador/Pruebas-de-integracion,smoke_test.js,yes,,0,,0,,0,,1,4:12
KakoF/Template_Distributed_Arch,https://github.com/KakoF/Template_Distributed_Arch,Docs/K6/modulo5_conteudo_adicional/aula31.js,yes,,0,,0,,0,,0,
KakoF/Template_Distributed_Arch,https://github.com/KakoF/Template_Distributed_Arch,Docs/K6/modulo3_conceitos_importantes/aula17.js,yes,,0,,0,,2,14:27; 22:27,0,
KakoF/Template_Distributed_Arch,https://github.com/KakoF/Template_Distributed_Arch,Docs/K6/modulo3_conceitos_importantes/aula10.js,yes,,0,,0,,0,,1,8:14
KakoF/Template_Distributed_Arch,https://github.com/KakoF/Template_Distributed_Arch,Docs/K6/modulo3_conceitos_importantes/aula19.js,yes,,0,,1,5:1,0,,0,
KakoF/Template_Distributed_Arch,https://github.com/KakoF/Template_Distributed_Arch,DistributedArch/API-EntityFramework/k6/SmokeTest.js,yes,,0,,0,,0,,0,
KakoF/Template_Distributed_Arch,https://github.com/KakoF/Template_Distributed_Arch,DistributedArch/API-EntityFramework/k6/PerformanceTestK6_2.js,yes,,0,,0,,0,,0,
KakoF/Template_Distributed_Arch,https://github.com/KakoF/Template_Distributed_Arch,DistributedArch/API-EntityFramework/k6/SmokeTest_Dashboard.js,yes,,0,,0,,0,,0,
KakoF/Template_Distributed_Arch,https://github.com/KakoF/Template_Distributed_Arch,DistributedArch/API-EntityFramework/k6/PerformanceTestK6.js,yes,,0,,0,,0,,0,
KakoF/Template_Distributed_Arch,https://github.com/KakoF/Template_Distributed_Arch,Docs/K6/modulo5_conteudo_adicional/aula36.js,yes,,0,,0,,0,,0,
KakoF/Template_Distributed_Arch,https://github.com/KakoF/Template_Distributed_Arch,DistributedArch/API-EntityFramework/k6/getall.js,yes,,0,,0,,0,,0,
KakoF/Template_Distributed_Arch,https://github.com/KakoF/Template_Distributed_Arch,Docs/K6/modulo3_conceitos_importantes/aula21/per-vu-iterations.js,yes,,0,,1,15:1,0,,1,4:14
KakoF/Template_Distributed_Arch,https://github.com/KakoF/Template_Distributed_Arch,Docs/K6/modulo3_conceitos_importantes/aula18.js,yes,,0,,0,,0,,0,
KakoF/Template_Distributed_Arch,https://github.com/KakoF/Template_Distributed_Arch,Docs/K6/modulo3_conceitos_importantes/aula12.js,yes,,0,,0,,0,,1,4:14
KakoF/Template_Distributed_Arch,https://github.com/KakoF/Template_Distributed_Arch,DistributedArch/API-EntityFramework/k6/get.js,yes,,0,,0,,0,,1,6:12
KakoF/Template_Distributed_Arch,https://github.com/KakoF/Template_Distributed_Arch,Docs/XK6/K6RabbitMq/rabbitMq.js,yes,,0,,0,,0,,1,4:12
KakoF/Template_Distributed_Arch,https://github.com/KakoF/Template_Distributed_Arch,DistributedArch/API-EntityFramework/k6/PerformanceTest.js,yes,,0,,0,,0,,0,
KakoF/Template_Distributed_Arch,https://github.com/KakoF/Template_Distributed_Arch,Docs/K6/modulo3_conceitos_importantes/aula15.js,yes,,0,,0,,0,,0,
KakoF/Template_Distributed_Arch,https://github.com/KakoF/Template_Distributed_Arch,Docs/K6/modulo5_conteudo_adicional/aula35.js,yes,,0,,0,,0,,0,
KakoF/Template_Distributed_Arch,https://github.com/KakoF/Template_Distributed_Arch,Docs/K6/modulo4_mão_na_massa/aula24.js,yes,,0,,0,,0,,0,
KakoF/Template_Distributed_Arch,https://github.com/KakoF/Template_Distributed_Arch,Docs/K6/modulo4_mão_na_massa/aula23.js,yes,,0,,0,,0,,0,
KakoF/Template_Distributed_Arch,https://github.com/KakoF/Template_Distributed_Arch,Docs/K6/modulo3_conceitos_importantes/aula21/shared-iterations.js,yes,,0,,1,15:1,0,,1,4:14
KakoF/Template_Distributed_Arch,https://github.com/KakoF/Template_Distributed_Arch,Docs/K6/modulo4_mão_na_massa/aula27.js,yes,,0,,0,,0,,0,
KakoF/Template_Distributed_Arch,https://github.com/KakoF/Template_Distributed_Arch,Docs/K6/modulo4_mão_na_massa/aula26.js,yes,,0,,0,,0,,0,
KakoF/Template_Distributed_Arch,https://github.com/KakoF/Template_Distributed_Arch,Docs/XK6/K6RabbitMq/rabbitMq2.js,yes,,0,,1,18:1,0,,1,5:12
KakoF/Template_Distributed_Arch,https://github.com/KakoF/Template_Distributed_Arch,Docs/K6/modulo3_conceitos_importantes/aula21/constant-vus.js,yes,,0,,1,14:1,0,,1,4:14
KakoF/Template_Distributed_Arch,https://github.com/KakoF/Template_Distributed_Arch,Docs/K6/modulo4_mão_na_massa/aula25.js,yes,,0,,0,,0,,0,
KakoF/Template_Distributed_Arch,https://github.com/KakoF/Template_Distributed_Arch,Docs/K6/modulo5_conteudo_adicional/aula29.js,yes,,0,,0,,0,,0,
KakoF/Template_Distributed_Arch,https://github.com/KakoF/Template_Distributed_Arch,Docs/K6/modulo2_entendendo_os_tipos_de_testes_de_performance/aula8_breakpoint_test.js,yes,,0,,1,11:1,0,,1,4:14
KakoF/Template_Distributed_Arch,https://github.com/KakoF/Template_Distributed_Arch,Docs/K6/modulo3_conceitos_importantes/aula13.js,yes,,0,,0,,0,,1,4:14
rdpanek/k6,https://github.com/rdpanek/k6,demos/features/metrics-counter.js,yes,,0,,1,16:1,0,,0,
rdpanek/k6,https://github.com/rdpanek/k6,demos/features/metrics-counter-thresholds.js,yes,,0,,1,28:1,2,29:21; 39:22,0,
rdpanek/k6,https://github.com/rdpanek/k6,demos/features/httpx.js,yes,,0,,0,,0,,0,
rdpanek/k6,https://github.com/rdpanek/k6,demos/features/execution.js,yes,,0,,0,,0,,1,11:14
rdpanek/k6,https://github.com/rdpanek/k6,demos/features/normalDistributionStages.js,yes,,0,,0,,0,,1,13:14
rdpanek/k6,https://github.com/rdpanek/k6,demos/features/custom-summary.js,yes,,0,,0,,0,,0,
rdpanek/k6,https://github.com/rdpanek/k6,demos/features/tags-and-groups.js,yes,,0,,0,,7,56:3; 64:11; 65:5; 67:13; 68:7; 70:11; 71:5,0,
rdpanek/k6,https://github.com/rdpanek/k6,demos/features/scenarios-advanced.js,yes,,0,,0,,0,,0,
rdpanek/k6,https://github.com/rdpanek/k6,demos/02-examples/fragments/elasticsearch.js,yes,,0,,0,,4,10:15; 14:13; 31:17; 45:15,1,54:18
rdpanek/k6,https://github.com/rdpanek/k6,demos/features/http.js,yes,,0,,0,,10,11:1; 12:3; 24:19; 53:15; 59:15; 79:15; 82:3; 97:15; 100:15; 107:15,0,
rdpanek/k6,https://github.com/rdpanek/k6,demos/features/thresholds-groups-tags.js,yes,,0,,0,,7,8:1; 8:1; 33:5; 34:5; 35:5; 40:5; 55:23,0,
rdpanek/k6,https://github.com/rdpanek/k6,demos/01-sandbox/04-prometheus.js,yes,,0,,0,,0,,0,
rdpanek/k6,https://github.com/rdpanek/k6,demos/features/metrics-gauge-thresholds.js,yes,,0,,1,29:1,0,,0,
rdpanek/k6,https://github.com/rdpanek/k6,demos/features/metrics-rate-thresholds.js,yes,,0,,1,25:1,0,,0,
rdpanek/k6,https://github.com/rdpanek/k6,demos/features/thresholds-checks.js,yes,,0,,0,,4,26:9; 27:3; 31:9; 32:3,0,
rdpanek/k6,https://github.com/rdpanek/k6,demos/features/checks.js,yes,,0,,0,,0,,0,
rdpanek/k6,https://github.com/rdpanek/k6,demos/features/new.js,yes,,0,,0,,0,,1,12:14
rdpanek/k6,https://github.com/rdpanek/k6,demos/features/html.js,yes,,0,,1,12:1,0,,0,
rdpanek/k6,https://github.com/rdpanek/k6,demos/features/metrics-trend-thresholds.js,yes,,0,,1,22:1,0,,0,
rdpanek/k6,https://github.com/rdpanek/k6,demos/01-sandbox/00-template.js,yes,,0,,1,13:1,0,,1,8:14
rdpanek/k6,https://github.com/rdpanek/k6,demos/features/thresholds.js,yes,,0,,1,43:1,0,,0,
rdpanek/k6,https://github.com/rdpanek/k6,demos/01-sandbox/01-web-service-basics.js,yes,,0,,1,71:1,0,,0,
rdpanek/k6,https://github.com/rdpanek/k6,demos/features/utils.js,yes,,0,,1,20:1,0,,0,
rdpanek/k6,https://github.com/rdpanek/k6,demos/01-sandbox/02-web-service-stages.js,yes,,0,,1,24:1,0,,1,16:14
rdpanek/k6,https://github.com/rdpanek/k6,demos/02-examples/movies-performance-test.js,yes,,0,,0,,0,,0,
DimDev/php-runtimes-benchmark,https://github.com/DimDev/php-runtimes-benchmark,001_symfony7_wo_db/testing-tools/k6/script_vus5_dur30s.js,yes,,0,,1,16:1,0,,1,4:14
col3name/balance-service,https://github.com/col3name/balance-service,bench/script.js,yes,,0,,1,72:1,0,,1,4:14
NashTech-Labs/grafana-k6,https://github.com/NashTech-Labs/grafana-k6,Tags and Group/group.js,yes,,0,,0,,2,8:3; 11:15,0,
NashTech-Labs/grafana-k6,https://github.com/NashTech-Labs/grafana-k6,Data-driven-testing using k6/Read_CSV.js,yes,,0,,0,,0,,0,
NashTech-Labs/grafana-k6,https://github.com/NashTech-Labs/grafana-k6,Different Types of testing/Soak.js,yes,,0,,1,14:1,0,,1,4:14
NashTech-Labs/grafana-k6,https://github.com/NashTech-Labs/grafana-k6,Tags and Group/Group_basic_format.js,yes,,0,,0,,0,,0,
NashTech-Labs/grafana-k6,https://github.com/NashTech-Labs/grafana-k6,Different Types of testing/Stress.js,yes,,0,,1,18:1,0,,1,4:14
NashTech-Labs/grafana-k6,https://github.com/NashTech-Labs/grafana-k6,Different Types of testing/Smoke.js,yes,,0,,0,,3,18:20; 33:21; 34:3,0,
NashTech-Labs/grafana-k6,https://github.com/NashTech-Labs/grafana-k6,Different Types of testing/Load.js,yes,,0,,0,,3,21:20; 36:21; 37:3,0,
NashTech-Labs/grafana-k6,https://github.com/NashTech-Labs/grafana-k6,Metrices/custom.js,yes,,0,,0,,0,,0,
NashTech-Labs/grafana-k6,https://github.com/NashTech-Labs/grafana-k6,Metrices/main.js,yes,,0,,0,,0,,0,
Van-QA/k6-loadtest,https://github.com/Van-QA/k6-loadtest,scripts/getNFTByWallet.js,yes,,2,6:21; 6:32,0,,0,,0,
TAIMROIAL1/sy-w,https://github.com/TAIMROIAL1/sy-w,utils/loadTest.js,yes,,0,,0,,0,,1,4:12
qcoop918/k6-bookstore-tests,https://github.com/qcoop918/k6-bookstore-tests,data/acmescriptP.js,yes,,0,,0,,0,,0,
umbrellerde/functionfusion,https://github.com/umbrellerde/functionfusion,evalScripts/IoT/generateConfigurations/k6/1.js,yes,,0,,0,,0,,1,5:14
umbrellerde/functionfusion,https://github.com/umbrellerde/functionfusion,evalScripts/split/generateConfigurations/k6/4.js,yes,,0,,0,,0,,1,5:14
umbrellerde/functionfusion,https://github.com/umbrellerde/functionfusion,evalScripts/webshop/generateConfigurations/k6/1.js,yes,,0,,0,,4,36:9; 49:5; 56:5; 63:5,1,10:14
umbrellerde/functionfusion,https://github.com/umbrellerde/functionfusion,evalScripts/split/generateConfigurations/k6/7.js,yes,,0,,0,,0,,1,5:14
umbrellerde/functionfusion,https://github.com/umbrellerde/functionfusion,evalScripts/split/generateConfigurations/k6/5.js,yes,,0,,0,,0,,1,5:14
umbrellerde/functionfusion,https://github.com/umbrellerde/functionfusion,evalScripts/split/generateConfigurations/k6/6.js,yes,,0,,0,,0,,1,5:14
umbrellerde/functionfusion,https://github.com/umbrellerde/functionfusion,evalScripts/split/generateConfigurations/k6/9.js,yes,,0,,0,,0,,1,5:14
umbrellerde/functionfusion,https://github.com/umbrellerde/functionfusion,evalScripts/split/generateConfigurations/k6/8.js,yes,,0,,0,,0,,1,5:14
umbrellerde/functionfusion,https://github.com/umbrellerde/functionfusion,evalScripts/splittest/generateConfigurations/k6/6.js,yes,,0,,0,,0,,1,5:14
umbrellerde/functionfusion,https://github.com/umbrellerde/functionfusion,evalScripts/splittest/generateConfigurations/k6/9.js,yes,,0,,0,,0,,1,5:14
umbrellerde/functionfusion,https://github.com/umbrellerde/functionfusion,evalScripts/splittest/generateConfigurations/k6/5.js,yes,,0,,0,,0,,1,5:14
umbrellerde/functionfusion,https://github.com/umbrellerde/functionfusion,evalScripts/splittest/generateConfigurations/k6/11.js,yes,,0,,0,,0,,1,5:14
umbrellerde/functionfusion,https://github.com/umbrellerde/functionfusion,evalScripts/splittest/generateConfigurations/k6/10.js,yes,,0,,0,,0,,1,5:14
umbrellerde/functionfusion,https://github.com/umbrellerde/functionfusion,evalScripts/splittest/generateConfigurations/k6/7.js,yes,,0,,0,,0,,1,5:14
umbrellerde/functionfusion,https://github.com/umbrellerde/functionfusion,evalScripts/webshop/manualOptimizerConstantLoad/k6/bursty/1.js,yes,,0,,0,,5,65:5; 72:5; 79:5; 86:5; 93:5,1,10:14
umbrellerde/functionfusion,https://github.com/umbrellerde/functionfusion,evalScripts/splittest/generateConfigurations/k6/2.js,yes,,0,,0,,0,,1,5:14
umbrellerde/functionfusion,https://github.com/umbrellerde/functionfusion,evalScripts/split/generateConfigurations/k6/11.js,yes,,0,,0,,0,,1,5:14
umbrellerde/functionfusion,https://github.com/umbrellerde/functionfusion,evalScripts/split/generateConfigurations/k6/1.js,yes,,0,,0,,0,,1,5:14
umbrellerde/functionfusion,https://github.com/umbrellerde/functionfusion,evalScripts/splittest/generateConfigurations/k6/3.js,yes,,0,,0,,0,,1,5:14
umbrellerde/functionfusion,https://github.com/umbrellerde/functionfusion,evalScripts/splittest/generateConfigurations/k6/0.js,yes,,0,,0,,0,,1,5:14
umbrellerde/functionfusion,https://github.com/umbrellerde/functionfusion,evalScripts/split/manualOptimizerConstantLoad/k6/bursty_workload-newDistQ/1.js,yes,,0,,0,,0,,1,10:14
umbrellerde/functionfusion,https://github.com/umbrellerde/functionfusion,evalScripts/splittest/generateConfigurations/k6/1.js,yes,,0,,0,,0,,1,5:14
umbrellerde/functionfusion,https://github.com/umbrellerde/functionfusion,evalScripts/split/generateConfigurations/k6/10.js,yes,,0,,0,,0,,1,5:14
umbrellerde/functionfusion,https://github.com/umbrellerde/functionfusion,evalScripts/IoT/manualOptimizerConstantLoad/k6/bursty_workload_newDist/1.js,yes,,0,,0,,0,,1,10:14
umbrellerde/functionfusion,https://github.com/umbrellerde/functionfusion,evalScripts/splittest/generateConfigurations/k6/4.js,yes,,0,,0,,0,,1,5:14
umbrellerde/functionfusion,https://github.com/umbrellerde/functionfusion,evalScripts/splittest/generateConfigurations/k6/8.js,yes,,0,,0,,0,,1,5:14
umbrellerde/functionfusion,https://github.com/umbrellerde/functionfusion,evalScripts/split/generateConfigurations/k6/0.js,yes,,0,,0,,0,,1,5:14
umbrellerde/functionfusion,https://github.com/umbrellerde/functionfusion,evalScripts/split/generateConfigurations/k6/2.js,yes,,0,,0,,0,,1,5:14
umbrellerde/functionfusion,https://github.com/umbrellerde/functionfusion,evalScripts/split/generateConfigurations/k6/3.js,yes,,0,,0,,0,,1,5:14
umbrellerde/functionfusion,https://github.com/umbrellerde/functionfusion,evalScripts/split/generateConfigurations/k6/12.js,yes,,0,,0,,0,,1,5:14
Zerokoinhub/app-backend,https://github.com/Zerokoinhub/app-backend,loadtest.js,yes,,0,,0,,0,,1,4:14
digitalemil/thegymallinone,https://github.com/digitalemil/thegymallinone,k6/sensitive.js,yes,,0,,1,13:1,0,,0,
digitalemil/thegymallinone,https://github.com/digitalemil/thegymallinone,k6/loadgenerator.js,yes,,0,,1,13:1,0,,0,
digitalemil/thegymallinone,https://github.com/digitalemil/thegymallinone,k6/error-generator.js,yes,,0,,1,13:1,0,,0,
digitalemil/thegymallinone,https://github.com/digitalemil/thegymallinone,k6/local-loadgenerator.js,yes,,0,,1,13:1,0,,0,
ghif-A/fintech-super-app-backend,https://github.com/ghif-A/fintech-super-app-backend,k6/auth-service.js,yes,,0,,0,,2,19:19; 29:18,1,4:14
ghif-A/fintech-super-app-backend,https://github.com/ghif-A/fintech-super-app-backend,k6/wallet-service.js,yes,,0,,0,,5,19:3; 25:20; 39:27; 50:22; 56:22,1,4:14
JiwonDev/test-word,https://github.com/JiwonDev/test-word,scripts/state4_peakload.js,yes,,0,,0,,0,,1,5:14
spotifeye/album-player,https://github.com/spotifeye/album-player,k6/script.js,yes,,0,,0,,0,,1,7:12
fishperson113/ticklab-challenge,https://github.com/fishperson113/ticklab-challenge,perf/script.js,yes,,0,,0,,0,,0,
matfritzen/k6-tests,https://github.com/matfritzen/k6-tests,k6-scripts/custom-tags.js,yes,,0,,0,,0,,0,
matfritzen/k6-tests,https://github.com/matfritzen/k6-tests,k6-scripts/abort.js,yes,,0,,1,17:1,0,,1,5:14
matfritzen/k6-tests,https://github.com/matfritzen/k6-tests,k6-scripts/expected-response.js,yes,,0,,0,,4,17:19; 21:13; 22:13; 28:9,0,
matfritzen/k6-tests,https://github.com/matfritzen/k6-tests,http-methods/http-delete.js,yes,,0,,0,,8,11:5; 21:15; 39:5; 48:11; 66:11; 80:11; 97:11; 112:11,0,
matfritzen/k6-tests,https://github.com/matfritzen/k6-tests,k6-scripts/scenario.js,yes,,0,,0,,0,,0,
matfritzen/k6-tests,https://github.com/matfritzen/k6-tests,k6-scripts/custom-metrics.js,yes,,0,,1,18:1,2,19:15; 23:11,0,
matfritzen/k6-tests,https://github.com/matfritzen/k6-tests,browser.js,yes,,0,,0,,2,23:5; 34:5,1,4:14
matfritzen/k6-tests,https://github.com/matfritzen/k6-tests,http-methods/http-get.js,yes,,0,,0,,2,10:15; 15:11,0,
matfritzen/k6-tests,https://github.com/matfritzen/k6-tests,http-methods/http-post-assignment.js,yes,,0,,1,10:1,0,,0,
matfritzen/k6-tests,https://github.com/matfritzen/k6-tests,external-json.js,yes,,0,,0,,0,,0,
matfritzen/k6-tests,https://github.com/matfritzen/k6-tests,k6-scripts/lifecycle.js,yes,,0,,0,,0,,1,4:14
matfritzen/k6-tests,https://github.com/matfritzen/k6-tests,insecure-request.js,yes,,0,,1,11:1,0,,0,
matfritzen/k6-tests,https://github.com/matfritzen/k6-tests,http-methods/http-patch.js,yes,,0,,0,,7,11:5; 21:15; 39:5; 48:11; 66:11; 80:11; 97:11,0,
matfritzen/k6-tests,https://github.com/matfritzen/k6-tests,k6-scripts/groups.js,yes,,0,,0,,4,16:19; 20:13; 21:13; 27:9,0,
matfritzen/k6-tests,https://github.com/matfritzen/k6-tests,TypesOfTests/first-script.js,yes,,0,,1,14:1,0,,1,4:14
matfritzen/k6-tests,https://github.com/matfritzen/k6-tests,http-methods/http-post.js,yes,,0,,0,,5,11:5; 21:15; 39:5; 48:11; 66:11,0,
matfritzen/k6-tests,https://github.com/matfritzen/k6-tests,random-item.js,yes,,0,,0,,2,6:15; 11:11,0,
matfritzen/k6-tests,https://github.com/matfritzen/k6-tests,http-methods/http-put.js,yes,,0,,0,,6,11:5; 21:15; 39:5; 48:11; 66:11; 80:11,0,
matfritzen/k6-tests,https://github.com/matfritzen/k6-tests,random-sleep.js,yes,,0,,1,10:1,0,,1,5:14
matfritzen/k6-tests,https://github.com/matfritzen/k6-tests,TypesOfTests/soak-test.js,yes,,0,,1,35:1,3,36:5; 38:5; 40:5,1,14:14
matfritzen/k6-tests,https://github.com/matfritzen/k6-tests,k6-test-api-tags.js,yes,,0,,0,,6,39:15; 59:11; 105:11; 147:11; 174:11; 199:11,0,
matfritzen/k6-tests,https://github.com/matfritzen/k6-tests,TypesOfTests/stress-test.js,yes,,0,,1,32:1,3,33:5; 35:5; 37:5,1,11:14
matfritzen/k6-tests,https://github.com/matfritzen/k6-tests,TypesOfTests/load-test.js,yes,,0,,1,25:1,3,26:5; 28:5; 30:5,1,4:14
matfritzen/k6-tests,https://github.com/matfritzen/k6-tests,TypesOfTests/spike-test.js,yes,,0,,1,19:1,0,,1,4:14
matfritzen/k6-tests,https://github.com/matfritzen/k6-tests,TypesOfTests/smoke-test.js,yes,,0,,1,9:1,3,10:5; 12:5; 14:5,1,4:14
matfritzen/k6-tests,https://github.com/matfritzen/k6-tests,TypesOfTests/breakpoint-test.js,yes,,0,,1,14:1,0,,1,4:14
rpp36-sdc-bit/rpp36-chris-overview,https://github.com/rpp36-sdc-bit/rpp36-chris-overview,server/scripts1.js,yes,,0,,0,,0,,0,
Abhay2412/SENG533FinalProject,https://github.com/Abhay2412/SENG533FinalProject,scripts/OLD/numberofVUs/constantVUs/10VUs.js,yes,,0,,0,,0,,1,9:14
Abhay2412/SENG533FinalProject,https://github.com/Abhay2412/SENG533FinalProject,scripts/OLD/iterationRate/constantArrivalRate/constantArrivalRate.js,yes,,0,,0,,0,,1,8:14
NhanNguyen20/event-planning-management-system,https://github.com/NhanNguyen20/event-planning-management-system,server/K6TestingScript/LoadTesting/scenario1.js,yes,,0,,0,,3,4027:22; 4043:25; 4065:28,1,4010:12
NhanNguyen20/event-planning-management-system,https://github.com/NhanNguyen20/event-planning-management-system,server/K6TestingScript/LoadTesting/scenario2.js,yes,,0,,0,,2,4026:22; 4052:26,1,4010:12
NhanNguyen20/event-planning-management-system,https://github.com/NhanNguyen20/event-planning-management-system,server/K6TestingScript/rate-limit-not-breach-test.js,yes,,0,,0,,0,,1,4:12
NhanNguyen20/event-planning-management-system,https://github.com/NhanNguyen20/event-planning-management-system,server/K6TestingScript/rate-limit-breach-test.js,yes,,0,,0,,0,,1,4:12
wnmay/horo,https://github.com/wnmay/horo,stresstest.js,yes,,0,,0,,3,43:19; 55:20; 71:18,0,
wnmay/horo,https://github.com/wnmay/horo,load-tests/order-service-test.js,yes,,0,,0,,2,79:17; 133:17,0,
wnmay/horo,https://github.com/wnmay/horo,load-tests/full-flow-load-test.js,yes,,0,,0,,6,99:23; 129:22; 189:23; 238:20; 274:31; 310:22,0,
pwarnock/pwarnock.github.io,https://github.com/pwarnock/pwarnock.github.io,scripts/load-testing-with-flag.js,yes,,0,,0,,0,,0,
pwarnock/pwarnock.github.io,https://github.com/pwarnock/pwarnock.github.io,scripts/load-testing.js,yes,,0,,0,,0,,1,22:14
G-Research/fasttrackml,https://github.com/G-Research/fasttrackml,benchmarks/k6RetrievalPerfScript.js,yes,,0,,1,18:1,5,27:31; 43:28; 92:5; 108:3; 126:3,0,
G-Research/fasttrackml,https://github.com/G-Research/fasttrackml,benchmarks/k6LoggingPerfScript.js,yes,,0,,1,8:1,8,12:24; 103:3; 124:3; 141:3; 158:3; 175:3; 192:3; 209:3,0,
lsolano-bluevolt/Performance_testing_BV,https://github.com/lsolano-bluevolt/Performance_testing_BV,scripts/login.js,yes,,0,,0,,0,,1,6:12
2eungwoo/redis-lock-with-db-transaction,https://github.com/2eungwoo/redis-lock-with-db-transaction,k6/3002.js,yes,,0,,0,,0,,1,4:14
2eungwoo/redis-lock-with-db-transaction,https://github.com/2eungwoo/redis-lock-with-db-transaction,k6/3000.js,yes,,0,,0,,0,,1,4:14
2eungwoo/redis-lock-with-db-transaction,https://github.com/2eungwoo/redis-lock-with-db-transaction,k6/3001.js,yes,,0,,0,,0,,1,4:14
2eungwoo/redis-lock-with-db-transaction,https://github.com/2eungwoo/redis-lock-with-db-transaction,k6/load-test.js,yes,,0,,1,21:1,2,32:21; 35:5,1,10:14
beincom/bic-notification-perf-load,https://github.com/beincom/bic-notification-perf-load,src/scenarios/answer-quiz.scenarios.ts,yes,,0,,0,,0,,0,
beincom/bic-notification-perf-load,https://github.com/beincom/bic-notification-perf-load,src/scenarios/newsfeed.scenarios.ts,yes,,0,,0,,0,,0,
beincom/bic-notification-perf-load,https://github.com/beincom/bic-notification-perf-load,shared/helpers/http.helper.ts,yes,,0,,0,,0,,0,
beincom/bic-notification-perf-load,https://github.com/beincom/bic-notification-perf-load,src/scenarios/timeline.scenarios.ts,yes,,0,,0,,0,,0,
nicolevanderhoeven/k6-scripts,https://github.com/nicolevanderhoeven/k6-scripts,ecommerce/sc01-purchase.js,yes,,0,,0,,0,,0,
nicolevanderhoeven/k6-scripts,https://github.com/nicolevanderhoeven/k6-scripts,percentages.js,yes,,0,,1,11:1,0,,1,5:14
nicolevanderhoeven/k6-scripts,https://github.com/nicolevanderhoeven/k6-scripts,automationguild2022/xk6_0.5.0_mac_amd64/browser.js,yes,,0,,0,,0,,0,
nicolevanderhoeven/k6-scripts,https://github.com/nicolevanderhoeven/k6-scripts,review-signal.js,yes,,0,,1,33:1,0,,1,9:12
nicolevanderhoeven/k6-scripts,https://github.com/nicolevanderhoeven/k6-scripts,ecommerce-tag.js,yes,,0,,0,,44,24:16; 36:16; 48:16; 60:16; 72:16; 84:16; 96:16; 108:16; 120:16; 133:16; 145:16; 157:16; 169:16; 181:16; 193:16; 205:16; 217:16; 229:16; 241:16; 253:16; 265:16; 277:16; 289:16; 301:16; 313:16; 325:16; 337:16; 349:16; 361:16; 373:16; 385:16; 397:16; 409:16; 421:16; 440:16; 452:16; 465:16; 474:16; 486:16; 498:16; 510:16; 522:16; 534:16; 546:16,0,
nicolevanderhoeven/k6-scripts,https://github.com/nicolevanderhoeven/k6-scripts,testdata-partitioned.js,yes,,0,,0,,0,,1,11:14
nicolevanderhoeven/k6-scripts,https://github.com/nicolevanderhoeven/k6-scripts,ecommerce-group.js,yes,,0,,0,,44,16:16; 28:16; 40:16; 52:16; 64:16; 76:16; 88:16; 100:16; 112:16; 125:16; 137:16; 149:16; 161:16; 173:16; 185:16; 197:16; 209:16; 221:16; 233:16; 245:16; 257:16; 269:16; 281:16; 293:16; 305:16; 317:16; 329:16; 341:16; 353:16; 365:16; 377:16; 389:16; 401:16; 413:16; 432:16; 444:16; 457:16; 466:16; 478:16; 490:16; 502:16; 514:16; 526:16; 538:16,0,
nicolevanderhoeven/k6-scripts,https://github.com/nicolevanderhoeven/k6-scripts,endtoendloadtesting/home-login.js,yes,,0,,0,,0,,0,
nicolevanderhoeven/k6-scripts,https://github.com/nicolevanderhoeven/k6-scripts,setup-teardown.js,yes,,0,,0,,0,,0,
nicolevanderhoeven/k6-scripts,https://github.com/nicolevanderhoeven/k6-scripts,custom-timer.js,yes,,0,,0,,0,,0,
nicolevanderhoeven/k6-scripts,https://github.com/nicolevanderhoeven/k6-scripts,testdata-simple.js,yes,,0,,0,,2,9:20; 22:16,0,
nicolevanderhoeven/k6-scripts,https://github.com/nicolevanderhoeven/k6-scripts,flipcoin.js,yes,,0,,0,,0,,0,
nicolevanderhoeven/k6-scripts,https://github.com/nicolevanderhoeven/k6-scripts,grafanaconline2022/browser.js,yes,,0,,0,,0,,0,
nicolevanderhoeven/k6-scripts,https://github.com/nicolevanderhoeven/k6-scripts,expoqa/chaos.js,yes,,0,,0,,0,,0,
nicolevanderhoeven/k6-scripts,https://github.com/nicolevanderhoeven/k6-scripts,ecommerce/sc02-browse.js,yes,,0,,0,,0,,0,
nicolevanderhoeven/k6-scripts,https://github.com/nicolevanderhoeven/k6-scripts,automationguild2022/xk6_0.5.0_mac_amd64/browser2.js,yes,,0,,0,,0,,0,
nicolevanderhoeven/k6-scripts,https://github.com/nicolevanderhoeven/k6-scripts,nicolevdh.js,yes,,0,,0,,0,,0,
nicolevanderhoeven/k6-scripts,https://github.com/nicolevanderhoeven/k6-scripts,ecommerce/homepage.js,yes,,0,,0,,45,21:5; 37:16; 49:16; 61:16; 73:16; 85:16; 97:16; 109:16; 121:16; 133:16; 146:16; 158:16; 170:16; 182:16; 194:16; 206:16; 218:16; 230:16; 242:16; 254:16; 266:16; 278:16; 290:16; 302:16; 314:16; 326:16; 338:16; 350:16; 362:16; 374:16; 386:16; 398:16; 410:16; 422:16; 434:16; 453:16; 465:16; 478:16; 487:16; 499:16; 511:16; 523:16; 535:16; 547:16; 559:16,0,
nicolevanderhoeven/k6-scripts,https://github.com/nicolevanderhoeven/k6-scripts,mot.js,yes,,0,,0,,0,,0,
nicolevanderhoeven/k6-scripts,https://github.com/nicolevanderhoeven/k6-scripts,simple-environmentvariable.js,yes,,0,,1,11:1,0,,0,
nicolevanderhoeven/k6-scripts,https://github.com/nicolevanderhoeven/k6-scripts,expoqa/browser.js,yes,,0,,0,,8,22:5; 33:5; 51:5; 63:5; 82:5; 93:5; 104:5; 121:5,0,
nicolevanderhoeven/k6-scripts,https://github.com/nicolevanderhoeven/k6-scripts,ecommerce/cart.js,yes,,0,,0,,98,19:16; 25:5; 30:16; 39:16; 47:16; 55:16; 63:16; 71:16; 79:16; 87:16; 95:16; 103:16; 111:16; 119:16; 127:16; 135:16; 143:16; 151:16; 159:16; 167:16; 175:16; 183:16; 191:16; 199:16; 207:16; 215:16; 223:16; 231:16; 239:16; 247:16; 256:16; 264:16; 272:16; 290:16; 296:5; 308:16; 317:16; 326:16; 335:16; 344:16; 353:16; 362:16; 371:16; 380:16; 389:16; 398:16; 407:16; 416:16; 425:16; 434:16; 443:16; 452:16; 461:16; 470:16; 479:16; 488:16; 497:16; 506:16; 515:16; 524:16; 533:16; 542:16; 551:16; 561:16; 592:16; 601:16; 612:16; 644:16; 690:7; 695:18; 704:18; 713:18; 722:18; 731:18; 740:18; 749:18; 758:18; 767:18; 776:18; 785:18; 794:18; 803:18; 812:18; 821:18; 830:18; 839:18; 848:18; 857:18; 866:18; 876:18; 885:18; 894:18; 903:18; 912:18; 921:18; 930:18; 939:18; 948:18,0,
nicolevanderhoeven/k6-scripts,https://github.com/nicolevanderhoeven/k6-scripts,expoqa/api.js,yes,,0,,0,,0,,0,
nicolevanderhoeven/k6-scripts,https://github.com/nicolevanderhoeven/k6-scripts,ecommerce-urlgroup.js,yes,,0,,0,,0,,1,4:14
nicolevanderhoeven/k6-scripts,https://github.com/nicolevanderhoeven/k6-scripts,ecommerce/product.js,yes,,0,,0,,41,44:16; 57:16; 66:16; 75:16; 84:16; 93:16; 102:16; 111:16; 120:16; 129:16; 138:16; 147:16; 156:16; 165:16; 174:16; 183:16; 192:16; 201:16; 210:16; 219:16; 228:16; 237:16; 246:16; 255:16; 264:16; 273:16; 282:16; 291:16; 300:16; 309:16; 318:16; 327:16; 336:16; 346:16; 355:16; 364:16; 373:16; 382:16; 391:16; 406:16; 415:16,0,
nicolevanderhoeven/k6-scripts,https://github.com/nicolevanderhoeven/k6-scripts,testdata-sharedarray.js,yes,,0,,0,,0,,0,
nicolevanderhoeven/k6-scripts,https://github.com/nicolevanderhoeven/k6-scripts,globalresponsecallback.js,yes,,0,,0,,4,4:1; 4:26; 14:18; 21:3,1,6:14
nicolevanderhoeven/k6-scripts,https://github.com/nicolevanderhoeven/k6-scripts,pokeapi-simplified.js,yes,,0,,0,,0,,0,
nicolevanderhoeven/k6-scripts,https://github.com/nicolevanderhoeven/k6-scripts,xk6-dashboard/simple.js,yes,,0,,0,,0,,1,4:14
nicolevanderhoeven/k6-scripts,https://github.com/nicolevanderhoeven/k6-scripts,steadybit-demo/steadybit-demo.js,yes,,0,,0,,2,65:18; 73:14,1,6:14
nicolevanderhoeven/k6-scripts,https://github.com/nicolevanderhoeven/k6-scripts,test-test_k6_io.js,yes,,0,,0,,0,,0,
nicolevanderhoeven/k6-scripts,https://github.com/nicolevanderhoeven/k6-scripts,test-sample.js,yes,,1,12:33,0,,0,,0,
nicolevanderhoeven/k6-scripts,https://github.com/nicolevanderhoeven/k6-scripts,test-batch.js,yes,,0,,0,,0,,0,
nicolevanderhoeven/k6-scripts,https://github.com/nicolevanderhoeven/k6-scripts,test.js,yes,,0,,0,,0,,1,4:14
nicolevanderhoeven/k6-scripts,https://github.com/nicolevanderhoeven/k6-scripts,test-httpbin.js,yes,,0,,0,,0,,0,
nicolevanderhoeven/k6-scripts,https://github.com/nicolevanderhoeven/k6-scripts,simple.js,yes,,0,,0,,0,,1,4:14
fuji-184/Test,https://github.com/fuji-184/Test,k6.js,yes,,0,,0,,0,,1,4:12
duongnv129/ory-self-hosted,https://github.com/duongnv129/ory-self-hosted,keto-zanziban-multi-tenancy-rbac-per-resource/loadtest/k6/scenarios/scenario3-resource-scaling.js,yes,,0,,0,,1,320:5,0,
2022-Winter-Bootcamp-team-L/hey_apple,https://github.com/2022-Winter-Bootcamp-team-L/hey_apple,script.js,yes,,1,49:14,0,,4,68:31; 69:23; 95:29; 96:21,1,5:14
Spaceona/backend-go,https://github.com/Spaceona/backend-go,loadtesting/hourTest.js,yes,,0,,0,,4,23:22; 45:18; 64:26; 75:23,0,
AdrianLThomas/presentations,https://github.com/AdrianLThomas/presentations,slides/load-testing-with-k6/scripts/delays-and-errors-example.js,yes,,0,,1,12:1,0,,0,
ngocan-dev/mangahub_,https://github.com/ngocan-dev/mangahub_,backend/performance/concurrency.js,yes,,0,,0,,0,,1,38:14
pagopa/pn-load-test,https://github.com/pagopa/pn-load-test,src/BankCourtesyMessage.js,yes,,4,7:22; 7:33; 39:1; 42:3,0,,6,80:24; 81:13; 84:13; 88:24; 89:13; 92:13,1,7:12
pgj/couchdb-k6,https://github.com/pgj/couchdb-k6,mango/common/benchmark.mjs,yes,,0,,0,,5,49:17; 53:6; 59:17; 73:26; 84:27,0,
PraveenAsthana123/cypresstesting,https://github.com/PraveenAsthana123/cypresstesting,perf/k6-stress.js,yes,,0,,0,,4,99:23; 109:25; 122:7; 126:7,0,
PraveenAsthana123/cypresstesting,https://github.com/PraveenAsthana123/cypresstesting,perf/k6-smoke.js,yes,,0,,0,,4,209:25; 255:32; 286:32; 312:26,0,
pablotdv/ingressos-cinema,https://github.com/pablotdv/ingressos-cinema,src/loadtest.js,yes,,0,,0,,0,,1,7:12
olgaStadnyk/k6-learning,https://github.com/olgaStadnyk/k6-learning,project/pages/api/logout.js,yes,,0,,0,,0,,0,
olgaStadnyk/k6-learning,https://github.com/olgaStadnyk/k6-learning,AI/k6-openai.js,yes,,0,,0,,0,,1,9:12
olgaStadnyk/k6-learning,https://github.com/olgaStadnyk/k6-learning,project/pages/browser/productPage.js,yes,,0,,0,,0,,0,
olgaStadnyk/k6-learning,https://github.com/olgaStadnyk/k6-learning,project/pages/api/get-all-products-category.js,yes,,0,,0,,0,,0,
olgaStadnyk/k6-learning,https://github.com/olgaStadnyk/k6-learning,project/pages/api/login.js,yes,,0,,0,,0,,0,
olgaStadnyk/k6-learning,https://github.com/olgaStadnyk/k6-learning,cloud/logs.js,yes,,0,,0,,3,23:28; 37:28; 49:24,1,17:14
olgaStadnyk/k6-learning,https://github.com/olgaStadnyk/k6-learning,project/utils/common-functions.js,yes,,0,,0,,0,,0,
olgaStadnyk/k6-learning,https://github.com/olgaStadnyk/k6-learning,cloud/project-id.js,yes,,0,,1,17:1,0,,1,4:14
olgaStadnyk/k6-learning,https://github.com/olgaStadnyk/k6-learning,project/pages/api/get-all-products.js,yes,,0,,0,,0,,0,
olgaStadnyk/k6-learning,https://github.com/olgaStadnyk/k6-learning,cicd/cicd.js,yes,,0,,0,,0,,0,
olgaStadnyk/k6-learning,https://github.com/olgaStadnyk/k6-learning,project/pages/api/view-product.js,yes,,0,,0,,2,23:16; 28:12,0,
olgaStadnyk/k6-learning,https://github.com/olgaStadnyk/k6-learning,project/pages/api/add-to-cart.js,yes,,0,,0,,0,,0,
olgaStadnyk/k6-learning,https://github.com/olgaStadnyk/k6-learning,project/pages/browser/homePage.js,yes,,0,,0,,0,,0,
olgaStadnyk/k6-learning,https://github.com/olgaStadnyk/k6-learning,cloud/cloud-default.js,yes,,0,,1,9:1,0,,1,4:14
olgaStadnyk/k6-learning,https://github.com/olgaStadnyk/k6-learning,project/pages/api/home-page.js,yes,,0,,0,,0,,0,
olgaStadnyk/k6-learning,https://github.com/olgaStadnyk/k6-learning,project/pages/api/cart.js,yes,,0,,0,,0,,0,
olgaStadnyk/k6-learning,https://github.com/olgaStadnyk/k6-learning,api-tests/load-types/6-soak.js,yes,,0,,0,,3,36:21; 39:21; 42:21,0,
olgaStadnyk/k6-learning,https://github.com/olgaStadnyk/k6-learning,cloud/thresholds.js,yes,,0,,0,,0,,0,
olgaStadnyk/k6-learning,https://github.com/olgaStadnyk/k6-learning,project/tests/browser/test.js,yes,,2,6:18; 6:29,0,,2,43:3; 61:3,0,
olgaStadnyk/k6-learning,https://github.com/olgaStadnyk/k6-learning,browser-test/browser-test.js,yes,,0,,0,,0,,0,
olgaStadnyk/k6-learning,https://github.com/olgaStadnyk/k6-learning,browser-test/browser_and_http.js,yes,,0,,0,,2,92:5; 106:5,0,
olgaStadnyk/k6-learning,https://github.com/olgaStadnyk/k6-learning,project/tests/api/06.spike.js,yes,,0,,0,,0,,0,
olgaStadnyk/k6-learning,https://github.com/olgaStadnyk/k6-learning,api-tests/metrics/rate.js,yes,,0,,1,30:1,0,,0,
olgaStadnyk/k6-learning,https://github.com/olgaStadnyk/k6-learning,api-tests/stages.js,yes,,0,,0,,0,,1,10:12
olgaStadnyk/k6-learning,https://github.com/olgaStadnyk/k6-learning,project/tests/api/02.smoke.js,yes,,0,,0,,0,,0,
olgaStadnyk/k6-learning,https://github.com/olgaStadnyk/k6-learning,api-tests/metrics/gauge.js,yes,,0,,1,18:1,0,,0,
olgaStadnyk/k6-learning,https://github.com/olgaStadnyk/k6-learning,api-tests/metrics/counter.js,yes,,0,,1,23:1,2,24:21; 35:22,0,
olgaStadnyk/k6-learning,https://github.com/olgaStadnyk/k6-learning,api-tests/checks.js,yes,,0,,0,,2,5:17; 10:5,0,
olgaStadnyk/k6-learning,https://github.com/olgaStadnyk/k6-learning,browser-test/simple-test.js,yes,,0,,0,,0,,0,
olgaStadnyk/k6-learning,https://github.com/olgaStadnyk/k6-learning,api-tests/metrics/custom-metrics.js,yes,,0,,1,25:1,2,27:13; 36:9,0,
olgaStadnyk/k6-learning,https://github.com/olgaStadnyk/k6-learning,first-test/first-script.js,yes,,0,,1,24:1,0,,1,19:14
olgaStadnyk/k6-learning,https://github.com/olgaStadnyk/k6-learning,api-tests/load-types/2-average-load.js,yes,,0,,1,26:1,3,28:3; 31:3; 34:3,1,5:14
olgaStadnyk/k6-learning,https://github.com/olgaStadnyk/k6-learning,api-tests/load-types/3-stress.js,yes,,0,,1,25:1,3,26:5; 28:5; 30:5,1,5:14
olgaStadnyk/k6-learning,https://github.com/olgaStadnyk/k6-learning,first-test/first-script-cloud.js,yes,,0,,1,14:1,0,,1,4:14
olgaStadnyk/k6-learning,https://github.com/olgaStadnyk/k6-learning,api-tests/groups.js,yes,,0,,0,,2,10:5; 13:17,0,
olgaStadnyk/k6-learning,https://github.com/olgaStadnyk/k6-learning,project/tests/api/03.average.js,yes,,2,16:18; 16:29,0,,0,,0,
olgaStadnyk/k6-learning,https://github.com/olgaStadnyk/k6-learning,api-tests/load-types/1-smoke.js,yes,,0,,0,,3,23:28; 31:28; 39:24,1,17:14
olgaStadnyk/k6-learning,https://github.com/olgaStadnyk/k6-learning,api-tests/metrics/trend.js,yes,,0,,1,19:1,0,,0,
olgaStadnyk/k6-learning,https://github.com/olgaStadnyk/k6-learning,api-tests/load-types/4-spike.js,yes,,0,,1,19:1,0,,1,4:14
olgaStadnyk/k6-learning,https://github.com/olgaStadnyk/k6-learning,api-tests/load-types/5-breakpoint.js,yes,,0,,0,,0,,0,
olgaStadnyk/k6-learning,https://github.com/olgaStadnyk/k6-learning,api-tests/thresholds.js,yes,,0,,0,,0,,0,
ApdexOne/grafana-prometheus,https://github.com/ApdexOne/grafana-prometheus,script/script.js,yes,,0,,0,,0,,1,4:14
cristianlopera24/PetStore_Performance,https://github.com/cristianlopera24/PetStore_Performance,cases/store/getStoreOrderTest.js,yes,,0,,0,,0,,1,14:12
cristianlopera24/PetStore_Performance,https://github.com/cristianlopera24/PetStore_Performance,cases/store/postStoreOrderTest.js,yes,,0,,0,,0,,1,12:12
cristianlopera24/PetStore_Performance,https://github.com/cristianlopera24/PetStore_Performance,cases/Script.js,yes,,0,,0,,0,,1,25:12
cristianlopera24/PetStore_Performance,https://github.com/cristianlopera24/PetStore_Performance,cases/store/storeinventoryTest.js,yes,,0,,0,,0,,1,15:12
cristianlopera24/PetStore_Performance,https://github.com/cristianlopera24/PetStore_Performance,cases/Pet/getPetTest.js,yes,,0,,0,,0,,1,14:12
cristianlopera24/PetStore_Performance,https://github.com/cristianlopera24/PetStore_Performance,cases/user/getUserLogoutTest.js,yes,,0,,0,,0,,1,14:12
cristianlopera24/PetStore_Performance,https://github.com/cristianlopera24/PetStore_Performance,cases/Pet/deletePetTest.js,yes,,0,,0,,0,,1,8:12
cristianlopera24/PetStore_Performance,https://github.com/cristianlopera24/PetStore_Performance,cases/user/createUserTest.js,yes,,0,,0,,0,,1,14:12
cristianlopera24/PetStore_Performance,https://github.com/cristianlopera24/PetStore_Performance,cases/Pet/createPetTest.js,yes,,0,,0,,0,,1,14:12
cristianlopera24/PetStore_Performance,https://github.com/cristianlopera24/PetStore_Performance,cases/store/deletStoreOrderTest.js,yes,,0,,0,,0,,1,14:12
cristianlopera24/PetStore_Performance,https://github.com/cristianlopera24/PetStore_Performance,cases/Pet/updatePetTest.js,yes,,0,,0,,0,,1,14:12
cristianlopera24/PetStore_Performance,https://github.com/cristianlopera24/PetStore_Performance,cases/user/getUserLoginTest.js,yes,,0,,0,,0,,1,14:12
cristianlopera24/PetStore_Performance,https://github.com/cristianlopera24/PetStore_Performance,cases/user/deleteUserTest.js,yes,,0,,0,,0,,1,12:12
thandayuthapani/GreenCourier,https://github.com/thandayuthapani/GreenCourier,Load-Generator-Tool/k6gRPCClientBasic/funcinvoker.js,yes,,0,,0,,0,,1,7:14
rogatka/advertisements,https://github.com/rogatka/advertisements,load-testing/increment-views-kafka.js,yes,,0,,0,,0,,1,19:14
rogatka/advertisements,https://github.com/rogatka/advertisements,load-testing/increment-views-rest.js,yes,,0,,0,,0,,1,5:14
alfarisg34/Tugas-Bootcamp-QA,https://github.com/alfarisg34/Tugas-Bootcamp-QA,12. Learn K6/main.js,yes,,0,,0,,7,37:16; 89:17; 94:27; 95:30; 102:17; 107:19; 108:22,0,
alfarisg34/Tugas-Bootcamp-QA,https://github.com/alfarisg34/Tugas-Bootcamp-QA,12. Learn K6/playground/modularize-before.js,yes,,0,,0,,2,48:3; 52:3,0,
alfarisg34/Tugas-Bootcamp-QA,https://github.com/alfarisg34/Tugas-Bootcamp-QA,12. Learn K6/playground/cloud.js,yes,,0,,1,12:1,0,,1,4:14
alfarisg34/Tugas-Bootcamp-QA,https://github.com/alfarisg34/Tugas-Bootcamp-QA,12. Learn K6/index.js,yes,,0,,0,,0,,1,18:14
alfarisg34/Tugas-Bootcamp-QA,https://github.com/alfarisg34/Tugas-Bootcamp-QA,12. Learn K6/playground/group.js,yes,,0,,0,,2,6:15; 15:16,0,
alfarisg34/Tugas-Bootcamp-QA,https://github.com/alfarisg34/Tugas-Bootcamp-QA,12. Learn K6/playground/check.js,yes,,0,,0,,0,,0,
alfarisg34/Tugas-Bootcamp-QA,https://github.com/alfarisg34/Tugas-Bootcamp-QA,12. Learn K6/playground/test-type.js,yes,,0,,1,22:1,0,,1,4:14
pornpasok/k6-7chat,https://github.com/pornpasok/k6-7chat,inquiry_profile.js,yes,,0,,0,,0,,0,
jeffotoni/gusermelicrud,https://github.com/jeffotoni/gusermelicrud,k6/script-post.js,yes,,0,,1,23:1,0,,0,
jeffotoni/gusermelicrud,https://github.com/jeffotoni/gusermelicrud,k6/script.get.js,yes,,0,,1,11:1,0,,1,6:12
jeffotoni/gusermelicrud,https://github.com/jeffotoni/gusermelicrud,k6/script.put.js,yes,,0,,1,11:1,0,,1,6:12
jeffotoni/gusermelicrud,https://github.com/jeffotoni/gusermelicrud,k6/script.ping.js,yes,,0,,1,11:1,2,14:3; 15:2,1,6:12
JavierSpartan-117/SQA_Semana_9,https://github.com/JavierSpartan-117/SQA_Semana_9,pruebaCarrito.js,yes,,0,,0,,4,10:20; 14:23; 18:22; 21:23,1,4:12
JavierSpartan-117/SQA_Semana_9,https://github.com/JavierSpartan-117/SQA_Semana_9,prueba.js,yes,,0,,1,4:1,0,,0,
JavierSpartan-117/SQA_Semana_9,https://github.com/JavierSpartan-117/SQA_Semana_9,pruebaCarga.js,yes,,0,,0,,0,,1,4:12
CodeLain/gastos,https://github.com/CodeLain/gastos,loadTest.js,yes,,0,,0,,0,,1,4:12
CodeLain/gastos,https://github.com/CodeLain/gastos,loadTest2.js,yes,,0,,0,,0,,1,4:12
byounghoon95/concert-ticketing,https://github.com/byounghoon95/concert-ticketing,k6/totalTest.js,yes,,0,,0,,6,67:13; 79:15; 90:13; 105:15; 128:13; 149:13,1,9:14
byounghoon95/concert-ticketing,https://github.com/byounghoon95/concert-ticketing,k6/reservation/reserveSeat.js,yes,,0,,0,,0,,1,4:14
byounghoon95/concert-ticketing,https://github.com/byounghoon95/concert-ticketing,k6/concert/getAvailableSeats.js,yes,,0,,0,,0,,1,4:14
byounghoon95/concert-ticketing,https://github.com/byounghoon95/concert-ticketing,k6/concert/getAvailableDates.js,yes,,0,,0,,0,,1,4:14
byounghoon95/concert-ticketing,https://github.com/byounghoon95/concert-ticketing,k6/queue/enqueue.js,yes,,0,,0,,0,,1,9:14
rpp33-sdc-daisy/products-service,https://github.com/rpp33-sdc-daisy/products-service,k6.script.js,yes,,0,,1,18:1,0,,1,5:14
spryker/commerce-k6-performance-tests,https://github.com/spryker/commerce-k6-performance-tests,src/pages/bo/merchant-sales.page.js,yes,,0,,0,,0,,0,
spryker/commerce-k6-performance-tests,https://github.com/spryker/commerce-k6-performance-tests,src/pages/mp/orders.page.js,yes,,0,,0,,6,15:28; 30:33; 43:33; 58:35; 71:35; 85:34,0,
spryker/commerce-k6-performance-tests,https://github.com/spryker/commerce-k6-performance-tests,helpers/cart-helper.js,yes,,0,,0,,0,,0,
spryker/commerce-k6-performance-tests,https://github.com/spryker/commerce-k6-performance-tests,src/pages/bo/login.page.js,yes,,0,,0,,0,,0,
spryker/commerce-k6-performance-tests,https://github.com/spryker/commerce-k6-performance-tests,src/utils/auth.util.js,yes,,0,,0,,0,,0,
spryker/commerce-k6-performance-tests,https://github.com/spryker/commerce-k6-performance-tests,src/pages/yves/category.page.js,yes,,0,,0,,0,,0,
spryker/commerce-k6-performance-tests,https://github.com/spryker/commerce-k6-performance-tests,src/resources/abstract.resource.js,yes,,0,,0,,5,19:22; 32:22; 41:22; 50:22; 58:12,0,
spryker/commerce-k6-performance-tests,https://github.com/spryker/commerce-k6-performance-tests,src/pages/mp/dashboard.page.js,yes,,0,,0,,0,,0,
spryker/commerce-k6-performance-tests,https://github.com/spryker/commerce-k6-performance-tests,src/pages/yves/home.page.js,yes,,0,,0,,0,,0,
spryker/commerce-k6-performance-tests,https://github.com/spryker/commerce-k6-performance-tests,src/pages/yves/order.page.js,yes,,0,,0,,2,15:22; 28:22,0,
spryker/commerce-k6-performance-tests,https://github.com/spryker/commerce-k6-performance-tests,src/fixtures/abstract.fixture.js,yes,,0,,0,,2,30:17; 63:12,0,
spryker/commerce-k6-performance-tests,https://github.com/spryker/commerce-k6-performance-tests,src/pages/yves/login.page.js,yes,,0,,0,,4,37:22; 43:29; 81:22; 93:31,0,
spryker/commerce-k6-performance-tests,https://github.com/spryker/commerce-k6-performance-tests,src/pages/mp/product.page.js,yes,,0,,0,,15,17:32; 42:40; 57:40; 81:32; 94:35; 119:34; 132:35; 145:39; 158:38; 182:35; 195:43; 227:43; 240:42; 253:42; 266:44,0,
spryker/commerce-k6-performance-tests,https://github.com/spryker/commerce-k6-performance-tests,src/pages/yves/cart.page.js,yes,,0,,0,,2,16:22; 38:22,0,
spryker/commerce-k6-performance-tests,https://github.com/spryker/commerce-k6-performance-tests,src/tests/cart/SAPI6_cart_items_1.test.js,yes,,0,,0,,0,,1,26:14
spryker/commerce-k6-performance-tests,https://github.com/spryker/commerce-k6-performance-tests,src/pages/yves/catalog.page.js,yes,,0,,0,,0,,0,
spryker/commerce-k6-performance-tests,https://github.com/spryker/commerce-k6-performance-tests,src/tests/cart/SAPI8_cart_items_1.test.js,yes,,0,,0,,0,,1,26:14
spryker/commerce-k6-performance-tests,https://github.com/spryker/commerce-k6-performance-tests,src/pages/bo/product.page.js,yes,,0,,0,,2,24:32; 42:32,0,
spryker/commerce-k6-performance-tests,https://github.com/spryker/commerce-k6-performance-tests,src/tests/order-amendment/SAPI16_order_amendment_50.test.js,yes,,0,,0,,0,,1,40:14
spryker/commerce-k6-performance-tests,https://github.com/spryker/commerce-k6-performance-tests,src/tests/cart-reorder/SAPI15_cart_reorder_50.test.js,yes,,0,,0,,0,,1,30:14
spryker/commerce-k6-performance-tests,https://github.com/spryker/commerce-k6-performance-tests,src/pages/yves/checkout.page.js,yes,,0,,0,,11,14:22; 29:22; 44:22; 56:22; 68:22; 80:22; 95:22; 108:22; 127:22; 146:22; 165:22,0,
spryker/commerce-k6-performance-tests,https://github.com/spryker/commerce-k6-performance-tests,src/tests/shopping-list/SAPI36_view_shopping_list_70.test.js,yes,,0,,0,,0,,1,29:14
spryker/commerce-k6-performance-tests,https://github.com/spryker/commerce-k6-performance-tests,src/tests/order-management/S13_cancel_order.test.js,yes,,0,,0,,0,,1,35:14
spryker/commerce-k6-performance-tests,https://github.com/spryker/commerce-k6-performance-tests,src/tests/quote-request/SAPI40_create_quote_request_70.test.js,yes,,0,,0,,0,,1,33:14
spryker/commerce-k6-performance-tests,https://github.com/spryker/commerce-k6-performance-tests,src/tests/product-management/M4_product_create.test.js,yes,,0,,0,,0,,1,64:14
spryker/commerce-k6-performance-tests,https://github.com/spryker/commerce-k6-performance-tests,src/tests/category/SAPI11_view_category.test.js,yes,,0,,0,,0,,1,24:14
spryker/commerce-k6-performance-tests,https://github.com/spryker/commerce-k6-performance-tests,src/tests/cart/SAPI4_cart_view_70.test.js,yes,,0,,0,,0,,1,25:14
spryker/commerce-k6-performance-tests,https://github.com/spryker/commerce-k6-performance-tests,src/tests/order-management/SAPI38_order_history_view_10_70.test.js,yes,,0,,0,,0,,1,34:14
spryker/commerce-k6-performance-tests,https://github.com/spryker/commerce-k6-performance-tests,src/tests/order-management/M3_ship_order.test.js,yes,,0,,0,,0,,1,37:14
spryker/commerce-k6-performance-tests,https://github.com/spryker/commerce-k6-performance-tests,src/tests/checkout/S4_checkout_70.test.js,yes,,0,,0,,0,,1,92:14
spryker/commerce-k6-performance-tests,https://github.com/spryker/commerce-k6-performance-tests,src/tests/checkout/SAPI9_checkout_70.test.js,yes,,0,,0,,0,,1,29:14
spryker/commerce-k6-performance-tests,https://github.com/spryker/commerce-k6-performance-tests,src/tests/cart/SAPI34_remova_cart_items.test.js,yes,,0,,0,,0,,1,29:14
spryker/commerce-k6-performance-tests,https://github.com/spryker/commerce-k6-performance-tests,src/tests/discount/SAPI41_add_voucher_70.test.js,yes,,0,,0,,0,,1,30:14
spryker/commerce-k6-performance-tests,https://github.com/spryker/commerce-k6-performance-tests,src/tests/shopping-list/SAPI37_crud_shopping_list.test.js,yes,,0,,0,,0,,1,37:14
spryker/commerce-k6-performance-tests,https://github.com/spryker/commerce-k6-performance-tests,src/tests/order-management/B3_pay_order.test.js,yes,,0,,0,,0,,1,36:14
spryker/commerce-k6-performance-tests,https://github.com/spryker/commerce-k6-performance-tests,src/tests/cart/S18_cart_view_70.test.js,yes,,0,,0,,0,,1,24:14
spryker/commerce-k6-performance-tests,https://github.com/spryker/commerce-k6-performance-tests,src/tests/category/S25_category_filter.test.js,yes,,0,,0,,0,,1,23:14
spryker/commerce-k6-performance-tests,https://github.com/spryker/commerce-k6-performance-tests,src/tests/order-management/M1_orders_list.test.js,yes,,0,,0,,0,,1,31:14
spryker/commerce-k6-performance-tests,https://github.com/spryker/commerce-k6-performance-tests,src/tests/order-management/B1_orders_list.test.js,yes,,0,,0,,0,,1,26:14
spryker/commerce-k6-performance-tests,https://github.com/spryker/commerce-k6-performance-tests,tests/cross-product/sapi/scenarios/checkout/shared-checkout-scenario.js,yes,,0,,0,,0,,0,
spryker/commerce-k6-performance-tests,https://github.com/spryker/commerce-k6-performance-tests,src/tests/product-search/SAPI43_category_view.test.js,yes,,0,,0,,0,,1,23:14
spryker/commerce-k6-performance-tests,https://github.com/spryker/commerce-k6-performance-tests,src/pages/yves/product.page.js,yes,,0,,0,,0,,0,
spryker/commerce-k6-performance-tests,https://github.com/spryker/commerce-k6-performance-tests,src/tests/cart/SAPI33_create_carts.test.js,yes,,0,,0,,0,,1,29:14
spryker/commerce-k6-performance-tests,https://github.com/spryker/commerce-k6-performance-tests,src/tests/cart-reorder/SAPI19_cart_reorder_70.test.js,yes,,0,,0,,0,,1,30:14
spryker/commerce-k6-performance-tests,https://github.com/spryker/commerce-k6-performance-tests,src/tests/dashboard/M8_view_dashboard.test.js,yes,,0,,0,,0,,1,29:14
spryker/commerce-k6-performance-tests,https://github.com/spryker/commerce-k6-performance-tests,src/pages/mp/login.page.js,yes,,0,,0,,0,,0,
spryker/commerce-k6-performance-tests,https://github.com/spryker/commerce-k6-performance-tests,src/tests/cart/SAPI35_change_quantity_cart_items.test.js,yes,,0,,0,,0,,1,29:14
spryker/commerce-k6-performance-tests,https://github.com/spryker/commerce-k6-performance-tests,src/tests/product-search/SAPI14_product_search_by_filters.test.js,yes,,0,,0,,0,,1,24:14
spryker/commerce-k6-performance-tests,https://github.com/spryker/commerce-k6-performance-tests,src/tests/order-amendment/SAPI20_order_amendment_70.test.js,yes,,0,,0,,0,,1,40:14
spryker/commerce-k6-performance-tests,https://github.com/spryker/commerce-k6-performance-tests,src/tests/category/SAPI10_view_categories.test.js,yes,,0,,0,,0,,1,23:14
spryker/commerce-k6-performance-tests,https://github.com/spryker/commerce-k6-performance-tests,src/pages/bo/sales.page.js,yes,,0,,0,,4,15:27; 37:32; 50:33; 67:34,0,
spryker/commerce-k6-performance-tests,https://github.com/spryker/commerce-k6-performance-tests,src/tests/marketplace/B12_marketplace_orders.test.js,yes,,0,,0,,0,,1,33:14
spryker/commerce-k6-performance-tests,https://github.com/spryker/commerce-k6-performance-tests,src/tests/cart/S19_add_to_cart.test.js,yes,,0,,0,,0,,1,28:14
spryker/commerce-k6-performance-tests,https://github.com/spryker/commerce-k6-performance-tests,src/tests/homepage/S1_view_homepage.test.js,yes,,0,,0,,0,,1,23:14
spryker/commerce-k6-performance-tests,https://github.com/spryker/commerce-k6-performance-tests,src/tests/checkout/SAPI7_checkout_1.test.js,yes,,0,,0,,0,,1,26:14
spryker/commerce-k6-performance-tests,https://github.com/spryker/commerce-k6-performance-tests,src/tests/cart/SAPI32_cart_by_id_70.test.js,yes,,0,,0,,0,,1,25:14
spryker/commerce-k6-performance-tests,https://github.com/spryker/commerce-k6-performance-tests,src/tests/cart/SAPI31_guest_cart_items.test.js,yes,,0,,0,,0,,1,29:14
spryker/commerce-k6-performance-tests,https://github.com/spryker/commerce-k6-performance-tests,src/tests/homepage/SAPI1_view_homepage.test.js,yes,,0,,0,,0,,1,24:14
spryker/commerce-k6-performance-tests,https://github.com/spryker/commerce-k6-performance-tests,src/tests/cart/SAPI5_cart_include_item_1.test.js,yes,,0,,0,,0,,1,24:14
spryker/commerce-k6-performance-tests,https://github.com/spryker/commerce-k6-performance-tests,src/tests/product/S8_product_detail_page.test.js,yes,,0,,0,,0,,1,24:14
spryker/commerce-k6-performance-tests,https://github.com/spryker/commerce-k6-performance-tests,src/tests/access-token/SAPI42_access_token.test.js,yes,,0,,0,,0,,1,23:14
spryker/commerce-k6-performance-tests,https://github.com/spryker/commerce-k6-performance-tests,src/tests/product-search/S2_product_search_1.test.js,yes,,0,,0,,0,,1,24:14
spryker/commerce-k6-performance-tests,https://github.com/spryker/commerce-k6-performance-tests,src/tests/product-management/B4_product_create.test.js,yes,,0,,0,,0,,1,28:14
spryker/commerce-k6-performance-tests,https://github.com/spryker/commerce-k6-performance-tests,src/tests/product-search/SAPI2_product_search_by_sku_1.test.js,yes,,0,,0,,0,,1,24:14
spryker/commerce-k6-performance-tests,https://github.com/spryker/commerce-k6-performance-tests,src/tests/product-details/SAPI3_product_details_retrieve_information_1.test.js,yes,,0,,0,,0,,1,23:14
spryker/commerce-k6-performance-tests,https://github.com/spryker/commerce-k6-performance-tests,src/tests/product/SAPI12_concrete_product_all_includes_1.test.js,yes,,0,,0,,0,,1,25:14
spryker/commerce-k6-performance-tests,https://github.com/spryker/commerce-k6-performance-tests,src/tests/product/SAPI13_abstract_product_all_includes_1.test.js,yes,,0,,0,,0,,1,25:14
rafaelhbrasil/csharp_async_examples,https://github.com/rafaelhbrasil/csharp_async_examples,AsyncBenchmarks.WebApi/k6/async.js,yes,,0,,1,13:1,0,,1,4:14
rafaelhbrasil/csharp_async_examples,https://github.com/rafaelhbrasil/csharp_async_examples,AsyncBenchmarks.WebApi/k6/sync.js,yes,,0,,1,13:1,0,,1,4:14
aws-samples/powertools-for-aws-lambda-workshop,https://github.com/aws-samples/powertools-for-aws-lambda-workshop,main-workshop/load-generator/src/module2-idempotency.js,yes,,0,,0,,2,120:21; 196:21,0,
aws-samples/powertools-for-aws-lambda-workshop,https://github.com/aws-samples/powertools-for-aws-lambda-workshop,main-workshop/load-generator/src/module1-observability.js,yes,,0,,0,,0,,0,
aws-samples/powertools-for-aws-lambda-workshop,https://github.com/aws-samples/powertools-for-aws-lambda-workshop,main-workshop/load-generator/src/module3-batch-processing.js,yes,,0,,0,,2,124:21; 149:21,0,
Salonee-Jain/k6,https://github.com/Salonee-Jain/k6,admin-portal/customer/loginFlow.js,yes,,0,,0,,3,29:36; 45:23; 58:28,0,
Salonee-Jain/k6,https://github.com/Salonee-Jain/k6,website/profileFlow.js,yes,,1,36:18,0,,15,43:33; 50:27; 64:28; 72:30; 108:27; 110:28; 122:34; 134:34; 141:37; 148:32; 158:33; 170:29; 176:25; 195:26; 210:27,0,
Salonee-Jain/k6,https://github.com/Salonee-Jain/k6,admin-portal/loginFlow.js,yes,,0,,0,,3,29:36; 45:23; 58:28,0,
Salonee-Jain/k6,https://github.com/Salonee-Jain/k6,website/forgotLoginFlow.js,yes,,1,31:18,0,,5,38:33; 42:27; 54:43; 64:9; 68:47,0,
tiagoferraro/Postech.Hackthon.Kubernets,https://github.com/tiagoferraro/Postech.Hackthon.Kubernets,k6Carga/carga.js,yes,,0,,0,,0,,1,4:14
marcosborges/terraform-aws-loadtest-distribuited,https://github.com/marcosborges/terraform-aws-loadtest-distribuited,examples/plan/k6/basic.js,yes,,0,,0,,0,,0,
AimarGomez33/WorkflowDrive,https://github.com/AimarGomez33/WorkflowDrive,scripts/stress.js,yes,,0,,1,12:1,0,,1,4:12
chgenberg/functionalfoods,https://github.com/chgenberg/functionalfoods,scripts/k6/search-smoke.js,yes,,0,,0,,0,,0,
chgenberg/functionalfoods,https://github.com/chgenberg/functionalfoods,scripts/loadtest/k6-prod-readonly.js,yes,,0,,0,,0,,0,
chgenberg/functionalfoods,https://github.com/chgenberg/functionalfoods,scripts/k6/public-pages-smoke.js,yes,,0,,0,,0,,0,
davidlimacardoso/k6-multi-load-tests,https://github.com/davidlimacardoso/k6-multi-load-tests,src/scenarios/fakestore/fakestore_product_to_cart.js,yes,,0,,0,,5,35:21; 44:9; 56:21; 67:9; 79:20,0,
davidlimacardoso/k6-multi-load-tests,https://github.com/davidlimacardoso/k6-multi-load-tests,src/scenarios/fakestore/fakestore_new_user.js,yes,,0,,0,,2,41:20; 56:20,0,
davidlimacardoso/k6-multi-load-tests,https://github.com/davidlimacardoso/k6-multi-load-tests,src/scenarios/fakestore/fakestore_user_login.js,yes,,0,,0,,0,,0,
davidlimacardoso/k6-multi-load-tests,https://github.com/davidlimacardoso/k6-multi-load-tests,src/scenarios/jsonplaceholder/jsonplaceholder_get_post.js,yes,,0,,0,,0,,0,
davidlimacardoso/k6-multi-load-tests,https://github.com/davidlimacardoso/k6-multi-load-tests,src/scenarios/jsonplaceholder/jsonplaceholder_del_post.js,yes,,0,,0,,0,,0,
davidlimacardoso/k6-multi-load-tests,https://github.com/davidlimacardoso/k6-multi-load-tests,src/scenarios/jsonplaceholder/jsonplaceholder_simulate_user_post.js,yes,,0,,0,,4,32:20; 47:21; 67:20; 82:22,0,
davidlimacardoso/k6-multi-load-tests,https://github.com/davidlimacardoso/k6-multi-load-tests,example/test_product.js,yes,,0,,0,,3,24:21; 42:21; 68:21,0,
pdellaert/fbw-aircraft-git-lfs,https://github.com/pdellaert/fbw-aircraft-git-lfs,fbw-a380x/src/systems/fmgc/src/flightplanning/new/segments/enroute/WaypointLoading.spec.ts,yes,,0,,0,,0,,0,
wizenheimer/periscope,https://github.com/wizenheimer/periscope,scripts/openai-prefix-caching.js,yes,,0,,0,,0,,1,36:14
wizenheimer/periscope,https://github.com/wizenheimer/periscope,scripts/openai-embeddings-spike.js,yes,,0,,0,,0,,0,
wizenheimer/periscope,https://github.com/wizenheimer/periscope,scripts/openai-benchmark.js,yes,,0,,0,,0,,1,74:14
wizenheimer/periscope,https://github.com/wizenheimer/periscope,scripts/openai-completions-prefill-heavy.js,yes,,0,,0,,0,,0,
wizenheimer/periscope,https://github.com/wizenheimer/periscope,scripts/openai-batch-emebeddings.js,yes,,0,,0,,0,,1,33:14
wizenheimer/periscope,https://github.com/wizenheimer/periscope,scripts/openai-completions-recovery.js,yes,,0,,0,,0,,0,
wizenheimer/periscope,https://github.com/wizenheimer/periscope,scripts/openai-embeddings-recovery.js,yes,,0,,0,,0,,0,
wizenheimer/periscope,https://github.com/wizenheimer/periscope,scripts/openai-completions-stress.js,yes,,0,,0,,0,,0,
wizenheimer/periscope,https://github.com/wizenheimer/periscope,scripts/openai-completions-spike.js,yes,,0,,0,,0,,0,
wizenheimer/periscope,https://github.com/wizenheimer/periscope,scripts/openai-embeddings-stress.js,yes,,0,,0,,0,,0,
wizenheimer/periscope,https://github.com/wizenheimer/periscope,scripts/openai-completions-soak.js,yes,,0,,0,,0,,0,
wizenheimer/periscope,https://github.com/wizenheimer/periscope,scripts/openai-completions-decode-heavy-skip-prefix.js,yes,,0,,0,,0,,0,
wizenheimer/periscope,https://github.com/wizenheimer/periscope,scripts/openai-completions-prefill-heavy-skip-prefix.js,yes,,0,,0,,0,,0,
wizenheimer/periscope,https://github.com/wizenheimer/periscope,scripts/openai-completions-decode-heavy.js,yes,,0,,0,,0,,0,
wizenheimer/periscope,https://github.com/wizenheimer/periscope,scripts/openai-embeddings-soak.js,yes,,0,,0,,0,,0,
wizenheimer/periscope,https://github.com/wizenheimer/periscope,scripts/openai-embeddings.js,yes,,0,,0,,0,,1,22:14
wizenheimer/periscope,https://github.com/wizenheimer/periscope,scripts/openai-completions.js,yes,,0,,0,,0,,1,32:14
CanAISolutions/canai-cursor-codex-v6.1.4,https://github.com/CanAISolutions/canai-cursor-codex-v6.1.4,workspace-organization/01-foundation/tracking/production-metrics-integration.ts,yes,,0,,0,,0,,0,
RajakumaranC/Yaos,https://github.com/RajakumaranC/Yaos,src/Products.Api.LoadTest.js,yes,,0,,0,,0,,0,
somospragma/qa-performance-k6,https://github.com/somospragma/qa-performance-k6,reqres_get.js,yes,,0,,1,11:1,0,,1,6:14
somospragma/qa-performance-k6,https://github.com/somospragma/qa-performance-k6,reqres_post.js,yes,,0,,1,10:1,0,,1,5:14
pwllxqc/amelichka,https://github.com/pwllxqc/amelichka,loadtest.js,yes,,0,,0,,2,19:13; 28:13,0,
QAInsights/Learn-k6-Series,https://github.com/QAInsights/Learn-k6-Series,helloWorld/hello.js,yes,,0,,1,11:1,0,,1,5:12
QAInsights/Learn-k6-Series,https://github.com/QAInsights/Learn-k6-Series,dataRead_v2/main.js,yes,,2,22:15; 22:26,1,24:1,0,,1,7:14
QAInsights/Learn-k6-Series,https://github.com/QAInsights/Learn-k6-Series,onlineBoutique/online-boutique.js,yes,,0,,0,,4,20:18; 42:26; 54:19; 63:18,0,
DaniTavaresSantos/NotificationService,https://github.com/DaniTavaresSantos/NotificationService,LoadTest/loadtest_script.js,yes,,0,,0,,2,45:21; 48:3,0,
avp365/hl-sn,https://github.com/avp365/hl-sn,.infra/srv/k6/scripts/1000r.js,yes,,0,,1,11:1,0,,0,
avp365/hl-sn,https://github.com/avp365/hl-sn,.infra/srv/k6/scripts/1r.js,yes,,0,,1,11:1,0,,0,
avp365/hl-sn,https://github.com/avp365/hl-sn,.infra/srv/k6/scripts/10r.js,yes,,0,,1,11:1,0,,0,
avp365/hl-sn,https://github.com/avp365/hl-sn,.infra/srv/k6/scripts/100r.js,yes,,0,,1,11:1,0,,0,
avp365/hl-sn,https://github.com/avp365/hl-sn,.infra/srv/k6/scripts/hl_test_async_replica.js,yes,,0,,1,11:1,0,,0,
quantlibjs/test-suite,https://github.com/quantlibjs/test-suite,dates.mjs,yes,,0,,0,,0,,0,
jyasuu/rs-benchmark,https://github.com/jyasuu/rs-benchmark,postgres.k6.js,yes,,0,,0,,0,,1,4:14
copyleftdev/k6_project,https://github.com/copyleftdev/k6_project,script.js,yes,,0,,0,,0,,0,
576576/hadesbot-lite,https://github.com/576576/hadesbot-lite,src/index.ts,yes,,0,,0,,0,,0,
andrejarmen751/myshell,https://github.com/andrejarmen751/myshell,modules/docker/k6/scripts/httpd-pro-a/httpd-pro-a.js,yes,,0,,1,18:1,0,,1,4:14
andrejarmen751/myshell,https://github.com/andrejarmen751/myshell,modules/docker/k6/scripts/snapt/snapt.js,yes,,0,,1,12:1,0,,1,4:14
andrejarmen751/myshell,https://github.com/andrejarmen751/myshell,modules/docker/k6/scripts/localhost/localhost.js,yes,,0,,0,,0,,1,5:14
andrejarmen751/myshell,https://github.com/andrejarmen751/myshell,modules/docker/k6/scripts/minio/minio.js,yes,,0,,1,18:1,0,,1,4:14
andrejarmen751/myshell,https://github.com/andrejarmen751/myshell,modules/docker/k6/scripts/aplic/aplic.js,yes,,0,,1,18:1,0,,1,4:14
andrejarmen751/myshell,https://github.com/andrejarmen751/myshell,modules/docker/k6/scripts/repo/repo.js,yes,,0,,1,12:1,0,,1,4:14
andrejarmen751/myshell,https://github.com/andrejarmen751/myshell,modules/docker/k6/scripts/httpd-stg-a/httpd-stg-a.js,yes,,0,,1,18:1,0,,1,4:14
andrejarmen751/myshell,https://github.com/andrejarmen751/myshell,modules/docker/k6/scripts/httpd-stg-b/httpd-stg-b.js,yes,,0,,1,18:1,0,,1,4:14
andrejarmen751/myshell,https://github.com/andrejarmen751/myshell,modules/docker/k6/scripts/httpd-rancher1.6/httpd-rancher1.6.js,yes,,0,,1,18:1,0,,1,4:14